0 W 0 2048 1
1 W 2048 2048 1
2 W 4096 2048 1
3 W 6144 2048 1
4 W 8192 2048 1
5 W 10240 2048 1
6 W 12288 2048 1
7 W 14336 2048 1
8 W 16384 2048 1
9 W 18432 2048 1
10 W 20480 2048 1
11 W 22528 2048 1
12 W 24576 2048 1
13 W 26624 2048 1
14 W 28672 2048 1
15 W 30720 2048 1
16 W 32768 2048 1
17 W 34816 2048 1
18 W 36864 2048 1
19 W 38912 2048 1
20 W 40960 2048 1
21 W 43008 2048 1
22 W 45056 2048 1
23 W 47104 2048 1
24 W 49152 2048 1
25 W 51200 2048 1
26 W 53248 2048 1
27 W 55296 2048 1
28 W 57344 2048 1
29 W 59392 2048 1
30 W 61440 2048 1
31 W 63488 2048 1
32 W 65536 2048 1
33 W 67584 2048 1
34 W 69632 2048 1
35 W 71680 2048 1
36 W 73728 2048 1
37 W 75776 2048 1
38 W 77824 2048 1
39 W 79872 2048 1
40 W 81920 2048 1
41 W 83968 2048 1
42 W 86016 2048 1
43 W 88064 2048 1
44 W 90112 2048 1
45 W 92160 2048 1
46 W 94208 2048 1
47 W 96256 2048 1
48 W 98304 2048 1
49 W 100352 2048 1
50 W 102400 2048 1
51 W 104448 2048 1
52 W 106496 2048 1
53 W 108544 2048 1
54 W 110592 2048 1
55 W 112640 2048 1
56 W 114688 2048 1
57 W 116736 2048 1
58 W 118784 2048 1
59 W 120832 2048 1
60 W 122880 2048 1
61 W 124928 2048 1
62 W 126976 2048 1
63 W 129024 2048 1
64 W 131072 2048 1
65 W 133120 2048 1
66 W 135168 2048 1
67 W 137216 2048 1
68 W 139264 2048 1
69 W 141312 2048 1
70 W 143360 2048 1
71 W 145408 2048 1
72 W 147456 2048 1
73 W 149504 2048 1
74 W 151552 2048 1
75 W 153600 2048 1
76 W 155648 2048 1
77 W 157696 2048 1
78 W 159744 2048 1
79 W 161792 2048 1
80 W 163840 2048 1
81 W 165888 2048 1
82 W 167936 2048 1
83 W 169984 2048 1
84 W 172032 2048 1
85 W 174080 2048 1
86 W 176128 2048 1
87 W 178176 2048 1
88 W 180224 2048 1
89 W 182272 2048 1
90 W 184320 2048 1
91 W 186368 2048 1
92 W 188416 2048 1
93 W 190464 2048 1
94 W 192512 2048 1
95 W 194560 2048 1
96 W 196608 2048 1
97 W 198656 2048 1
98 W 200704 2048 1
99 W 202752 2048 1
100 W 204800 2048 1
101 W 206848 2048 1
102 W 208896 2048 1
103 W 210944 2048 1
104 W 212992 2048 1
105 W 215040 2048 1
106 W 217088 2048 1
107 W 219136 2048 1
108 W 221184 2048 1
109 W 223232 2048 1
110 W 225280 2048 1
111 W 227328 2048 1
112 W 229376 2048 1
113 W 231424 2048 1
114 W 233472 2048 1
115 W 235520 2048 1
116 W 237568 2048 1
117 W 239616 2048 1
118 W 241664 2048 1
119 W 243712 2048 1
120 W 245760 2048 1
121 W 247808 2048 1
122 W 249856 2048 1
123 W 251904 2048 1
124 W 253952 2048 1
125 W 256000 2048 1
126 W 258048 2048 1
127 W 260096 2048 1
128 W 262144 2048 1
129 W 264192 2048 1
130 W 266240 2048 1
131 W 268288 2048 1
132 W 270336 2048 1
133 W 272384 2048 1
134 W 274432 2048 1
135 W 276480 2048 1
136 W 278528 2048 1
137 W 280576 2048 1
138 W 282624 2048 1
139 W 284672 2048 1
140 W 286720 2048 1
141 W 288768 2048 1
142 W 290816 2048 1
143 W 292864 2048 1
144 W 294912 2048 1
145 W 296960 2048 1
146 W 299008 2048 1
147 W 301056 2048 1
148 W 303104 2048 1
149 W 305152 2048 1
150 W 307200 2048 1
151 W 309248 2048 1
152 W 311296 2048 1
153 W 313344 2048 1
154 W 315392 2048 1
155 W 317440 2048 1
156 W 319488 2048 1
157 W 321536 2048 1
158 W 323584 2048 1
159 W 325632 2048 1
160 W 327680 2048 1
161 W 329728 2048 1
162 W 331776 2048 1
163 W 333824 2048 1
164 W 335872 2048 1
165 W 337920 2048 1
166 W 339968 2048 1
167 W 342016 2048 1
168 W 344064 2048 1
169 W 346112 2048 1
170 W 348160 2048 1
171 W 350208 2048 1
172 W 352256 2048 1
173 W 354304 2048 1
174 W 356352 2048 1
175 W 358400 2048 1
176 W 360448 2048 1
177 W 362496 2048 1
178 W 364544 2048 1
179 W 366592 2048 1
180 W 368640 2048 1
181 W 370688 2048 1
182 W 372736 2048 1
183 W 374784 2048 1
184 W 376832 2048 1
185 W 378880 2048 1
186 W 380928 2048 1
187 W 382976 2048 1
188 W 385024 2048 1
189 W 387072 2048 1
190 W 389120 2048 1
191 W 391168 2048 1
192 W 393216 2048 1
193 W 395264 2048 1
194 W 397312 2048 1
195 W 399360 2048 1
196 W 401408 2048 1
197 W 403456 2048 1
198 W 405504 2048 1
199 W 407552 2048 1
200 W 409600 2048 1
201 W 411648 2048 1
202 W 413696 2048 1
203 W 415744 2048 1
204 W 417792 2048 1
205 W 419840 2048 1
206 W 421888 2048 1
207 W 423936 2048 1
208 W 425984 2048 1
209 W 428032 2048 1
210 W 430080 2048 1
211 W 432128 2048 1
212 W 434176 2048 1
213 W 436224 2048 1
214 W 438272 2048 1
215 W 440320 2048 1
216 W 442368 2048 1
217 W 444416 2048 1
218 W 446464 2048 1
219 W 448512 2048 1
220 W 450560 2048 1
221 W 452608 2048 1
222 W 454656 2048 1
223 W 456704 2048 1
224 W 458752 2048 1
225 W 460800 2048 1
226 W 462848 2048 1
227 W 464896 2048 1
228 W 466944 2048 1
229 W 468992 2048 1
230 W 471040 2048 1
231 W 473088 2048 1
232 W 475136 2048 1
233 W 477184 2048 1
234 W 479232 2048 1
235 W 481280 2048 1
236 W 483328 2048 1
237 W 485376 2048 1
238 W 487424 2048 1
239 W 489472 2048 1
240 W 491520 2048 1
241 W 493568 2048 1
242 W 495616 2048 1
243 W 497664 2048 1
244 W 499712 2048 1
245 W 501760 2048 1
246 W 503808 2048 1
247 W 505856 2048 1
248 W 507904 2048 1
249 W 509952 2048 1
250 W 512000 2048 1
251 W 514048 2048 1
252 W 516096 2048 1
253 W 518144 2048 1
254 W 520192 2048 1
255 W 522240 2048 1
256 W 524288 2048 1
257 W 526336 2048 1
258 W 528384 2048 1
259 W 530432 2048 1
260 W 532480 2048 1
261 W 534528 2048 1
262 W 536576 2048 1
263 W 538624 2048 1
264 W 540672 2048 1
265 W 542720 2048 1
266 W 544768 2048 1
267 W 546816 2048 1
268 W 548864 2048 1
269 W 550912 2048 1
270 W 552960 2048 1
271 W 555008 2048 1
272 W 557056 2048 1
273 W 559104 2048 1
274 W 561152 2048 1
275 W 563200 2048 1
276 W 565248 2048 1
277 W 567296 2048 1
278 W 569344 2048 1
279 W 571392 2048 1
280 W 573440 2048 1
281 W 575488 2048 1
282 W 577536 2048 1
283 W 579584 2048 1
284 W 581632 2048 1
285 W 583680 2048 1
286 W 585728 2048 1
287 W 587776 2048 1
288 W 589824 2048 1
289 W 591872 2048 1
290 W 593920 2048 1
291 W 595968 2048 1
292 W 598016 2048 1
293 W 600064 2048 1
294 W 602112 2048 1
295 W 604160 2048 1
296 W 606208 2048 1
297 W 608256 2048 1
298 W 610304 2048 1
299 W 612352 2048 1
300 W 614400 2048 1
301 W 616448 2048 1
302 W 618496 2048 1
303 W 620544 2048 1
304 W 622592 2048 1
305 W 624640 2048 1
306 W 626688 2048 1
307 W 628736 2048 1
308 W 630784 2048 1
309 W 632832 2048 1
310 W 634880 2048 1
311 W 636928 2048 1
312 W 638976 2048 1
313 W 641024 2048 1
314 W 643072 2048 1
315 W 645120 2048 1
316 W 647168 2048 1
317 W 649216 2048 1
318 W 651264 2048 1
319 W 653312 2048 1
320 W 655360 2048 1
321 W 657408 2048 1
322 W 659456 2048 1
323 W 661504 2048 1
324 W 663552 2048 1
325 W 665600 2048 1
326 W 667648 2048 1
327 W 669696 2048 1
328 W 671744 2048 1
329 W 673792 2048 1
330 W 675840 2048 1
331 W 677888 2048 1
332 W 679936 2048 1
333 W 681984 2048 1
334 W 684032 2048 1
335 W 686080 2048 1
336 W 688128 2048 1
337 W 690176 2048 1
338 W 692224 2048 1
339 W 694272 2048 1
340 W 696320 2048 1
341 W 698368 2048 1
342 W 700416 2048 1
343 W 702464 2048 1
344 W 704512 2048 1
345 W 706560 2048 1
346 W 708608 2048 1
347 W 710656 2048 1
348 W 712704 2048 1
349 W 714752 2048 1
350 W 716800 2048 1
351 W 718848 2048 1
352 W 720896 2048 1
353 W 722944 2048 1
354 W 724992 2048 1
355 W 727040 2048 1
356 W 729088 2048 1
357 W 731136 2048 1
358 W 733184 2048 1
359 W 735232 2048 1
360 W 737280 2048 1
361 W 739328 2048 1
362 W 741376 2048 1
363 W 743424 2048 1
364 W 745472 2048 1
365 W 747520 2048 1
366 W 749568 2048 1
367 W 751616 2048 1
368 W 753664 2048 1
369 W 755712 2048 1
370 W 757760 2048 1
371 W 759808 2048 1
372 W 761856 2048 1
373 W 763904 2048 1
374 W 765952 2048 1
375 W 768000 2048 1
376 W 770048 2048 1
377 W 772096 2048 1
378 W 774144 2048 1
379 W 776192 2048 1
380 W 778240 2048 1
381 W 780288 2048 1
382 W 782336 2048 1
383 W 784384 2048 1
384 W 786432 2048 1
385 W 788480 2048 1
386 W 790528 2048 1
387 W 792576 2048 1
388 W 794624 2048 1
389 W 796672 2048 1
390 W 798720 2048 1
391 W 800768 2048 1
392 W 802816 2048 1
393 W 804864 2048 1
394 W 806912 2048 1
395 W 808960 2048 1
396 W 811008 2048 1
397 W 813056 2048 1
398 W 815104 2048 1
399 W 817152 2048 1
400 W 819200 2048 1
401 W 821248 2048 1
402 W 823296 2048 1
403 W 825344 2048 1
404 W 827392 2048 1
405 W 829440 2048 1
406 W 831488 2048 1
407 W 833536 2048 1
408 W 835584 2048 1
409 W 837632 2048 1
410 W 839680 2048 1
411 W 841728 2048 1
412 W 843776 2048 1
413 W 845824 2048 1
414 W 847872 2048 1
415 W 849920 2048 1
416 W 851968 2048 1
417 W 854016 2048 1
418 W 856064 2048 1
419 W 858112 2048 1
420 W 860160 2048 1
421 W 862208 2048 1
422 W 864256 2048 1
423 W 866304 2048 1
424 W 868352 2048 1
425 W 870400 2048 1
426 W 872448 2048 1
427 W 874496 2048 1
428 W 876544 2048 1
429 W 878592 2048 1
430 W 880640 2048 1
431 W 882688 2048 1
432 W 884736 2048 1
433 W 886784 2048 1
434 W 888832 2048 1
435 W 890880 2048 1
436 W 892928 2048 1
437 W 894976 2048 1
438 W 897024 2048 1
439 W 899072 2048 1
440 W 901120 2048 1
441 W 903168 2048 1
442 W 905216 2048 1
443 W 907264 2048 1
444 W 909312 2048 1
445 W 911360 2048 1
446 W 913408 2048 1
447 W 915456 2048 1
448 W 917504 2048 1
449 W 919552 2048 1
450 W 921600 2048 1
451 W 923648 2048 1
452 W 925696 2048 1
453 W 927744 2048 1
454 W 929792 2048 1
455 W 931840 2048 1
456 W 933888 2048 1
457 W 935936 2048 1
458 W 937984 2048 1
459 W 940032 2048 1
460 W 942080 2048 1
461 W 944128 2048 1
462 W 946176 2048 1
463 W 948224 2048 1
464 W 950272 2048 1
465 W 952320 2048 1
466 W 954368 2048 1
467 W 956416 2048 1
468 W 958464 2048 1
469 W 960512 2048 1
470 W 962560 2048 1
471 W 964608 2048 1
472 W 966656 2048 1
473 W 968704 2048 1
474 W 970752 2048 1
475 W 972800 2048 1
476 W 974848 2048 1
477 W 976896 2048 1
478 W 978944 2048 1
479 W 980992 2048 1
480 W 983040 2048 1
481 W 985088 2048 1
482 W 987136 2048 1
483 W 989184 2048 1
484 W 991232 2048 1
485 W 993280 2048 1
486 W 995328 2048 1
487 W 997376 2048 1
488 W 999424 2048 1
489 W 1001472 2048 1
490 W 1003520 2048 1
491 W 1005568 2048 1
492 W 1007616 2048 1
493 W 1009664 2048 1
494 W 1011712 2048 1
495 W 1013760 2048 1
496 W 1015808 2048 1
497 W 1017856 2048 1
498 W 1019904 2048 1
499 W 1021952 2048 1
500 W 1024000 2048 1
501 W 1026048 2048 1
502 W 1028096 2048 1
503 W 1030144 2048 1
504 W 1032192 2048 1
505 W 1034240 2048 1
506 W 1036288 2048 1
507 W 1038336 2048 1
508 W 1040384 2048 1
509 W 1042432 2048 1
510 W 1044480 2048 1
511 W 1046528 2048 1
512 W 1048576 2048 1
513 W 1050624 2048 1
514 W 1052672 2048 1
515 W 1054720 2048 1
516 W 1056768 2048 1
517 W 1058816 2048 1
518 W 1060864 2048 1
519 W 1062912 2048 1
520 W 1064960 2048 1
521 W 1067008 2048 1
522 W 1069056 2048 1
523 W 1071104 2048 1
524 W 1073152 2048 1
525 W 1075200 2048 1
526 W 1077248 2048 1
527 W 1079296 2048 1
528 W 1081344 2048 1
529 W 1083392 2048 1
530 W 1085440 2048 1
531 W 1087488 2048 1
532 W 1089536 2048 1
533 W 1091584 2048 1
534 W 1093632 2048 1
535 W 1095680 2048 1
536 W 1097728 2048 1
537 W 1099776 2048 1
538 W 1101824 2048 1
539 W 1103872 2048 1
540 W 1105920 2048 1
541 W 1107968 2048 1
542 W 1110016 2048 1
543 W 1112064 2048 1
544 W 1114112 2048 1
545 W 1116160 2048 1
546 W 1118208 2048 1
547 W 1120256 2048 1
548 W 1122304 2048 1
549 W 1124352 2048 1
550 W 1126400 2048 1
551 W 1128448 2048 1
552 W 1130496 2048 1
553 W 1132544 2048 1
554 W 1134592 2048 1
555 W 1136640 2048 1
556 W 1138688 2048 1
557 W 1140736 2048 1
558 W 1142784 2048 1
559 W 1144832 2048 1
560 W 1146880 2048 1
561 W 1148928 2048 1
562 W 1150976 2048 1
563 W 1153024 2048 1
564 W 1155072 2048 1
565 W 1157120 2048 1
566 W 1159168 2048 1
567 W 1161216 2048 1
568 W 1163264 2048 1
569 W 1165312 2048 1
570 W 1167360 2048 1
571 W 1169408 2048 1
572 W 1171456 2048 1
573 W 1173504 2048 1
574 W 1175552 2048 1
575 W 1177600 2048 1
576 W 1179648 2048 1
577 W 1181696 2048 1
578 W 1183744 2048 1
579 W 1185792 2048 1
580 W 1187840 2048 1
581 W 1189888 2048 1
582 W 1191936 2048 1
583 W 1193984 2048 1
584 W 1196032 2048 1
585 W 1198080 2048 1
586 W 1200128 2048 1
587 W 1202176 2048 1
588 W 1204224 2048 1
589 W 1206272 2048 1
590 W 1208320 2048 1
591 W 1210368 2048 1
592 W 1212416 2048 1
593 W 1214464 2048 1
594 W 1216512 2048 1
595 W 1218560 2048 1
596 W 1220608 2048 1
597 W 1222656 2048 1
598 W 1224704 2048 1
599 W 1226752 2048 1
600 W 1228800 2048 1
601 W 1230848 2048 1
602 W 1232896 2048 1
603 W 1234944 2048 1
604 W 1236992 2048 1
605 W 1239040 2048 1
606 W 1241088 2048 1
607 W 1243136 2048 1
608 W 1245184 2048 1
609 W 1247232 2048 1
610 W 1249280 2048 1
611 W 1251328 2048 1
612 W 1253376 2048 1
613 W 1255424 2048 1
614 W 1257472 2048 1
615 W 1259520 2048 1
616 W 1261568 2048 1
617 W 1263616 2048 1
618 W 1265664 2048 1
619 W 1267712 2048 1
620 W 1269760 2048 1
621 W 1271808 2048 1
622 W 1273856 2048 1
623 W 1275904 2048 1
624 W 1277952 2048 1
625 W 1280000 2048 1
626 W 1282048 2048 1
627 W 1284096 2048 1
628 W 1286144 2048 1
629 W 1288192 2048 1
630 W 1290240 2048 1
631 W 1292288 2048 1
632 W 1294336 2048 1
633 W 1296384 2048 1
634 W 1298432 2048 1
635 W 1300480 2048 1
636 W 1302528 2048 1
637 W 1304576 2048 1
638 W 1306624 2048 1
639 W 1308672 2048 1
640 W 1310720 2048 1
641 W 1312768 2048 1
642 W 1314816 2048 1
643 W 1316864 2048 1
644 W 1318912 2048 1
645 W 1320960 2048 1
646 W 1323008 2048 1
647 W 1325056 2048 1
648 W 1327104 2048 1
649 W 1329152 2048 1
650 W 1331200 2048 1
651 W 1333248 2048 1
652 W 1335296 2048 1
653 W 1337344 2048 1
654 W 1339392 2048 1
655 W 1341440 2048 1
656 W 1343488 2048 1
657 W 1345536 2048 1
658 W 1347584 2048 1
659 W 1349632 2048 1
660 W 1351680 2048 1
661 W 1353728 2048 1
662 W 1355776 2048 1
663 W 1357824 2048 1
664 W 1359872 2048 1
665 W 1361920 2048 1
666 W 1363968 2048 1
667 W 1366016 2048 1
668 W 1368064 2048 1
669 W 1370112 2048 1
670 W 1372160 2048 1
671 W 1374208 2048 1
672 W 1376256 2048 1
673 W 1378304 2048 1
674 W 1380352 2048 1
675 W 1382400 2048 1
676 W 1384448 2048 1
677 W 1386496 2048 1
678 W 1388544 2048 1
679 W 1390592 2048 1
680 W 1392640 2048 1
681 W 1394688 2048 1
682 W 1396736 2048 1
683 W 1398784 2048 1
684 W 1400832 2048 1
685 W 1402880 2048 1
686 W 1404928 2048 1
687 W 1406976 2048 1
688 W 1409024 2048 1
689 W 1411072 2048 1
690 W 1413120 2048 1
691 W 1415168 2048 1
692 W 1417216 2048 1
693 W 1419264 2048 1
694 W 1421312 2048 1
695 W 1423360 2048 1
696 W 1425408 2048 1
697 W 1427456 2048 1
698 W 1429504 2048 1
699 W 1431552 2048 1
700 W 1433600 2048 1
701 W 1435648 2048 1
702 W 1437696 2048 1
703 W 1439744 2048 1
704 W 1441792 2048 1
705 W 1443840 2048 1
706 W 1445888 2048 1
707 W 1447936 2048 1
708 W 1449984 2048 1
709 W 1452032 2048 1
710 W 1454080 2048 1
711 W 1456128 2048 1
712 W 1458176 2048 1
713 W 1460224 2048 1
714 W 1462272 2048 1
715 W 1464320 2048 1
716 W 1466368 2048 1
717 W 1468416 2048 1
718 W 1470464 2048 1
719 W 1472512 2048 1
720 W 1474560 2048 1
721 W 1476608 2048 1
722 W 1478656 2048 1
723 W 1480704 2048 1
724 W 1482752 2048 1
725 W 1484800 2048 1
726 W 1486848 2048 1
727 W 1488896 2048 1
728 W 1490944 2048 1
729 W 1492992 2048 1
730 W 1495040 2048 1
731 W 1497088 2048 1
732 W 1499136 2048 1
733 W 1501184 2048 1
734 W 1503232 2048 1
735 W 1505280 2048 1
736 W 1507328 2048 1
737 W 1509376 2048 1
738 W 1511424 2048 1
739 W 1513472 2048 1
740 W 1515520 2048 1
741 W 1517568 2048 1
742 W 1519616 2048 1
743 W 1521664 2048 1
744 W 1523712 2048 1
745 W 1525760 2048 1
746 W 1527808 2048 1
747 W 1529856 2048 1
748 W 1531904 2048 1
749 W 1533952 2048 1
750 W 1536000 2048 1
751 W 1538048 2048 1
752 W 1540096 2048 1
753 W 1542144 2048 1
754 W 1544192 2048 1
755 W 1546240 2048 1
756 W 1548288 2048 1
757 W 1550336 2048 1
758 W 1552384 2048 1
759 W 1554432 2048 1
760 W 1556480 2048 1
761 W 1558528 2048 1
762 W 1560576 2048 1
763 W 1562624 2048 1
764 W 1564672 2048 1
765 W 1566720 2048 1
766 W 1568768 2048 1
767 W 1570816 2048 1
768 W 1572864 2048 1
769 W 1574912 2048 1
770 W 1576960 2048 1
771 W 1579008 2048 1
772 W 1581056 2048 1
773 W 1583104 2048 1
774 W 1585152 2048 1
775 W 1587200 2048 1
776 W 1589248 2048 1
777 W 1591296 2048 1
778 W 1593344 2048 1
779 W 1595392 2048 1
780 W 1597440 2048 1
781 W 1599488 2048 1
782 W 1601536 2048 1
783 W 1603584 2048 1
784 W 1605632 2048 1
785 W 1607680 2048 1
786 W 1609728 2048 1
787 W 1611776 2048 1
788 W 1613824 2048 1
789 W 1615872 2048 1
790 W 1617920 2048 1
791 W 1619968 2048 1
792 W 1622016 2048 1
793 W 1624064 2048 1
794 W 1626112 2048 1
795 W 1628160 2048 1
796 W 1630208 2048 1
797 W 1632256 2048 1
798 W 1634304 2048 1
799 W 1636352 2048 1
800 W 1638400 2048 1
801 W 1640448 2048 1
802 W 1642496 2048 1
803 W 1644544 2048 1
804 W 1646592 2048 1
805 W 1648640 2048 1
806 W 1650688 2048 1
807 W 1652736 2048 1
808 W 1654784 2048 1
809 W 1656832 2048 1
810 W 1658880 2048 1
811 W 1660928 2048 1
812 W 1662976 2048 1
813 W 1665024 2048 1
814 W 1667072 2048 1
815 W 1669120 2048 1
816 W 1671168 2048 1
817 W 1673216 2048 1
818 W 1675264 2048 1
819 W 1677312 2048 1
820 W 1679360 2048 1
821 W 1681408 2048 1
822 W 1683456 2048 1
823 W 1685504 2048 1
824 W 1687552 2048 1
825 W 1689600 2048 1
826 W 1691648 2048 1
827 W 1693696 2048 1
828 W 1695744 2048 1
829 W 1697792 2048 1
830 W 1699840 2048 1
831 W 1701888 2048 1
832 W 1703936 2048 1
833 W 1705984 2048 1
834 W 1708032 2048 1
835 W 1710080 2048 1
836 W 1712128 2048 1
837 W 1714176 2048 1
838 W 1716224 2048 1
839 W 1718272 2048 1
840 W 1720320 2048 1
841 W 1722368 2048 1
842 W 1724416 2048 1
843 W 1726464 2048 1
844 W 1728512 2048 1
845 W 1730560 2048 1
846 W 1732608 2048 1
847 W 1734656 2048 1
848 W 1736704 2048 1
849 W 1738752 2048 1
850 W 1740800 2048 1
851 W 1742848 2048 1
852 W 1744896 2048 1
853 W 1746944 2048 1
854 W 1748992 2048 1
855 W 1751040 2048 1
856 W 1753088 2048 1
857 W 1755136 2048 1
858 W 1757184 2048 1
859 W 1759232 2048 1
860 W 1761280 2048 1
861 W 1763328 2048 1
862 W 1765376 2048 1
863 W 1767424 2048 1
864 W 1769472 2048 1
865 W 1771520 2048 1
866 W 1773568 2048 1
867 W 1775616 2048 1
868 W 1777664 2048 1
869 W 1779712 2048 1
870 W 1781760 2048 1
871 W 1783808 2048 1
872 W 1785856 2048 1
873 W 1787904 2048 1
874 W 1789952 2048 1
875 W 1792000 2048 1
876 W 1794048 2048 1
877 W 1796096 2048 1
878 W 1798144 2048 1
879 W 1800192 2048 1
880 W 1802240 2048 1
881 W 1804288 2048 1
882 W 1806336 2048 1
883 W 1808384 2048 1
884 W 1810432 2048 1
885 W 1812480 2048 1
886 W 1814528 2048 1
887 W 1816576 2048 1
888 W 1818624 2048 1
889 W 1820672 2048 1
890 W 1822720 2048 1
891 W 1824768 2048 1
892 W 1826816 2048 1
893 W 1828864 2048 1
894 W 1830912 2048 1
895 W 1832960 2048 1
896 W 1835008 2048 1
897 W 1837056 2048 1
898 W 1839104 2048 1
899 W 1841152 2048 1
900 W 1843200 2048 1
901 W 1845248 2048 1
902 W 1847296 2048 1
903 W 1849344 2048 1
904 W 1851392 2048 1
905 W 1853440 2048 1
906 W 1855488 2048 1
907 W 1857536 2048 1
908 W 1859584 2048 1
909 W 1861632 2048 1
910 W 1863680 2048 1
911 W 1865728 2048 1
912 W 1867776 2048 1
913 W 1869824 2048 1
914 W 1871872 2048 1
915 W 1873920 2048 1
916 W 1875968 2048 1
917 W 1878016 2048 1
918 W 1880064 2048 1
919 W 1882112 2048 1
920 W 1884160 2048 1
921 W 1886208 2048 1
922 W 1888256 2048 1
923 W 1890304 2048 1
924 W 1892352 2048 1
925 W 1894400 2048 1
926 W 1896448 2048 1
927 W 1898496 2048 1
928 W 1900544 2048 1
929 W 1902592 2048 1
930 W 1904640 2048 1
931 W 1906688 2048 1
932 W 1908736 2048 1
933 W 1910784 2048 1
934 W 1912832 2048 1
935 W 1914880 2048 1
936 W 1916928 2048 1
937 W 1918976 2048 1
938 W 1921024 2048 1
939 W 1923072 2048 1
940 W 1925120 2048 1
941 W 1927168 2048 1
942 W 1929216 2048 1
943 W 1931264 2048 1
944 W 1933312 2048 1
945 W 1935360 2048 1
946 W 1937408 2048 1
947 W 1939456 2048 1
948 W 1941504 2048 1
949 W 1943552 2048 1
950 W 1945600 2048 1
951 W 1947648 2048 1
952 W 1949696 2048 1
953 W 1951744 2048 1
954 W 1953792 2048 1
955 W 1955840 2048 1
956 W 1957888 2048 1
957 W 1959936 2048 1
958 W 1961984 2048 1
959 W 1964032 2048 1
960 W 1966080 2048 1
961 W 1968128 2048 1
962 W 1970176 2048 1
963 W 1972224 2048 1
964 W 1974272 2048 1
965 W 1976320 2048 1
966 W 1978368 2048 1
967 W 1980416 2048 1
968 W 1982464 2048 1
969 W 1984512 2048 1
970 W 1986560 2048 1
971 W 1988608 2048 1
972 W 1990656 2048 1
973 W 1992704 2048 1
974 W 1994752 2048 1
975 W 1996800 2048 1
976 W 1998848 2048 1
977 W 2000896 2048 1
978 W 2002944 2048 1
979 W 2004992 2048 1
980 W 2007040 2048 1
981 W 2009088 2048 1
982 W 2011136 2048 1
983 W 2013184 2048 1
984 W 2015232 2048 1
985 W 2017280 2048 1
986 W 2019328 2048 1
987 W 2021376 2048 1
988 W 2023424 2048 1
989 W 2025472 2048 1
990 W 2027520 2048 1
991 W 2029568 2048 1
992 W 2031616 2048 1
993 W 2033664 2048 1
994 W 2035712 2048 1
995 W 2037760 2048 1
996 W 2039808 2048 1
997 W 2041856 2048 1
998 W 2043904 2048 1
999 W 2045952 2048 1
1000 W 2048000 2048 1
1001 W 2050048 2048 1
1002 W 2052096 2048 1
1003 W 2054144 2048 1
1004 W 2056192 2048 1
1005 W 2058240 2048 1
1006 W 2060288 2048 1
1007 W 2062336 2048 1
1008 W 2064384 2048 1
1009 W 2066432 2048 1
1010 W 2068480 2048 1
1011 W 2070528 2048 1
1012 W 2072576 2048 1
1013 W 2074624 2048 1
1014 W 2076672 2048 1
1015 W 2078720 2048 1
1016 W 2080768 2048 1
1017 W 2082816 2048 1
1018 W 2084864 2048 1
1019 W 2086912 2048 1
1020 W 2088960 2048 1
1021 W 2091008 2048 1
1022 W 2093056 2048 1
1023 W 2095104 2048 1
1024 W 2097152 2048 1
1025 W 2099200 2048 1
1026 W 2101248 2048 1
1027 W 2103296 2048 1
1028 W 2105344 2048 1
1029 W 2107392 2048 1
1030 W 2109440 2048 1
1031 W 2111488 2048 1
1032 W 2113536 2048 1
1033 W 2115584 2048 1
1034 W 2117632 2048 1
1035 W 2119680 2048 1
1036 W 2121728 2048 1
1037 W 2123776 2048 1
1038 W 2125824 2048 1
1039 W 2127872 2048 1
1040 W 2129920 2048 1
1041 W 2131968 2048 1
1042 W 2134016 2048 1
1043 W 2136064 2048 1
1044 W 2138112 2048 1
1045 W 2140160 2048 1
1046 W 2142208 2048 1
1047 W 2144256 2048 1
1048 W 2146304 2048 1
1049 W 2148352 2048 1
1050 W 2150400 2048 1
1051 W 2152448 2048 1
1052 W 2154496 2048 1
1053 W 2156544 2048 1
1054 W 2158592 2048 1
1055 W 2160640 2048 1
1056 W 2162688 2048 1
1057 W 2164736 2048 1
1058 W 2166784 2048 1
1059 W 2168832 2048 1
1060 W 2170880 2048 1
1061 W 2172928 2048 1
1062 W 2174976 2048 1
1063 W 2177024 2048 1
1064 W 2179072 2048 1
1065 W 2181120 2048 1
1066 W 2183168 2048 1
1067 W 2185216 2048 1
1068 W 2187264 2048 1
1069 W 2189312 2048 1
1070 W 2191360 2048 1
1071 W 2193408 2048 1
1072 W 2195456 2048 1
1073 W 2197504 2048 1
1074 W 2199552 2048 1
1075 W 2201600 2048 1
1076 W 2203648 2048 1
1077 W 2205696 2048 1
1078 W 2207744 2048 1
1079 W 2209792 2048 1
1080 W 2211840 2048 1
1081 W 2213888 2048 1
1082 W 2215936 2048 1
1083 W 2217984 2048 1
1084 W 2220032 2048 1
1085 W 2222080 2048 1
1086 W 2224128 2048 1
1087 W 2226176 2048 1
1088 W 2228224 2048 1
1089 W 2230272 2048 1
1090 W 2232320 2048 1
1091 W 2234368 2048 1
1092 W 2236416 2048 1
1093 W 2238464 2048 1
1094 W 2240512 2048 1
1095 W 2242560 2048 1
1096 W 2244608 2048 1
1097 W 2246656 2048 1
1098 W 2248704 2048 1
1099 W 2250752 2048 1
1100 W 2252800 2048 1
1101 W 2254848 2048 1
1102 W 2256896 2048 1
1103 W 2258944 2048 1
1104 W 2260992 2048 1
1105 W 2263040 2048 1
1106 W 2265088 2048 1
1107 W 2267136 2048 1
1108 W 2269184 2048 1
1109 W 2271232 2048 1
1110 W 2273280 2048 1
1111 W 2275328 2048 1
1112 W 2277376 2048 1
1113 W 2279424 2048 1
1114 W 2281472 2048 1
1115 W 2283520 2048 1
1116 W 2285568 2048 1
1117 W 2287616 2048 1
1118 W 2289664 2048 1
1119 W 2291712 2048 1
1120 W 2293760 2048 1
1121 W 2295808 2048 1
1122 W 2297856 2048 1
1123 W 2299904 2048 1
1124 W 2301952 2048 1
1125 W 2304000 2048 1
1126 W 2306048 2048 1
1127 W 2308096 2048 1
1128 W 2310144 2048 1
1129 W 2312192 2048 1
1130 W 2314240 2048 1
1131 W 2316288 2048 1
1132 W 2318336 2048 1
1133 W 2320384 2048 1
1134 W 2322432 2048 1
1135 W 2324480 2048 1
1136 W 2326528 2048 1
1137 W 2328576 2048 1
1138 W 2330624 2048 1
1139 W 2332672 2048 1
1140 W 2334720 2048 1
1141 W 2336768 2048 1
1142 W 2338816 2048 1
1143 W 2340864 2048 1
1144 W 2342912 2048 1
1145 W 2344960 2048 1
1146 W 2347008 2048 1
1147 W 2349056 2048 1
1148 W 2351104 2048 1
1149 W 2353152 2048 1
1150 W 2355200 2048 1
1151 W 2357248 2048 1
1152 W 2359296 2048 1
1153 W 2361344 2048 1
1154 W 2363392 2048 1
1155 W 2365440 2048 1
1156 W 2367488 2048 1
1157 W 2369536 2048 1
1158 W 2371584 2048 1
1159 W 2373632 2048 1
1160 W 2375680 2048 1
1161 W 2377728 2048 1
1162 W 2379776 2048 1
1163 W 2381824 2048 1
1164 W 2383872 2048 1
1165 W 2385920 2048 1
1166 W 2387968 2048 1
1167 W 2390016 2048 1
1168 W 2392064 2048 1
1169 W 2394112 2048 1
1170 W 2396160 2048 1
1171 W 2398208 2048 1
1172 W 2400256 2048 1
1173 W 2402304 2048 1
1174 W 2404352 2048 1
1175 W 2406400 2048 1
1176 W 2408448 2048 1
1177 W 2410496 2048 1
1178 W 2412544 2048 1
1179 W 2414592 2048 1
1180 W 2416640 2048 1
1181 W 2418688 2048 1
1182 W 2420736 2048 1
1183 W 2422784 2048 1
1184 W 2424832 2048 1
1185 W 2426880 2048 1
1186 W 2428928 2048 1
1187 W 2430976 2048 1
1188 W 2433024 2048 1
1189 W 2435072 2048 1
1190 W 2437120 2048 1
1191 W 2439168 2048 1
1192 W 2441216 2048 1
1193 W 2443264 2048 1
1194 W 2445312 2048 1
1195 W 2447360 2048 1
1196 W 2449408 2048 1
1197 W 2451456 2048 1
1198 W 2453504 2048 1
1199 W 2455552 2048 1
1200 W 2457600 2048 1
1201 W 2459648 2048 1
1202 W 2461696 2048 1
1203 W 2463744 2048 1
1204 W 2465792 2048 1
1205 W 2467840 2048 1
1206 W 2469888 2048 1
1207 W 2471936 2048 1
1208 W 2473984 2048 1
1209 W 2476032 2048 1
1210 W 2478080 2048 1
1211 W 2480128 2048 1
1212 W 2482176 2048 1
1213 W 2484224 2048 1
1214 W 2486272 2048 1
1215 W 2488320 2048 1
1216 W 2490368 2048 1
1217 W 2492416 2048 1
1218 W 2494464 2048 1
1219 W 2496512 2048 1
1220 W 2498560 2048 1
1221 W 2500608 2048 1
1222 W 2502656 2048 1
1223 W 2504704 2048 1
1224 W 2506752 2048 1
1225 W 2508800 2048 1
1226 W 2510848 2048 1
1227 W 2512896 2048 1
1228 W 2514944 2048 1
1229 W 2516992 2048 1
1230 W 2519040 2048 1
1231 W 2521088 2048 1
1232 W 2523136 2048 1
1233 W 2525184 2048 1
1234 W 2527232 2048 1
1235 W 2529280 2048 1
1236 W 2531328 2048 1
1237 W 2533376 2048 1
1238 W 2535424 2048 1
1239 W 2537472 2048 1
1240 W 2539520 2048 1
1241 W 2541568 2048 1
1242 W 2543616 2048 1
1243 W 2545664 2048 1
1244 W 2547712 2048 1
1245 W 2549760 2048 1
1246 W 2551808 2048 1
1247 W 2553856 2048 1
1248 W 2555904 2048 1
1249 W 2557952 2048 1
1250 W 2560000 2048 1
1251 W 2562048 2048 1
1252 W 2564096 2048 1
1253 W 2566144 2048 1
1254 W 2568192 2048 1
1255 W 2570240 2048 1
1256 W 2572288 2048 1
1257 W 2574336 2048 1
1258 W 2576384 2048 1
1259 W 2578432 2048 1
1260 W 2580480 2048 1
1261 W 2582528 2048 1
1262 W 2584576 2048 1
1263 W 2586624 2048 1
1264 W 2588672 2048 1
1265 W 2590720 2048 1
1266 W 2592768 2048 1
1267 W 2594816 2048 1
1268 W 2596864 2048 1
1269 W 2598912 2048 1
1270 W 2600960 2048 1
1271 W 2603008 2048 1
1272 W 2605056 2048 1
1273 W 2607104 2048 1
1274 W 2609152 2048 1
1275 W 2611200 2048 1
1276 W 2613248 2048 1
1277 W 2615296 2048 1
1278 W 2617344 2048 1
1279 W 2619392 2048 1
1280 W 2621440 2048 1
1281 W 2623488 2048 1
1282 W 2625536 2048 1
1283 W 2627584 2048 1
1284 W 2629632 2048 1
1285 W 2631680 2048 1
1286 W 2633728 2048 1
1287 W 2635776 2048 1
1288 W 2637824 2048 1
1289 W 2639872 2048 1
1290 W 2641920 2048 1
1291 W 2643968 2048 1
1292 W 2646016 2048 1
1293 W 2648064 2048 1
1294 W 2650112 2048 1
1295 W 2652160 2048 1
1296 W 2654208 2048 1
1297 W 2656256 2048 1
1298 W 2658304 2048 1
1299 W 2660352 2048 1
1300 W 2662400 2048 1
1301 W 2664448 2048 1
1302 W 2666496 2048 1
1303 W 2668544 2048 1
1304 W 2670592 2048 1
1305 W 2672640 2048 1
1306 W 2674688 2048 1
1307 W 2676736 2048 1
1308 W 2678784 2048 1
1309 W 2680832 2048 1
1310 W 2682880 2048 1
1311 W 2684928 2048 1
1312 W 2686976 2048 1
1313 W 2689024 2048 1
1314 W 2691072 2048 1
1315 W 2693120 2048 1
1316 W 2695168 2048 1
1317 W 2697216 2048 1
1318 W 2699264 2048 1
1319 W 2701312 2048 1
1320 W 2703360 2048 1
1321 W 2705408 2048 1
1322 W 2707456 2048 1
1323 W 2709504 2048 1
1324 W 2711552 2048 1
1325 W 2713600 2048 1
1326 W 2715648 2048 1
1327 W 2717696 2048 1
1328 W 2719744 2048 1
1329 W 2721792 2048 1
1330 W 2723840 2048 1
1331 W 2725888 2048 1
1332 W 2727936 2048 1
1333 W 2729984 2048 1
1334 W 2732032 2048 1
1335 W 2734080 2048 1
1336 W 2736128 2048 1
1337 W 2738176 2048 1
1338 W 2740224 2048 1
1339 W 2742272 2048 1
1340 W 2744320 2048 1
1341 W 2746368 2048 1
1342 W 2748416 2048 1
1343 W 2750464 2048 1
1344 W 2752512 2048 1
1345 W 2754560 2048 1
1346 W 2756608 2048 1
1347 W 2758656 2048 1
1348 W 2760704 2048 1
1349 W 2762752 2048 1
1350 W 2764800 2048 1
1351 W 2766848 2048 1
1352 W 2768896 2048 1
1353 W 2770944 2048 1
1354 W 2772992 2048 1
1355 W 2775040 2048 1
1356 W 2777088 2048 1
1357 W 2779136 2048 1
1358 W 2781184 2048 1
1359 W 2783232 2048 1
1360 W 2785280 2048 1
1361 W 2787328 2048 1
1362 W 2789376 2048 1
1363 W 2791424 2048 1
1364 W 2793472 2048 1
1365 W 2795520 2048 1
1366 W 2797568 2048 1
1367 W 2799616 2048 1
1368 W 2801664 2048 1
1369 W 2803712 2048 1
1370 W 2805760 2048 1
1371 W 2807808 2048 1
1372 W 2809856 2048 1
1373 W 2811904 2048 1
1374 W 2813952 2048 1
1375 W 2816000 2048 1
1376 W 2818048 2048 1
1377 W 2820096 2048 1
1378 W 2822144 2048 1
1379 W 2824192 2048 1
1380 W 2826240 2048 1
1381 W 2828288 2048 1
1382 W 2830336 2048 1
1383 W 2832384 2048 1
1384 W 2834432 2048 1
1385 W 2836480 2048 1
1386 W 2838528 2048 1
1387 W 2840576 2048 1
1388 W 2842624 2048 1
1389 W 2844672 2048 1
1390 W 2846720 2048 1
1391 W 2848768 2048 1
1392 W 2850816 2048 1
1393 W 2852864 2048 1
1394 W 2854912 2048 1
1395 W 2856960 2048 1
1396 W 2859008 2048 1
1397 W 2861056 2048 1
1398 W 2863104 2048 1
1399 W 2865152 2048 1
1400 W 2867200 2048 1
1401 W 2869248 2048 1
1402 W 2871296 2048 1
1403 W 2873344 2048 1
1404 W 2875392 2048 1
1405 W 2877440 2048 1
1406 W 2879488 2048 1
1407 W 2881536 2048 1
1408 W 2883584 2048 1
1409 W 2885632 2048 1
1410 W 2887680 2048 1
1411 W 2889728 2048 1
1412 W 2891776 2048 1
1413 W 2893824 2048 1
1414 W 2895872 2048 1
1415 W 2897920 2048 1
1416 W 2899968 2048 1
1417 W 2902016 2048 1
1418 W 2904064 2048 1
1419 W 2906112 2048 1
1420 W 2908160 2048 1
1421 W 2910208 2048 1
1422 W 2912256 2048 1
1423 W 2914304 2048 1
1424 W 2916352 2048 1
1425 W 2918400 2048 1
1426 W 2920448 2048 1
1427 W 2922496 2048 1
1428 W 2924544 2048 1
1429 W 2926592 2048 1
1430 W 2928640 2048 1
1431 W 2930688 2048 1
1432 W 2932736 2048 1
1433 W 2934784 2048 1
1434 W 2936832 2048 1
1435 W 2938880 2048 1
1436 W 2940928 2048 1
1437 W 2942976 2048 1
1438 W 2945024 2048 1
1439 W 2947072 2048 1
1440 W 2949120 2048 1
1441 W 2951168 2048 1
1442 W 2953216 2048 1
1443 W 2955264 2048 1
1444 W 2957312 2048 1
1445 W 2959360 2048 1
1446 W 2961408 2048 1
1447 W 2963456 2048 1
1448 W 2965504 2048 1
1449 W 2967552 2048 1
1450 W 2969600 2048 1
1451 W 2971648 2048 1
1452 W 2973696 2048 1
1453 W 2975744 2048 1
1454 W 2977792 2048 1
1455 W 2979840 2048 1
1456 W 2981888 2048 1
1457 W 2983936 2048 1
1458 W 2985984 2048 1
1459 W 2988032 2048 1
1460 W 2990080 2048 1
1461 W 2992128 2048 1
1462 W 2994176 2048 1
1463 W 2996224 2048 1
1464 W 2998272 2048 1
1465 W 3000320 2048 1
1466 W 3002368 2048 1
1467 W 3004416 2048 1
1468 W 3006464 2048 1
1469 W 3008512 2048 1
1470 W 3010560 2048 1
1471 W 3012608 2048 1
1472 W 3014656 2048 1
1473 W 3016704 2048 1
1474 W 3018752 2048 1
1475 W 3020800 2048 1
1476 W 3022848 2048 1
1477 W 3024896 2048 1
1478 W 3026944 2048 1
1479 W 3028992 2048 1
1480 W 3031040 2048 1
1481 W 3033088 2048 1
1482 W 3035136 2048 1
1483 W 3037184 2048 1
1484 W 3039232 2048 1
1485 W 3041280 2048 1
1486 W 3043328 2048 1
1487 W 3045376 2048 1
1488 W 3047424 2048 1
1489 W 3049472 2048 1
1490 W 3051520 2048 1
1491 W 3053568 2048 1
1492 W 3055616 2048 1
1493 W 3057664 2048 1
1494 W 3059712 2048 1
1495 W 3061760 2048 1
1496 W 3063808 2048 1
1497 W 3065856 2048 1
1498 W 3067904 2048 1
1499 W 3069952 2048 1
1500 W 3072000 2048 1
1501 W 3074048 2048 1
1502 W 3076096 2048 1
1503 W 3078144 2048 1
1504 W 3080192 2048 1
1505 W 3082240 2048 1
1506 W 3084288 2048 1
1507 W 3086336 2048 1
1508 W 3088384 2048 1
1509 W 3090432 2048 1
1510 W 3092480 2048 1
1511 W 3094528 2048 1
1512 W 3096576 2048 1
1513 W 3098624 2048 1
1514 W 3100672 2048 1
1515 W 3102720 2048 1
1516 W 3104768 2048 1
1517 W 3106816 2048 1
1518 W 3108864 2048 1
1519 W 3110912 2048 1
1520 W 3112960 2048 1
1521 W 3115008 2048 1
1522 W 3117056 2048 1
1523 W 3119104 2048 1
1524 W 3121152 2048 1
1525 W 3123200 2048 1
1526 W 3125248 2048 1
1527 W 3127296 2048 1
1528 W 3129344 2048 1
1529 W 3131392 2048 1
1530 W 3133440 2048 1
1531 W 3135488 2048 1
1532 W 3137536 2048 1
1533 W 3139584 2048 1
1534 W 3141632 2048 1
1535 W 3143680 2048 1
1536 W 3145728 2048 1
1537 W 3147776 2048 1
1538 W 3149824 2048 1
1539 W 3151872 2048 1
1540 W 3153920 2048 1
1541 W 3155968 2048 1
1542 W 3158016 2048 1
1543 W 3160064 2048 1
1544 W 3162112 2048 1
1545 W 3164160 2048 1
1546 W 3166208 2048 1
1547 W 3168256 2048 1
1548 W 3170304 2048 1
1549 W 3172352 2048 1
1550 W 3174400 2048 1
1551 W 3176448 2048 1
1552 W 3178496 2048 1
1553 W 3180544 2048 1
1554 W 3182592 2048 1
1555 W 3184640 2048 1
1556 W 3186688 2048 1
1557 W 3188736 2048 1
1558 W 3190784 2048 1
1559 W 3192832 2048 1
1560 W 3194880 2048 1
1561 W 3196928 2048 1
1562 W 3198976 2048 1
1563 W 3201024 2048 1
1564 W 3203072 2048 1
1565 W 3205120 2048 1
1566 W 3207168 2048 1
1567 W 3209216 2048 1
1568 W 3211264 2048 1
1569 W 3213312 2048 1
1570 W 3215360 2048 1
1571 W 3217408 2048 1
1572 W 3219456 2048 1
1573 W 3221504 2048 1
1574 W 3223552 2048 1
1575 W 3225600 2048 1
1576 W 3227648 2048 1
1577 W 3229696 2048 1
1578 W 3231744 2048 1
1579 W 3233792 2048 1
1580 W 3235840 2048 1
1581 W 3237888 2048 1
1582 W 3239936 2048 1
1583 W 3241984 2048 1
1584 W 3244032 2048 1
1585 W 3246080 2048 1
1586 W 3248128 2048 1
1587 W 3250176 2048 1
1588 W 3252224 2048 1
1589 W 3254272 2048 1
1590 W 3256320 2048 1
1591 W 3258368 2048 1
1592 W 3260416 2048 1
1593 W 3262464 2048 1
1594 W 3264512 2048 1
1595 W 3266560 2048 1
1596 W 3268608 2048 1
1597 W 3270656 2048 1
1598 W 3272704 2048 1
1599 W 3274752 2048 1
1600 W 3276800 2048 1
1601 W 3278848 2048 1
1602 W 3280896 2048 1
1603 W 3282944 2048 1
1604 W 3284992 2048 1
1605 W 3287040 2048 1
1606 W 3289088 2048 1
1607 W 3291136 2048 1
1608 W 3293184 2048 1
1609 W 3295232 2048 1
1610 W 3297280 2048 1
1611 W 3299328 2048 1
1612 W 3301376 2048 1
1613 W 3303424 2048 1
1614 W 3305472 2048 1
1615 W 3307520 2048 1
1616 W 3309568 2048 1
1617 W 3311616 2048 1
1618 W 3313664 2048 1
1619 W 3315712 2048 1
1620 W 3317760 2048 1
1621 W 3319808 2048 1
1622 W 3321856 2048 1
1623 W 3323904 2048 1
1624 W 3325952 2048 1
1625 W 3328000 2048 1
1626 W 3330048 2048 1
1627 W 3332096 2048 1
1628 W 3334144 2048 1
1629 W 3336192 2048 1
1630 W 3338240 2048 1
1631 W 3340288 2048 1
1632 W 3342336 2048 1
1633 W 3344384 2048 1
1634 W 3346432 2048 1
1635 W 3348480 2048 1
1636 W 3350528 2048 1
1637 W 3352576 2048 1
1638 W 3354624 2048 1
1639 W 3356672 2048 1
1640 W 3358720 2048 1
1641 W 3360768 2048 1
1642 W 3362816 2048 1
1643 W 3364864 2048 1
1644 W 3366912 2048 1
1645 W 3368960 2048 1
1646 W 3371008 2048 1
1647 W 3373056 2048 1
1648 W 3375104 2048 1
1649 W 3377152 2048 1
1650 W 3379200 2048 1
1651 W 3381248 2048 1
1652 W 3383296 2048 1
1653 W 3385344 2048 1
1654 W 3387392 2048 1
1655 W 3389440 2048 1
1656 W 3391488 2048 1
1657 W 3393536 2048 1
1658 W 3395584 2048 1
1659 W 3397632 2048 1
1660 W 3399680 2048 1
1661 W 3401728 2048 1
1662 W 3403776 2048 1
1663 W 3405824 2048 1
1664 W 3407872 2048 1
1665 W 3409920 2048 1
1666 W 3411968 2048 1
1667 W 3414016 2048 1
1668 W 3416064 2048 1
1669 W 3418112 2048 1
1670 W 3420160 2048 1
1671 W 3422208 2048 1
1672 W 3424256 2048 1
1673 W 3426304 2048 1
1674 W 3428352 2048 1
1675 W 3430400 2048 1
1676 W 3432448 2048 1
1677 W 3434496 2048 1
1678 W 3436544 2048 1
1679 W 3438592 2048 1
1680 W 3440640 2048 1
1681 W 3442688 2048 1
1682 W 3444736 2048 1
1683 W 3446784 2048 1
1684 W 3448832 2048 1
1685 W 3450880 2048 1
1686 W 3452928 2048 1
1687 W 3454976 2048 1
1688 W 3457024 2048 1
1689 W 3459072 2048 1
1690 W 3461120 2048 1
1691 W 3463168 2048 1
1692 W 3465216 2048 1
1693 W 3467264 2048 1
1694 W 3469312 2048 1
1695 W 3471360 2048 1
1696 W 3473408 2048 1
1697 W 3475456 2048 1
1698 W 3477504 2048 1
1699 W 3479552 2048 1
1700 W 3481600 2048 1
1701 W 3483648 2048 1
1702 W 3485696 2048 1
1703 W 3487744 2048 1
1704 W 3489792 2048 1
1705 W 3491840 2048 1
1706 W 3493888 2048 1
1707 W 3495936 2048 1
1708 W 3497984 2048 1
1709 W 3500032 2048 1
1710 W 3502080 2048 1
1711 W 3504128 2048 1
1712 W 3506176 2048 1
1713 W 3508224 2048 1
1714 W 3510272 2048 1
1715 W 3512320 2048 1
1716 W 3514368 2048 1
1717 W 3516416 2048 1
1718 W 3518464 2048 1
1719 W 3520512 2048 1
1720 W 3522560 2048 1
1721 W 3524608 2048 1
1722 W 3526656 2048 1
1723 W 3528704 2048 1
1724 W 3530752 2048 1
1725 W 3532800 2048 1
1726 W 3534848 2048 1
1727 W 3536896 2048 1
1728 W 3538944 2048 1
1729 W 3540992 2048 1
1730 W 3543040 2048 1
1731 W 3545088 2048 1
1732 W 3547136 2048 1
1733 W 3549184 2048 1
1734 W 3551232 2048 1
1735 W 3553280 2048 1
1736 W 3555328 2048 1
1737 W 3557376 2048 1
1738 W 3559424 2048 1
1739 W 3561472 2048 1
1740 W 3563520 2048 1
1741 W 3565568 2048 1
1742 W 3567616 2048 1
1743 W 3569664 2048 1
1744 W 3571712 2048 1
1745 W 3573760 2048 1
1746 W 3575808 2048 1
1747 W 3577856 2048 1
1748 W 3579904 2048 1
1749 W 3581952 2048 1
1750 W 3584000 2048 1
1751 W 3586048 2048 1
1752 W 3588096 2048 1
1753 W 3590144 2048 1
1754 W 3592192 2048 1
1755 W 3594240 2048 1
1756 W 3596288 2048 1
1757 W 3598336 2048 1
1758 W 3600384 2048 1
1759 W 3602432 2048 1
1760 W 3604480 2048 1
1761 W 3606528 2048 1
1762 W 3608576 2048 1
1763 W 3610624 2048 1
1764 W 3612672 2048 1
1765 W 3614720 2048 1
1766 W 3616768 2048 1
1767 W 3618816 2048 1
1768 W 3620864 2048 1
1769 W 3622912 2048 1
1770 W 3624960 2048 1
1771 W 3627008 2048 1
1772 W 3629056 2048 1
1773 W 3631104 2048 1
1774 W 3633152 2048 1
1775 W 3635200 2048 1
1776 W 3637248 2048 1
1777 W 3639296 2048 1
1778 W 3641344 2048 1
1779 W 3643392 2048 1
1780 W 3645440 2048 1
1781 W 3647488 2048 1
1782 W 3649536 2048 1
1783 W 3651584 2048 1
1784 W 3653632 2048 1
1785 W 3655680 2048 1
1786 W 3657728 2048 1
1787 W 3659776 2048 1
1788 W 3661824 2048 1
1789 W 3663872 2048 1
1790 W 3665920 2048 1
1791 W 3667968 2048 1
1792 W 3670016 2048 1
1793 W 3672064 2048 1
1794 W 3674112 2048 1
1795 W 3676160 2048 1
1796 W 3678208 2048 1
1797 W 3680256 2048 1
1798 W 3682304 2048 1
1799 W 3684352 2048 1
1800 W 3686400 2048 1
1801 W 3688448 2048 1
1802 W 3690496 2048 1
1803 W 3692544 2048 1
1804 W 3694592 2048 1
1805 W 3696640 2048 1
1806 W 3698688 2048 1
1807 W 3700736 2048 1
1808 W 3702784 2048 1
1809 W 3704832 2048 1
1810 W 3706880 2048 1
1811 W 3708928 2048 1
1812 W 3710976 2048 1
1813 W 3713024 2048 1
1814 W 3715072 2048 1
1815 W 3717120 2048 1
1816 W 3719168 2048 1
1817 W 3721216 2048 1
1818 W 3723264 2048 1
1819 W 3725312 2048 1
1820 W 3727360 2048 1
1821 W 3729408 2048 1
1822 W 3731456 2048 1
1823 W 3733504 2048 1
1824 W 3735552 2048 1
1825 W 3737600 2048 1
1826 W 3739648 2048 1
1827 W 3741696 2048 1
1828 W 3743744 2048 1
1829 W 3745792 2048 1
1830 W 3747840 2048 1
1831 W 3749888 2048 1
1832 W 3751936 2048 1
1833 W 3753984 2048 1
1834 W 3756032 2048 1
1835 W 3758080 2048 1
1836 W 3760128 2048 1
1837 W 3762176 2048 1
1838 W 3764224 2048 1
1839 W 3766272 2048 1
1840 W 3768320 2048 1
1841 W 3770368 2048 1
1842 W 3772416 2048 1
1843 W 3774464 2048 1
1844 W 3776512 2048 1
1845 W 3778560 2048 1
1846 W 3780608 2048 1
1847 W 3782656 2048 1
1848 W 3784704 2048 1
1849 W 3786752 2048 1
1850 W 3788800 2048 1
1851 W 3790848 2048 1
1852 W 3792896 2048 1
1853 W 3794944 2048 1
1854 W 3796992 2048 1
1855 W 3799040 2048 1
1856 W 3801088 2048 1
1857 W 3803136 2048 1
1858 W 3805184 2048 1
1859 W 3807232 2048 1
1860 W 3809280 2048 1
1861 W 3811328 2048 1
1862 W 3813376 2048 1
1863 W 3815424 2048 1
1864 W 3817472 2048 1
1865 W 3819520 2048 1
1866 W 3821568 2048 1
1867 W 3823616 2048 1
1868 W 3825664 2048 1
1869 W 3827712 2048 1
1870 W 3829760 2048 1
1871 W 3831808 2048 1
1872 W 3833856 2048 1
1873 W 3835904 2048 1
1874 W 3837952 2048 1
1875 W 3840000 2048 1
1876 W 3842048 2048 1
1877 W 3844096 2048 1
1878 W 3846144 2048 1
1879 W 3848192 2048 1
1880 W 3850240 2048 1
1881 W 3852288 2048 1
1882 W 3854336 2048 1
1883 W 3856384 2048 1
1884 W 3858432 2048 1
1885 W 3860480 2048 1
1886 W 3862528 2048 1
1887 W 3864576 2048 1
1888 W 3866624 2048 1
1889 W 3868672 2048 1
1890 W 3870720 2048 1
1891 W 3872768 2048 1
1892 W 3874816 2048 1
1893 W 3876864 2048 1
1894 W 3878912 2048 1
1895 W 3880960 2048 1
1896 W 3883008 2048 1
1897 W 3885056 2048 1
1898 W 3887104 2048 1
1899 W 3889152 2048 1
1900 W 3891200 2048 1
1901 W 3893248 2048 1
1902 W 3895296 2048 1
1903 W 3897344 2048 1
1904 W 3899392 2048 1
1905 W 3901440 2048 1
1906 W 3903488 2048 1
1907 W 3905536 2048 1
1908 W 3907584 2048 1
1909 W 3909632 2048 1
1910 W 3911680 2048 1
1911 W 3913728 2048 1
1912 W 3915776 2048 1
1913 W 3917824 2048 1
1914 W 3919872 2048 1
1915 W 3921920 2048 1
1916 W 3923968 2048 1
1917 W 3926016 2048 1
1918 W 3928064 2048 1
1919 W 3930112 2048 1
1920 W 3932160 2048 1
1921 W 3934208 2048 1
1922 W 3936256 2048 1
1923 W 3938304 2048 1
1924 W 3940352 2048 1
1925 W 3942400 2048 1
1926 W 3944448 2048 1
1927 W 3946496 2048 1
1928 W 3948544 2048 1
1929 W 3950592 2048 1
1930 W 3952640 2048 1
1931 W 3954688 2048 1
1932 W 3956736 2048 1
1933 W 3958784 2048 1
1934 W 3960832 2048 1
1935 W 3962880 2048 1
1936 W 3964928 2048 1
1937 W 3966976 2048 1
1938 W 3969024 2048 1
1939 W 3971072 2048 1
1940 W 3973120 2048 1
1941 W 3975168 2048 1
1942 W 3977216 2048 1
1943 W 3979264 2048 1
1944 W 3981312 2048 1
1945 W 3983360 2048 1
1946 W 3985408 2048 1
1947 W 3987456 2048 1
1948 W 3989504 2048 1
1949 W 3991552 2048 1
1950 W 3993600 2048 1
1951 W 3995648 2048 1
1952 W 3997696 2048 1
1953 W 3999744 2048 1
1954 W 4001792 2048 1
1955 W 4003840 2048 1
1956 W 4005888 2048 1
1957 W 4007936 2048 1
1958 W 4009984 2048 1
1959 W 4012032 2048 1
1960 W 4014080 2048 1
1961 W 4016128 2048 1
1962 W 4018176 2048 1
1963 W 4020224 2048 1
1964 W 4022272 2048 1
1965 W 4024320 2048 1
1966 W 4026368 2048 1
1967 W 4028416 2048 1
1968 W 4030464 2048 1
1969 W 4032512 2048 1
1970 W 4034560 2048 1
1971 W 4036608 2048 1
1972 W 4038656 2048 1
1973 W 4040704 2048 1
1974 W 4042752 2048 1
1975 W 4044800 2048 1
1976 W 4046848 2048 1
1977 W 4048896 2048 1
1978 W 4050944 2048 1
1979 W 4052992 2048 1
1980 W 4055040 2048 1
1981 W 4057088 2048 1
1982 W 4059136 2048 1
1983 W 4061184 2048 1
1984 W 4063232 2048 1
1985 W 4065280 2048 1
1986 W 4067328 2048 1
1987 W 4069376 2048 1
1988 W 4071424 2048 1
1989 W 4073472 2048 1
1990 W 4075520 2048 1
1991 W 4077568 2048 1
1992 W 4079616 2048 1
1993 W 4081664 2048 1
1994 W 4083712 2048 1
1995 W 4085760 2048 1
1996 W 4087808 2048 1
1997 W 4089856 2048 1
1998 W 4091904 2048 1
1999 W 4093952 2048 1
2000 W 4096000 2048 1
2001 W 4098048 2048 1
2002 W 4100096 2048 1
2003 W 4102144 2048 1
2004 W 4104192 2048 1
2005 W 4106240 2048 1
2006 W 4108288 2048 1
2007 W 4110336 2048 1
2008 W 4112384 2048 1
2009 W 4114432 2048 1
2010 W 4116480 2048 1
2011 W 4118528 2048 1
2012 W 4120576 2048 1
2013 W 4122624 2048 1
2014 W 4124672 2048 1
2015 W 4126720 2048 1
2016 W 4128768 2048 1
2017 W 4130816 2048 1
2018 W 4132864 2048 1
2019 W 4134912 2048 1
2020 W 4136960 2048 1
2021 W 4139008 2048 1
2022 W 4141056 2048 1
2023 W 4143104 2048 1
2024 W 4145152 2048 1
2025 W 4147200 2048 1
2026 W 4149248 2048 1
2027 W 4151296 2048 1
2028 W 4153344 2048 1
2029 W 4155392 2048 1
2030 W 4157440 2048 1
2031 W 4159488 2048 1
2032 W 4161536 2048 1
2033 W 4163584 2048 1
2034 W 4165632 2048 1
2035 W 4167680 2048 1
2036 W 4169728 2048 1
2037 W 4171776 2048 1
2038 W 4173824 2048 1
2039 W 4175872 2048 1
2040 W 4177920 2048 1
2041 W 4179968 2048 1
2042 W 4182016 2048 1
2043 W 4184064 2048 1
2044 W 4186112 2048 1
2045 W 4188160 2048 1
2046 W 4190208 2048 1
2047 W 4192256 2048 1
2048 W 4194304 2048 1
2049 W 4196352 2048 1
2050 W 4198400 2048 1
2051 W 4200448 2048 1
2052 W 4202496 2048 1
2053 W 4204544 2048 1
2054 W 4206592 2048 1
2055 W 4208640 2048 1
2056 W 4210688 2048 1
2057 W 4212736 2048 1
2058 W 4214784 2048 1
2059 W 4216832 2048 1
2060 W 4218880 2048 1
2061 W 4220928 2048 1
2062 W 4222976 2048 1
2063 W 4225024 2048 1
2064 W 4227072 2048 1
2065 W 4229120 2048 1
2066 W 4231168 2048 1
2067 W 4233216 2048 1
2068 W 4235264 2048 1
2069 W 4237312 2048 1
2070 W 4239360 2048 1
2071 W 4241408 2048 1
2072 W 4243456 2048 1
2073 W 4245504 2048 1
2074 W 4247552 2048 1
2075 W 4249600 2048 1
2076 W 4251648 2048 1
2077 W 4253696 2048 1
2078 W 4255744 2048 1
2079 W 4257792 2048 1
2080 W 4259840 2048 1
2081 W 4261888 2048 1
2082 W 4263936 2048 1
2083 W 4265984 2048 1
2084 W 4268032 2048 1
2085 W 4270080 2048 1
2086 W 4272128 2048 1
2087 W 4274176 2048 1
2088 W 4276224 2048 1
2089 W 4278272 2048 1
2090 W 4280320 2048 1
2091 W 4282368 2048 1
2092 W 4284416 2048 1
2093 W 4286464 2048 1
2094 W 4288512 2048 1
2095 W 4290560 2048 1
2096 W 4292608 2048 1
2097 W 4294656 2048 1
2098 W 4296704 2048 1
2099 W 4298752 2048 1
2100 W 4300800 2048 1
2101 W 4302848 2048 1
2102 W 4304896 2048 1
2103 W 4306944 2048 1
2104 W 4308992 2048 1
2105 W 4311040 2048 1
2106 W 4313088 2048 1
2107 W 4315136 2048 1
2108 W 4317184 2048 1
2109 W 4319232 2048 1
2110 W 4321280 2048 1
2111 W 4323328 2048 1
2112 W 4325376 2048 1
2113 W 4327424 2048 1
2114 W 4329472 2048 1
2115 W 4331520 2048 1
2116 W 4333568 2048 1
2117 W 4335616 2048 1
2118 W 4337664 2048 1
2119 W 4339712 2048 1
2120 W 4341760 2048 1
2121 W 4343808 2048 1
2122 W 4345856 2048 1
2123 W 4347904 2048 1
2124 W 4349952 2048 1
2125 W 4352000 2048 1
2126 W 4354048 2048 1
2127 W 4356096 2048 1
2128 W 4358144 2048 1
2129 W 4360192 2048 1
2130 W 4362240 2048 1
2131 W 4364288 2048 1
2132 W 4366336 2048 1
2133 W 4368384 2048 1
2134 W 4370432 2048 1
2135 W 4372480 2048 1
2136 W 4374528 2048 1
2137 W 4376576 2048 1
2138 W 4378624 2048 1
2139 W 4380672 2048 1
2140 W 4382720 2048 1
2141 W 4384768 2048 1
2142 W 4386816 2048 1
2143 W 4388864 2048 1
2144 W 4390912 2048 1
2145 W 4392960 2048 1
2146 W 4395008 2048 1
2147 W 4397056 2048 1
2148 W 4399104 2048 1
2149 W 4401152 2048 1
2150 W 4403200 2048 1
2151 W 4405248 2048 1
2152 W 4407296 2048 1
2153 W 4409344 2048 1
2154 W 4411392 2048 1
2155 W 4413440 2048 1
2156 W 4415488 2048 1
2157 W 4417536 2048 1
2158 W 4419584 2048 1
2159 W 4421632 2048 1
2160 W 4423680 2048 1
2161 W 4425728 2048 1
2162 W 4427776 2048 1
2163 W 4429824 2048 1
2164 W 4431872 2048 1
2165 W 4433920 2048 1
2166 W 4435968 2048 1
2167 W 4438016 2048 1
2168 W 4440064 2048 1
2169 W 4442112 2048 1
2170 W 4444160 2048 1
2171 W 4446208 2048 1
2172 W 4448256 2048 1
2173 W 4450304 2048 1
2174 W 4452352 2048 1
2175 W 4454400 2048 1
2176 W 4456448 2048 1
2177 W 4458496 2048 1
2178 W 4460544 2048 1
2179 W 4462592 2048 1
2180 W 4464640 2048 1
2181 W 4466688 2048 1
2182 W 4468736 2048 1
2183 W 4470784 2048 1
2184 W 4472832 2048 1
2185 W 4474880 2048 1
2186 W 4476928 2048 1
2187 W 4478976 2048 1
2188 W 4481024 2048 1
2189 W 4483072 2048 1
2190 W 4485120 2048 1
2191 W 4487168 2048 1
2192 W 4489216 2048 1
2193 W 4491264 2048 1
2194 W 4493312 2048 1
2195 W 4495360 2048 1
2196 W 4497408 2048 1
2197 W 4499456 2048 1
2198 W 4501504 2048 1
2199 W 4503552 2048 1
2200 W 4505600 2048 1
2201 W 4507648 2048 1
2202 W 4509696 2048 1
2203 W 4511744 2048 1
2204 W 4513792 2048 1
2205 W 4515840 2048 1
2206 W 4517888 2048 1
2207 W 4519936 2048 1
2208 W 4521984 2048 1
2209 W 4524032 2048 1
2210 W 4526080 2048 1
2211 W 4528128 2048 1
2212 W 4530176 2048 1
2213 W 4532224 2048 1
2214 W 4534272 2048 1
2215 W 4536320 2048 1
2216 W 4538368 2048 1
2217 W 4540416 2048 1
2218 W 4542464 2048 1
2219 W 4544512 2048 1
2220 W 4546560 2048 1
2221 W 4548608 2048 1
2222 W 4550656 2048 1
2223 W 4552704 2048 1
2224 W 4554752 2048 1
2225 W 4556800 2048 1
2226 W 4558848 2048 1
2227 W 4560896 2048 1
2228 W 4562944 2048 1
2229 W 4564992 2048 1
2230 W 4567040 2048 1
2231 W 4569088 2048 1
2232 W 4571136 2048 1
2233 W 4573184 2048 1
2234 W 4575232 2048 1
2235 W 4577280 2048 1
2236 W 4579328 2048 1
2237 W 4581376 2048 1
2238 W 4583424 2048 1
2239 W 4585472 2048 1
2240 W 4587520 2048 1
2241 W 4589568 2048 1
2242 W 4591616 2048 1
2243 W 4593664 2048 1
2244 W 4595712 2048 1
2245 W 4597760 2048 1
2246 W 4599808 2048 1
2247 W 4601856 2048 1
2248 W 4603904 2048 1
2249 W 4605952 2048 1
2250 W 4608000 2048 1
2251 W 4610048 2048 1
2252 W 4612096 2048 1
2253 W 4614144 2048 1
2254 W 4616192 2048 1
2255 W 4618240 2048 1
2256 W 4620288 2048 1
2257 W 4622336 2048 1
2258 W 4624384 2048 1
2259 W 4626432 2048 1
2260 W 4628480 2048 1
2261 W 4630528 2048 1
2262 W 4632576 2048 1
2263 W 4634624 2048 1
2264 W 4636672 2048 1
2265 W 4638720 2048 1
2266 W 4640768 2048 1
2267 W 4642816 2048 1
2268 W 4644864 2048 1
2269 W 4646912 2048 1
2270 W 4648960 2048 1
2271 W 4651008 2048 1
2272 W 4653056 2048 1
2273 W 4655104 2048 1
2274 W 4657152 2048 1
2275 W 4659200 2048 1
2276 W 4661248 2048 1
2277 W 4663296 2048 1
2278 W 4665344 2048 1
2279 W 4667392 2048 1
2280 W 4669440 2048 1
2281 W 4671488 2048 1
2282 W 4673536 2048 1
2283 W 4675584 2048 1
2284 W 4677632 2048 1
2285 W 4679680 2048 1
2286 W 4681728 2048 1
2287 W 4683776 2048 1
2288 W 4685824 2048 1
2289 W 4687872 2048 1
2290 W 4689920 2048 1
2291 W 4691968 2048 1
2292 W 4694016 2048 1
2293 W 4696064 2048 1
2294 W 4698112 2048 1
2295 W 4700160 2048 1
2296 W 4702208 2048 1
2297 W 4704256 2048 1
2298 W 4706304 2048 1
2299 W 4708352 2048 1
2300 W 4710400 2048 1
2301 W 4712448 2048 1
2302 W 4714496 2048 1
2303 W 4716544 2048 1
2304 W 4718592 2048 1
2305 W 4720640 2048 1
2306 W 4722688 2048 1
2307 W 4724736 2048 1
2308 W 4726784 2048 1
2309 W 4728832 2048 1
2310 W 4730880 2048 1
2311 W 4732928 2048 1
2312 W 4734976 2048 1
2313 W 4737024 2048 1
2314 W 4739072 2048 1
2315 W 4741120 2048 1
2316 W 4743168 2048 1
2317 W 4745216 2048 1
2318 W 4747264 2048 1
2319 W 4749312 2048 1
2320 W 4751360 2048 1
2321 W 4753408 2048 1
2322 W 4755456 2048 1
2323 W 4757504 2048 1
2324 W 4759552 2048 1
2325 W 4761600 2048 1
2326 W 4763648 2048 1
2327 W 4765696 2048 1
2328 W 4767744 2048 1
2329 W 4769792 2048 1
2330 W 4771840 2048 1
2331 W 4773888 2048 1
2332 W 4775936 2048 1
2333 W 4777984 2048 1
2334 W 4780032 2048 1
2335 W 4782080 2048 1
2336 W 4784128 2048 1
2337 W 4786176 2048 1
2338 W 4788224 2048 1
2339 W 4790272 2048 1
2340 W 4792320 2048 1
2341 W 4794368 2048 1
2342 W 4796416 2048 1
2343 W 4798464 2048 1
2344 W 4800512 2048 1
2345 W 4802560 2048 1
2346 W 4804608 2048 1
2347 W 4806656 2048 1
2348 W 4808704 2048 1
2349 W 4810752 2048 1
2350 W 4812800 2048 1
2351 W 4814848 2048 1
2352 W 4816896 2048 1
2353 W 4818944 2048 1
2354 W 4820992 2048 1
2355 W 4823040 2048 1
2356 W 4825088 2048 1
2357 W 4827136 2048 1
2358 W 4829184 2048 1
2359 W 4831232 2048 1
2360 W 4833280 2048 1
2361 W 4835328 2048 1
2362 W 4837376 2048 1
2363 W 4839424 2048 1
2364 W 4841472 2048 1
2365 W 4843520 2048 1
2366 W 4845568 2048 1
2367 W 4847616 2048 1
2368 W 4849664 2048 1
2369 W 4851712 2048 1
2370 W 4853760 2048 1
2371 W 4855808 2048 1
2372 W 4857856 2048 1
2373 W 4859904 2048 1
2374 W 4861952 2048 1
2375 W 4864000 2048 1
2376 W 4866048 2048 1
2377 W 4868096 2048 1
2378 W 4870144 2048 1
2379 W 4872192 2048 1
2380 W 4874240 2048 1
2381 W 4876288 2048 1
2382 W 4878336 2048 1
2383 W 4880384 2048 1
2384 W 4882432 2048 1
2385 W 4884480 2048 1
2386 W 4886528 2048 1
2387 W 4888576 2048 1
2388 W 4890624 2048 1
2389 W 4892672 2048 1
2390 W 4894720 2048 1
2391 W 4896768 2048 1
2392 W 4898816 2048 1
2393 W 4900864 2048 1
2394 W 4902912 2048 1
2395 W 4904960 2048 1
2396 W 4907008 2048 1
2397 W 4909056 2048 1
2398 W 4911104 2048 1
2399 W 4913152 2048 1
2400 W 4915200 2048 1
2401 W 4917248 2048 1
2402 W 4919296 2048 1
2403 W 4921344 2048 1
2404 W 4923392 2048 1
2405 W 4925440 2048 1
2406 W 4927488 2048 1
2407 W 4929536 2048 1
2408 W 4931584 2048 1
2409 W 4933632 2048 1
2410 W 4935680 2048 1
2411 W 4937728 2048 1
2412 W 4939776 2048 1
2413 W 4941824 2048 1
2414 W 4943872 2048 1
2415 W 4945920 2048 1
2416 W 4947968 2048 1
2417 W 4950016 2048 1
2418 W 4952064 2048 1
2419 W 4954112 2048 1
2420 W 4956160 2048 1
2421 W 4958208 2048 1
2422 W 4960256 2048 1
2423 W 4962304 2048 1
2424 W 4964352 2048 1
2425 W 4966400 2048 1
2426 W 4968448 2048 1
2427 W 4970496 2048 1
2428 W 4972544 2048 1
2429 W 4974592 2048 1
2430 W 4976640 2048 1
2431 W 4978688 2048 1
2432 W 4980736 2048 1
2433 W 4982784 2048 1
2434 W 4984832 2048 1
2435 W 4986880 2048 1
2436 W 4988928 2048 1
2437 W 4990976 2048 1
2438 W 4993024 2048 1
2439 W 4995072 2048 1
2440 W 4997120 2048 1
2441 W 4999168 2048 1
2442 W 5001216 2048 1
2443 W 5003264 2048 1
2444 W 5005312 2048 1
2445 W 5007360 2048 1
2446 W 5009408 2048 1
2447 W 5011456 2048 1
2448 W 5013504 2048 1
2449 W 5015552 2048 1
2450 W 5017600 2048 1
2451 W 5019648 2048 1
2452 W 5021696 2048 1
2453 W 5023744 2048 1
2454 W 5025792 2048 1
2455 W 5027840 2048 1
2456 W 5029888 2048 1
2457 W 5031936 2048 1
2458 W 5033984 2048 1
2459 W 5036032 2048 1
2460 W 5038080 2048 1
2461 W 5040128 2048 1
2462 W 5042176 2048 1
2463 W 5044224 2048 1
2464 W 5046272 2048 1
2465 W 5048320 2048 1
2466 W 5050368 2048 1
2467 W 5052416 2048 1
2468 W 5054464 2048 1
2469 W 5056512 2048 1
2470 W 5058560 2048 1
2471 W 5060608 2048 1
2472 W 5062656 2048 1
2473 W 5064704 2048 1
2474 W 5066752 2048 1
2475 W 5068800 2048 1
2476 W 5070848 2048 1
2477 W 5072896 2048 1
2478 W 5074944 2048 1
2479 W 5076992 2048 1
2480 W 5079040 2048 1
2481 W 5081088 2048 1
2482 W 5083136 2048 1
2483 W 5085184 2048 1
2484 W 5087232 2048 1
2485 W 5089280 2048 1
2486 W 5091328 2048 1
2487 W 5093376 2048 1
2488 W 5095424 2048 1
2489 W 5097472 2048 1
2490 W 5099520 2048 1
2491 W 5101568 2048 1
2492 W 5103616 2048 1
2493 W 5105664 2048 1
2494 W 5107712 2048 1
2495 W 5109760 2048 1
2496 W 5111808 2048 1
2497 W 5113856 2048 1
2498 W 5115904 2048 1
2499 W 5117952 2048 1
2500 W 5120000 2048 1
2501 W 5122048 2048 1
2502 W 5124096 2048 1
2503 W 5126144 2048 1
2504 W 5128192 2048 1
2505 W 5130240 2048 1
2506 W 5132288 2048 1
2507 W 5134336 2048 1
2508 W 5136384 2048 1
2509 W 5138432 2048 1
2510 W 5140480 2048 1
2511 W 5142528 2048 1
2512 W 5144576 2048 1
2513 W 5146624 2048 1
2514 W 5148672 2048 1
2515 W 5150720 2048 1
2516 W 5152768 2048 1
2517 W 5154816 2048 1
2518 W 5156864 2048 1
2519 W 5158912 2048 1
2520 W 5160960 2048 1
2521 W 5163008 2048 1
2522 W 5165056 2048 1
2523 W 5167104 2048 1
2524 W 5169152 2048 1
2525 W 5171200 2048 1
2526 W 5173248 2048 1
2527 W 5175296 2048 1
2528 W 5177344 2048 1
2529 W 5179392 2048 1
2530 W 5181440 2048 1
2531 W 5183488 2048 1
2532 W 5185536 2048 1
2533 W 5187584 2048 1
2534 W 5189632 2048 1
2535 W 5191680 2048 1
2536 W 5193728 2048 1
2537 W 5195776 2048 1
2538 W 5197824 2048 1
2539 W 5199872 2048 1
2540 W 5201920 2048 1
2541 W 5203968 2048 1
2542 W 5206016 2048 1
2543 W 5208064 2048 1
2544 W 5210112 2048 1
2545 W 5212160 2048 1
2546 W 5214208 2048 1
2547 W 5216256 2048 1
2548 W 5218304 2048 1
2549 W 5220352 2048 1
2550 W 5222400 2048 1
2551 W 5224448 2048 1
2552 W 5226496 2048 1
2553 W 5228544 2048 1
2554 W 5230592 2048 1
2555 W 5232640 2048 1
2556 W 5234688 2048 1
2557 W 5236736 2048 1
2558 W 5238784 2048 1
2559 W 5240832 2048 1
2560 W 5242880 2048 1
2561 W 5244928 2048 1
2562 W 5246976 2048 1
2563 W 5249024 2048 1
2564 W 5251072 2048 1
2565 W 5253120 2048 1
2566 W 5255168 2048 1
2567 W 5257216 2048 1
2568 W 5259264 2048 1
2569 W 5261312 2048 1
2570 W 5263360 2048 1
2571 W 5265408 2048 1
2572 W 5267456 2048 1
2573 W 5269504 2048 1
2574 W 5271552 2048 1
2575 W 5273600 2048 1
2576 W 5275648 2048 1
2577 W 5277696 2048 1
2578 W 5279744 2048 1
2579 W 5281792 2048 1
2580 W 5283840 2048 1
2581 W 5285888 2048 1
2582 W 5287936 2048 1
2583 W 5289984 2048 1
2584 W 5292032 2048 1
2585 W 5294080 2048 1
2586 W 5296128 2048 1
2587 W 5298176 2048 1
2588 W 5300224 2048 1
2589 W 5302272 2048 1
2590 W 5304320 2048 1
2591 W 5306368 2048 1
2592 W 5308416 2048 1
2593 W 5310464 2048 1
2594 W 5312512 2048 1
2595 W 5314560 2048 1
2596 W 5316608 2048 1
2597 W 5318656 2048 1
2598 W 5320704 2048 1
2599 W 5322752 2048 1
2600 W 5324800 2048 1
2601 W 5326848 2048 1
2602 W 5328896 2048 1
2603 W 5330944 2048 1
2604 W 5332992 2048 1
2605 W 5335040 2048 1
2606 W 5337088 2048 1
2607 W 5339136 2048 1
2608 W 5341184 2048 1
2609 W 5343232 2048 1
2610 W 5345280 2048 1
2611 W 5347328 2048 1
2612 W 5349376 2048 1
2613 W 5351424 2048 1
2614 W 5353472 2048 1
2615 W 5355520 2048 1
2616 W 5357568 2048 1
2617 W 5359616 2048 1
2618 W 5361664 2048 1
2619 W 5363712 2048 1
2620 W 5365760 2048 1
2621 W 5367808 2048 1
2622 W 5369856 2048 1
2623 W 5371904 2048 1
2624 W 5373952 2048 1
2625 W 5376000 2048 1
2626 W 5378048 2048 1
2627 W 5380096 2048 1
2628 W 5382144 2048 1
2629 W 5384192 2048 1
2630 W 5386240 2048 1
2631 W 5388288 2048 1
2632 W 5390336 2048 1
2633 W 5392384 2048 1
2634 W 5394432 2048 1
2635 W 5396480 2048 1
2636 W 5398528 2048 1
2637 W 5400576 2048 1
2638 W 5402624 2048 1
2639 W 5404672 2048 1
2640 W 5406720 2048 1
2641 W 5408768 2048 1
2642 W 5410816 2048 1
2643 W 5412864 2048 1
2644 W 5414912 2048 1
2645 W 5416960 2048 1
2646 W 5419008 2048 1
2647 W 5421056 2048 1
2648 W 5423104 2048 1
2649 W 5425152 2048 1
2650 W 5427200 2048 1
2651 W 5429248 2048 1
2652 W 5431296 2048 1
2653 W 5433344 2048 1
2654 W 5435392 2048 1
2655 W 5437440 2048 1
2656 W 5439488 2048 1
2657 W 5441536 2048 1
2658 W 5443584 2048 1
2659 W 5445632 2048 1
2660 W 5447680 2048 1
2661 W 5449728 2048 1
2662 W 5451776 2048 1
2663 W 5453824 2048 1
2664 W 5455872 2048 1
2665 W 5457920 2048 1
2666 W 5459968 2048 1
2667 W 5462016 2048 1
2668 W 5464064 2048 1
2669 W 5466112 2048 1
2670 W 5468160 2048 1
2671 W 5470208 2048 1
2672 W 5472256 2048 1
2673 W 5474304 2048 1
2674 W 5476352 2048 1
2675 W 5478400 2048 1
2676 W 5480448 2048 1
2677 W 5482496 2048 1
2678 W 5484544 2048 1
2679 W 5486592 2048 1
2680 W 5488640 2048 1
2681 W 5490688 2048 1
2682 W 5492736 2048 1
2683 W 5494784 2048 1
2684 W 5496832 2048 1
2685 W 5498880 2048 1
2686 W 5500928 2048 1
2687 W 5502976 2048 1
2688 W 5505024 2048 1
2689 W 5507072 2048 1
2690 W 5509120 2048 1
2691 W 5511168 2048 1
2692 W 5513216 2048 1
2693 W 5515264 2048 1
2694 W 5517312 2048 1
2695 W 5519360 2048 1
2696 W 5521408 2048 1
2697 W 5523456 2048 1
2698 W 5525504 2048 1
2699 W 5527552 2048 1
2700 W 5529600 2048 1
2701 W 5531648 2048 1
2702 W 5533696 2048 1
2703 W 5535744 2048 1
2704 W 5537792 2048 1
2705 W 5539840 2048 1
2706 W 5541888 2048 1
2707 W 5543936 2048 1
2708 W 5545984 2048 1
2709 W 5548032 2048 1
2710 W 5550080 2048 1
2711 W 5552128 2048 1
2712 W 5554176 2048 1
2713 W 5556224 2048 1
2714 W 5558272 2048 1
2715 W 5560320 2048 1
2716 W 5562368 2048 1
2717 W 5564416 2048 1
2718 W 5566464 2048 1
2719 W 5568512 2048 1
2720 W 5570560 2048 1
2721 W 5572608 2048 1
2722 W 5574656 2048 1
2723 W 5576704 2048 1
2724 W 5578752 2048 1
2725 W 5580800 2048 1
2726 W 5582848 2048 1
2727 W 5584896 2048 1
2728 W 5586944 2048 1
2729 W 5588992 2048 1
2730 W 5591040 2048 1
2731 W 5593088 2048 1
2732 W 5595136 2048 1
2733 W 5597184 2048 1
2734 W 5599232 2048 1
2735 W 5601280 2048 1
2736 W 5603328 2048 1
2737 W 5605376 2048 1
2738 W 5607424 2048 1
2739 W 5609472 2048 1
2740 W 5611520 2048 1
2741 W 5613568 2048 1
2742 W 5615616 2048 1
2743 W 5617664 2048 1
2744 W 5619712 2048 1
2745 W 5621760 2048 1
2746 W 5623808 2048 1
2747 W 5625856 2048 1
2748 W 5627904 2048 1
2749 W 5629952 2048 1
2750 W 5632000 2048 1
2751 W 5634048 2048 1
2752 W 5636096 2048 1
2753 W 5638144 2048 1
2754 W 5640192 2048 1
2755 W 5642240 2048 1
2756 W 5644288 2048 1
2757 W 5646336 2048 1
2758 W 5648384 2048 1
2759 W 5650432 2048 1
2760 W 5652480 2048 1
2761 W 5654528 2048 1
2762 W 5656576 2048 1
2763 W 5658624 2048 1
2764 W 5660672 2048 1
2765 W 5662720 2048 1
2766 W 5664768 2048 1
2767 W 5666816 2048 1
2768 W 5668864 2048 1
2769 W 5670912 2048 1
2770 W 5672960 2048 1
2771 W 5675008 2048 1
2772 W 5677056 2048 1
2773 W 5679104 2048 1
2774 W 5681152 2048 1
2775 W 5683200 2048 1
2776 W 5685248 2048 1
2777 W 5687296 2048 1
2778 W 5689344 2048 1
2779 W 5691392 2048 1
2780 W 5693440 2048 1
2781 W 5695488 2048 1
2782 W 5697536 2048 1
2783 W 5699584 2048 1
2784 W 5701632 2048 1
2785 W 5703680 2048 1
2786 W 5705728 2048 1
2787 W 5707776 2048 1
2788 W 5709824 2048 1
2789 W 5711872 2048 1
2790 W 5713920 2048 1
2791 W 5715968 2048 1
2792 W 5718016 2048 1
2793 W 5720064 2048 1
2794 W 5722112 2048 1
2795 W 5724160 2048 1
2796 W 5726208 2048 1
2797 W 5728256 2048 1
2798 W 5730304 2048 1
2799 W 5732352 2048 1
2800 W 5734400 2048 1
2801 W 5736448 2048 1
2802 W 5738496 2048 1
2803 W 5740544 2048 1
2804 W 5742592 2048 1
2805 W 5744640 2048 1
2806 W 5746688 2048 1
2807 W 5748736 2048 1
2808 W 5750784 2048 1
2809 W 5752832 2048 1
2810 W 5754880 2048 1
2811 W 5756928 2048 1
2812 W 5758976 2048 1
2813 W 5761024 2048 1
2814 W 5763072 2048 1
2815 W 5765120 2048 1
2816 W 5767168 2048 1
2817 W 5769216 2048 1
2818 W 5771264 2048 1
2819 W 5773312 2048 1
2820 W 5775360 2048 1
2821 W 5777408 2048 1
2822 W 5779456 2048 1
2823 W 5781504 2048 1
2824 W 5783552 2048 1
2825 W 5785600 2048 1
2826 W 5787648 2048 1
2827 W 5789696 2048 1
2828 W 5791744 2048 1
2829 W 5793792 2048 1
2830 W 5795840 2048 1
2831 W 5797888 2048 1
2832 W 5799936 2048 1
2833 W 5801984 2048 1
2834 W 5804032 2048 1
2835 W 5806080 2048 1
2836 W 5808128 2048 1
2837 W 5810176 2048 1
2838 W 5812224 2048 1
2839 W 5814272 2048 1
2840 W 5816320 2048 1
2841 W 5818368 2048 1
2842 W 5820416 2048 1
2843 W 5822464 2048 1
2844 W 5824512 2048 1
2845 W 5826560 2048 1
2846 W 5828608 2048 1
2847 W 5830656 2048 1
2848 W 5832704 2048 1
2849 W 5834752 2048 1
2850 W 5836800 2048 1
2851 W 5838848 2048 1
2852 W 5840896 2048 1
2853 W 5842944 2048 1
2854 W 5844992 2048 1
2855 W 5847040 2048 1
2856 W 5849088 2048 1
2857 W 5851136 2048 1
2858 W 5853184 2048 1
2859 W 5855232 2048 1
2860 W 5857280 2048 1
2861 W 5859328 2048 1
2862 W 5861376 2048 1
2863 W 5863424 2048 1
2864 W 5865472 2048 1
2865 W 5867520 2048 1
2866 W 5869568 2048 1
2867 W 5871616 2048 1
2868 W 5873664 2048 1
2869 W 5875712 2048 1
2870 W 5877760 2048 1
2871 W 5879808 2048 1
2872 W 5881856 2048 1
2873 W 5883904 2048 1
2874 W 5885952 2048 1
2875 W 5888000 2048 1
2876 W 5890048 2048 1
2877 W 5892096 2048 1
2878 W 5894144 2048 1
2879 W 5896192 2048 1
2880 W 5898240 2048 1
2881 W 5900288 2048 1
2882 W 5902336 2048 1
2883 W 5904384 2048 1
2884 W 5906432 2048 1
2885 W 5908480 2048 1
2886 W 5910528 2048 1
2887 W 5912576 2048 1
2888 W 5914624 2048 1
2889 W 5916672 2048 1
2890 W 5918720 2048 1
2891 W 5920768 2048 1
2892 W 5922816 2048 1
2893 W 5924864 2048 1
2894 W 5926912 2048 1
2895 W 5928960 2048 1
2896 W 5931008 2048 1
2897 W 5933056 2048 1
2898 W 5935104 2048 1
2899 W 5937152 2048 1
2900 W 5939200 2048 1
2901 W 5941248 2048 1
2902 W 5943296 2048 1
2903 W 5945344 2048 1
2904 W 5947392 2048 1
2905 W 5949440 2048 1
2906 W 5951488 2048 1
2907 W 5953536 2048 1
2908 W 5955584 2048 1
2909 W 5957632 2048 1
2910 W 5959680 2048 1
2911 W 5961728 2048 1
2912 W 5963776 2048 1
2913 W 5965824 2048 1
2914 W 5967872 2048 1
2915 W 5969920 2048 1
2916 W 5971968 2048 1
2917 W 5974016 2048 1
2918 W 5976064 2048 1
2919 W 5978112 2048 1
2920 W 5980160 2048 1
2921 W 5982208 2048 1
2922 W 5984256 2048 1
2923 W 5986304 2048 1
2924 W 5988352 2048 1
2925 W 5990400 2048 1
2926 W 5992448 2048 1
2927 W 5994496 2048 1
2928 W 5996544 2048 1
2929 W 5998592 2048 1
2930 W 6000640 2048 1
2931 W 6002688 2048 1
2932 W 6004736 2048 1
2933 W 6006784 2048 1
2934 W 6008832 2048 1
2935 W 6010880 2048 1
2936 W 6012928 2048 1
2937 W 6014976 2048 1
2938 W 6017024 2048 1
2939 W 6019072 2048 1
2940 W 6021120 2048 1
2941 W 6023168 2048 1
2942 W 6025216 2048 1
2943 W 6027264 2048 1
2944 W 6029312 2048 1
2945 W 6031360 2048 1
2946 W 6033408 2048 1
2947 W 6035456 2048 1
2948 W 6037504 2048 1
2949 W 6039552 2048 1
2950 W 6041600 2048 1
2951 W 6043648 2048 1
2952 W 6045696 2048 1
2953 W 6047744 2048 1
2954 W 6049792 2048 1
2955 W 6051840 2048 1
2956 W 6053888 2048 1
2957 W 6055936 2048 1
2958 W 6057984 2048 1
2959 W 6060032 2048 1
2960 W 6062080 2048 1
2961 W 6064128 2048 1
2962 W 6066176 2048 1
2963 W 6068224 2048 1
2964 W 6070272 2048 1
2965 W 6072320 2048 1
2966 W 6074368 2048 1
2967 W 6076416 2048 1
2968 W 6078464 2048 1
2969 W 6080512 2048 1
2970 W 6082560 2048 1
2971 W 6084608 2048 1
2972 W 6086656 2048 1
2973 W 6088704 2048 1
2974 W 6090752 2048 1
2975 W 6092800 2048 1
2976 W 6094848 2048 1
2977 W 6096896 2048 1
2978 W 6098944 2048 1
2979 W 6100992 2048 1
2980 W 6103040 2048 1
2981 W 6105088 2048 1
2982 W 6107136 2048 1
2983 W 6109184 2048 1
2984 W 6111232 2048 1
2985 W 6113280 2048 1
2986 W 6115328 2048 1
2987 W 6117376 2048 1
2988 W 6119424 2048 1
2989 W 6121472 2048 1
2990 W 6123520 2048 1
2991 W 6125568 2048 1
2992 W 6127616 2048 1
2993 W 6129664 2048 1
2994 W 6131712 2048 1
2995 W 6133760 2048 1
2996 W 6135808 2048 1
2997 W 6137856 2048 1
2998 W 6139904 2048 1
2999 W 6141952 2048 1
3000 W 6144000 2048 1
3001 W 6146048 2048 1
3002 W 6148096 2048 1
3003 W 6150144 2048 1
3004 W 6152192 2048 1
3005 W 6154240 2048 1
3006 W 6156288 2048 1
3007 W 6158336 2048 1
3008 W 6160384 2048 1
3009 W 6162432 2048 1
3010 W 6164480 2048 1
3011 W 6166528 2048 1
3012 W 6168576 2048 1
3013 W 6170624 2048 1
3014 W 6172672 2048 1
3015 W 6174720 2048 1
3016 W 6176768 2048 1
3017 W 6178816 2048 1
3018 W 6180864 2048 1
3019 W 6182912 2048 1
3020 W 6184960 2048 1
3021 W 6187008 2048 1
3022 W 6189056 2048 1
3023 W 6191104 2048 1
3024 W 6193152 2048 1
3025 W 6195200 2048 1
3026 W 6197248 2048 1
3027 W 6199296 2048 1
3028 W 6201344 2048 1
3029 W 6203392 2048 1
3030 W 6205440 2048 1
3031 W 6207488 2048 1
3032 W 6209536 2048 1
3033 W 6211584 2048 1
3034 W 6213632 2048 1
3035 W 6215680 2048 1
3036 W 6217728 2048 1
3037 W 6219776 2048 1
3038 W 6221824 2048 1
3039 W 6223872 2048 1
3040 W 6225920 2048 1
3041 W 6227968 2048 1
3042 W 6230016 2048 1
3043 W 6232064 2048 1
3044 W 6234112 2048 1
3045 W 6236160 2048 1
3046 W 6238208 2048 1
3047 W 6240256 2048 1
3048 W 6242304 2048 1
3049 W 6244352 2048 1
3050 W 6246400 2048 1
3051 W 6248448 2048 1
3052 W 6250496 2048 1
3053 W 6252544 2048 1
3054 W 6254592 2048 1
3055 W 6256640 2048 1
3056 W 6258688 2048 1
3057 W 6260736 2048 1
3058 W 6262784 2048 1
3059 W 6264832 2048 1
3060 W 6266880 2048 1
3061 W 6268928 2048 1
3062 W 6270976 2048 1
3063 W 6273024 2048 1
3064 W 6275072 2048 1
3065 W 6277120 2048 1
3066 W 6279168 2048 1
3067 W 6281216 2048 1
3068 W 6283264 2048 1
3069 W 6285312 2048 1
3070 W 6287360 2048 1
3071 W 6289408 2048 1
3072 W 6291456 2048 1
3073 W 6293504 2048 1
3074 W 6295552 2048 1
3075 W 6297600 2048 1
3076 W 6299648 2048 1
3077 W 6301696 2048 1
3078 W 6303744 2048 1
3079 W 6305792 2048 1
3080 W 6307840 2048 1
3081 W 6309888 2048 1
3082 W 6311936 2048 1
3083 W 6313984 2048 1
3084 W 6316032 2048 1
3085 W 6318080 2048 1
3086 W 6320128 2048 1
3087 W 6322176 2048 1
3088 W 6324224 2048 1
3089 W 6326272 2048 1
3090 W 6328320 2048 1
3091 W 6330368 2048 1
3092 W 6332416 2048 1
3093 W 6334464 2048 1
3094 W 6336512 2048 1
3095 W 6338560 2048 1
3096 W 6340608 2048 1
3097 W 6342656 2048 1
3098 W 6344704 2048 1
3099 W 6346752 2048 1
3100 W 6348800 2048 1
3101 W 6350848 2048 1
3102 W 6352896 2048 1
3103 W 6354944 2048 1
3104 W 6356992 2048 1
3105 W 6359040 2048 1
3106 W 6361088 2048 1
3107 W 6363136 2048 1
3108 W 6365184 2048 1
3109 W 6367232 2048 1
3110 W 6369280 2048 1
3111 W 6371328 2048 1
3112 W 6373376 2048 1
3113 W 6375424 2048 1
3114 W 6377472 2048 1
3115 W 6379520 2048 1
3116 W 6381568 2048 1
3117 W 6383616 2048 1
3118 W 6385664 2048 1
3119 W 6387712 2048 1
3120 W 6389760 2048 1
3121 W 6391808 2048 1
3122 W 6393856 2048 1
3123 W 6395904 2048 1
3124 W 6397952 2048 1
3125 W 6400000 2048 1
3126 W 6402048 2048 1
3127 W 6404096 2048 1
3128 W 6406144 2048 1
3129 W 6408192 2048 1
3130 W 6410240 2048 1
3131 W 6412288 2048 1
3132 W 6414336 2048 1
3133 W 6416384 2048 1
3134 W 6418432 2048 1
3135 W 6420480 2048 1
3136 W 6422528 2048 1
3137 W 6424576 2048 1
3138 W 6426624 2048 1
3139 W 6428672 2048 1
3140 W 6430720 2048 1
3141 W 6432768 2048 1
3142 W 6434816 2048 1
3143 W 6436864 2048 1
3144 W 6438912 2048 1
3145 W 6440960 2048 1
3146 W 6443008 2048 1
3147 W 6445056 2048 1
3148 W 6447104 2048 1
3149 W 6449152 2048 1
3150 W 6451200 2048 1
3151 W 6453248 2048 1
3152 W 6455296 2048 1
3153 W 6457344 2048 1
3154 W 6459392 2048 1
3155 W 6461440 2048 1
3156 W 6463488 2048 1
3157 W 6465536 2048 1
3158 W 6467584 2048 1
3159 W 6469632 2048 1
3160 W 6471680 2048 1
3161 W 6473728 2048 1
3162 W 6475776 2048 1
3163 W 6477824 2048 1
3164 W 6479872 2048 1
3165 W 6481920 2048 1
3166 W 6483968 2048 1
3167 W 6486016 2048 1
3168 W 6488064 2048 1
3169 W 6490112 2048 1
3170 W 6492160 2048 1
3171 W 6494208 2048 1
3172 W 6496256 2048 1
3173 W 6498304 2048 1
3174 W 6500352 2048 1
3175 W 6502400 2048 1
3176 W 6504448 2048 1
3177 W 6506496 2048 1
3178 W 6508544 2048 1
3179 W 6510592 2048 1
3180 W 6512640 2048 1
3181 W 6514688 2048 1
3182 W 6516736 2048 1
3183 W 6518784 2048 1
3184 W 6520832 2048 1
3185 W 6522880 2048 1
3186 W 6524928 2048 1
3187 W 6526976 2048 1
3188 W 6529024 2048 1
3189 W 6531072 2048 1
3190 W 6533120 2048 1
3191 W 6535168 2048 1
3192 W 6537216 2048 1
3193 W 6539264 2048 1
3194 W 6541312 2048 1
3195 W 6543360 2048 1
3196 W 6545408 2048 1
3197 W 6547456 2048 1
3198 W 6549504 2048 1
3199 W 6551552 2048 1
3200 W 6553600 2048 1
3201 W 6555648 2048 1
3202 W 6557696 2048 1
3203 W 6559744 2048 1
3204 W 6561792 2048 1
3205 W 6563840 2048 1
3206 W 6565888 2048 1
3207 W 6567936 2048 1
3208 W 6569984 2048 1
3209 W 6572032 2048 1
3210 W 6574080 2048 1
3211 W 6576128 2048 1
3212 W 6578176 2048 1
3213 W 6580224 2048 1
3214 W 6582272 2048 1
3215 W 6584320 2048 1
3216 W 6586368 2048 1
3217 W 6588416 2048 1
3218 W 6590464 2048 1
3219 W 6592512 2048 1
3220 W 6594560 2048 1
3221 W 6596608 2048 1
3222 W 6598656 2048 1
3223 W 6600704 2048 1
3224 W 6602752 2048 1
3225 W 6604800 2048 1
3226 W 6606848 2048 1
3227 W 6608896 2048 1
3228 W 6610944 2048 1
3229 W 6612992 2048 1
3230 W 6615040 2048 1
3231 W 6617088 2048 1
3232 W 6619136 2048 1
3233 W 6621184 2048 1
3234 W 6623232 2048 1
3235 W 6625280 2048 1
3236 W 6627328 2048 1
3237 W 6629376 2048 1
3238 W 6631424 2048 1
3239 W 6633472 2048 1
3240 W 6635520 2048 1
3241 W 6637568 2048 1
3242 W 6639616 2048 1
3243 W 6641664 2048 1
3244 W 6643712 2048 1
3245 W 6645760 2048 1
3246 W 6647808 2048 1
3247 W 6649856 2048 1
3248 W 6651904 2048 1
3249 W 6653952 2048 1
3250 W 6656000 2048 1
3251 W 6658048 2048 1
3252 W 6660096 2048 1
3253 W 6662144 2048 1
3254 W 6664192 2048 1
3255 W 6666240 2048 1
3256 W 6668288 2048 1
3257 W 6670336 2048 1
3258 W 6672384 2048 1
3259 W 6674432 2048 1
3260 W 6676480 2048 1
3261 W 6678528 2048 1
3262 W 6680576 2048 1
3263 W 6682624 2048 1
3264 W 6684672 2048 1
3265 W 6686720 2048 1
3266 W 6688768 2048 1
3267 W 6690816 2048 1
3268 W 6692864 2048 1
3269 W 6694912 2048 1
3270 W 6696960 2048 1
3271 W 6699008 2048 1
3272 W 6701056 2048 1
3273 W 6703104 2048 1
3274 W 6705152 2048 1
3275 W 6707200 2048 1
3276 W 6709248 2048 1
3277 W 6711296 2048 1
3278 W 6713344 2048 1
3279 W 6715392 2048 1
3280 W 6717440 2048 1
3281 W 6719488 2048 1
3282 W 6721536 2048 1
3283 W 6723584 2048 1
3284 W 6725632 2048 1
3285 W 6727680 2048 1
3286 W 6729728 2048 1
3287 W 6731776 2048 1
3288 W 6733824 2048 1
3289 W 6735872 2048 1
3290 W 6737920 2048 1
3291 W 6739968 2048 1
3292 W 6742016 2048 1
3293 W 6744064 2048 1
3294 W 6746112 2048 1
3295 W 6748160 2048 1
3296 W 6750208 2048 1
3297 W 6752256 2048 1
3298 W 6754304 2048 1
3299 W 6756352 2048 1
3300 W 6758400 2048 1
3301 W 6760448 2048 1
3302 W 6762496 2048 1
3303 W 6764544 2048 1
3304 W 6766592 2048 1
3305 W 6768640 2048 1
3306 W 6770688 2048 1
3307 W 6772736 2048 1
3308 W 6774784 2048 1
3309 W 6776832 2048 1
3310 W 6778880 2048 1
3311 W 6780928 2048 1
3312 W 6782976 2048 1
3313 W 6785024 2048 1
3314 W 6787072 2048 1
3315 W 6789120 2048 1
3316 W 6791168 2048 1
3317 W 6793216 2048 1
3318 W 6795264 2048 1
3319 W 6797312 2048 1
3320 W 6799360 2048 1
3321 W 6801408 2048 1
3322 W 6803456 2048 1
3323 W 6805504 2048 1
3324 W 6807552 2048 1
3325 W 6809600 2048 1
3326 W 6811648 2048 1
3327 W 6813696 2048 1
3328 W 6815744 2048 1
3329 W 6817792 2048 1
3330 W 6819840 2048 1
3331 W 6821888 2048 1
3332 W 6823936 2048 1
3333 W 6825984 2048 1
3334 W 6828032 2048 1
3335 W 6830080 2048 1
3336 W 6832128 2048 1
3337 W 6834176 2048 1
3338 W 6836224 2048 1
3339 W 6838272 2048 1
3340 W 6840320 2048 1
3341 W 6842368 2048 1
3342 W 6844416 2048 1
3343 W 6846464 2048 1
3344 W 6848512 2048 1
3345 W 6850560 2048 1
3346 W 6852608 2048 1
3347 W 6854656 2048 1
3348 W 6856704 2048 1
3349 W 6858752 2048 1
3350 W 6860800 2048 1
3351 W 6862848 2048 1
3352 W 6864896 2048 1
3353 W 6866944 2048 1
3354 W 6868992 2048 1
3355 W 6871040 2048 1
3356 W 6873088 2048 1
3357 W 6875136 2048 1
3358 W 6877184 2048 1
3359 W 6879232 2048 1
3360 W 6881280 2048 1
3361 W 6883328 2048 1
3362 W 6885376 2048 1
3363 W 6887424 2048 1
3364 W 6889472 2048 1
3365 W 6891520 2048 1
3366 W 6893568 2048 1
3367 W 6895616 2048 1
3368 W 6897664 2048 1
3369 W 6899712 2048 1
3370 W 6901760 2048 1
3371 W 6903808 2048 1
3372 W 6905856 2048 1
3373 W 6907904 2048 1
3374 W 6909952 2048 1
3375 W 6912000 2048 1
3376 W 6914048 2048 1
3377 W 6916096 2048 1
3378 W 6918144 2048 1
3379 W 6920192 2048 1
3380 W 6922240 2048 1
3381 W 6924288 2048 1
3382 W 6926336 2048 1
3383 W 6928384 2048 1
3384 W 6930432 2048 1
3385 W 6932480 2048 1
3386 W 6934528 2048 1
3387 W 6936576 2048 1
3388 W 6938624 2048 1
3389 W 6940672 2048 1
3390 W 6942720 2048 1
3391 W 6944768 2048 1
3392 W 6946816 2048 1
3393 W 6948864 2048 1
3394 W 6950912 2048 1
3395 W 6952960 2048 1
3396 W 6955008 2048 1
3397 W 6957056 2048 1
3398 W 6959104 2048 1
3399 W 6961152 2048 1
3400 W 6963200 2048 1
3401 W 6965248 2048 1
3402 W 6967296 2048 1
3403 W 6969344 2048 1
3404 W 6971392 2048 1
3405 W 6973440 2048 1
3406 W 6975488 2048 1
3407 W 6977536 2048 1
3408 W 6979584 2048 1
3409 W 6981632 2048 1
3410 W 6983680 2048 1
3411 W 6985728 2048 1
3412 W 6987776 2048 1
3413 W 6989824 2048 1
3414 W 6991872 2048 1
3415 W 6993920 2048 1
3416 W 6995968 2048 1
3417 W 6998016 2048 1
3418 W 7000064 2048 1
3419 W 7002112 2048 1
3420 W 7004160 2048 1
3421 W 7006208 2048 1
3422 W 7008256 2048 1
3423 W 7010304 2048 1
3424 W 7012352 2048 1
3425 W 7014400 2048 1
3426 W 7016448 2048 1
3427 W 7018496 2048 1
3428 W 7020544 2048 1
3429 W 7022592 2048 1
3430 W 7024640 2048 1
3431 W 7026688 2048 1
3432 W 7028736 2048 1
3433 W 7030784 2048 1
3434 W 7032832 2048 1
3435 W 7034880 2048 1
3436 W 7036928 2048 1
3437 W 7038976 2048 1
3438 W 7041024 2048 1
3439 W 7043072 2048 1
3440 W 7045120 2048 1
3441 W 7047168 2048 1
3442 W 7049216 2048 1
3443 W 7051264 2048 1
3444 W 7053312 2048 1
3445 W 7055360 2048 1
3446 W 7057408 2048 1
3447 W 7059456 2048 1
3448 W 7061504 2048 1
3449 W 7063552 2048 1
3450 W 7065600 2048 1
3451 W 7067648 2048 1
3452 W 7069696 2048 1
3453 W 7071744 2048 1
3454 W 7073792 2048 1
3455 W 7075840 2048 1
3456 W 7077888 2048 1
3457 W 7079936 2048 1
3458 W 7081984 2048 1
3459 W 7084032 2048 1
3460 W 7086080 2048 1
3461 W 7088128 2048 1
3462 W 7090176 2048 1
3463 W 7092224 2048 1
3464 W 7094272 2048 1
3465 W 7096320 2048 1
3466 W 7098368 2048 1
3467 W 7100416 2048 1
3468 W 7102464 2048 1
3469 W 7104512 2048 1
3470 W 7106560 2048 1
3471 W 7108608 2048 1
3472 W 7110656 2048 1
3473 W 7112704 2048 1
3474 W 7114752 2048 1
3475 W 7116800 2048 1
3476 W 7118848 2048 1
3477 W 7120896 2048 1
3478 W 7122944 2048 1
3479 W 7124992 2048 1
3480 W 7127040 2048 1
3481 W 7129088 2048 1
3482 W 7131136 2048 1
3483 W 7133184 2048 1
3484 W 7135232 2048 1
3485 W 7137280 2048 1
3486 W 7139328 2048 1
3487 W 7141376 2048 1
3488 W 7143424 2048 1
3489 W 7145472 2048 1
3490 W 7147520 2048 1
3491 W 7149568 2048 1
3492 W 7151616 2048 1
3493 W 7153664 2048 1
3494 W 7155712 2048 1
3495 W 7157760 2048 1
3496 W 7159808 2048 1
3497 W 7161856 2048 1
3498 W 7163904 2048 1
3499 W 7165952 2048 1
3500 W 7168000 2048 1
3501 W 7170048 2048 1
3502 W 7172096 2048 1
3503 W 7174144 2048 1
3504 W 7176192 2048 1
3505 W 7178240 2048 1
3506 W 7180288 2048 1
3507 W 7182336 2048 1
3508 W 7184384 2048 1
3509 W 7186432 2048 1
3510 W 7188480 2048 1
3511 W 7190528 2048 1
3512 W 7192576 2048 1
3513 W 7194624 2048 1
3514 W 7196672 2048 1
3515 W 7198720 2048 1
3516 W 7200768 2048 1
3517 W 7202816 2048 1
3518 W 7204864 2048 1
3519 W 7206912 2048 1
3520 W 7208960 2048 1
3521 W 7211008 2048 1
3522 W 7213056 2048 1
3523 W 7215104 2048 1
3524 W 7217152 2048 1
3525 W 7219200 2048 1
3526 W 7221248 2048 1
3527 W 7223296 2048 1
3528 W 7225344 2048 1
3529 W 7227392 2048 1
3530 W 7229440 2048 1
3531 W 7231488 2048 1
3532 W 7233536 2048 1
3533 W 7235584 2048 1
3534 W 7237632 2048 1
3535 W 7239680 2048 1
3536 W 7241728 2048 1
3537 W 7243776 2048 1
3538 W 7245824 2048 1
3539 W 7247872 2048 1
3540 W 7249920 2048 1
3541 W 7251968 2048 1
3542 W 7254016 2048 1
3543 W 7256064 2048 1
3544 W 7258112 2048 1
3545 W 7260160 2048 1
3546 W 7262208 2048 1
3547 W 7264256 2048 1
3548 W 7266304 2048 1
3549 W 7268352 2048 1
3550 W 7270400 2048 1
3551 W 7272448 2048 1
3552 W 7274496 2048 1
3553 W 7276544 2048 1
3554 W 7278592 2048 1
3555 W 7280640 2048 1
3556 W 7282688 2048 1
3557 W 7284736 2048 1
3558 W 7286784 2048 1
3559 W 7288832 2048 1
3560 W 7290880 2048 1
3561 W 7292928 2048 1
3562 W 7294976 2048 1
3563 W 7297024 2048 1
3564 W 7299072 2048 1
3565 W 7301120 2048 1
3566 W 7303168 2048 1
3567 W 7305216 2048 1
3568 W 7307264 2048 1
3569 W 7309312 2048 1
3570 W 7311360 2048 1
3571 W 7313408 2048 1
3572 W 7315456 2048 1
3573 W 7317504 2048 1
3574 W 7319552 2048 1
3575 W 7321600 2048 1
3576 W 7323648 2048 1
3577 W 7325696 2048 1
3578 W 7327744 2048 1
3579 W 7329792 2048 1
3580 W 7331840 2048 1
3581 W 7333888 2048 1
3582 W 7335936 2048 1
3583 W 7337984 2048 1
3584 W 7340032 2048 1
3585 W 7342080 2048 1
3586 W 7344128 2048 1
3587 W 7346176 2048 1
3588 W 7348224 2048 1
3589 W 7350272 2048 1
3590 W 7352320 2048 1
3591 W 7354368 2048 1
3592 W 7356416 2048 1
3593 W 7358464 2048 1
3594 W 7360512 2048 1
3595 W 7362560 2048 1
3596 W 7364608 2048 1
3597 W 7366656 2048 1
3598 W 7368704 2048 1
3599 W 7370752 2048 1
3600 W 7372800 2048 1
3601 W 7374848 2048 1
3602 W 7376896 2048 1
3603 W 7378944 2048 1
3604 W 7380992 2048 1
3605 W 7383040 2048 1
3606 W 7385088 2048 1
3607 W 7387136 2048 1
3608 W 7389184 2048 1
3609 W 7391232 2048 1
3610 W 7393280 2048 1
3611 W 7395328 2048 1
3612 W 7397376 2048 1
3613 W 7399424 2048 1
3614 W 7401472 2048 1
3615 W 7403520 2048 1
3616 W 7405568 2048 1
3617 W 7407616 2048 1
3618 W 7409664 2048 1
3619 W 7411712 2048 1
3620 W 7413760 2048 1
3621 W 7415808 2048 1
3622 W 7417856 2048 1
3623 W 7419904 2048 1
3624 W 7421952 2048 1
3625 W 7424000 2048 1
3626 W 7426048 2048 1
3627 W 7428096 2048 1
3628 W 7430144 2048 1
3629 W 7432192 2048 1
3630 W 7434240 2048 1
3631 W 7436288 2048 1
3632 W 7438336 2048 1
3633 W 7440384 2048 1
3634 W 7442432 2048 1
3635 W 7444480 2048 1
3636 W 7446528 2048 1
3637 W 7448576 2048 1
3638 W 7450624 2048 1
3639 W 7452672 2048 1
3640 W 7454720 2048 1
3641 W 7456768 2048 1
3642 W 7458816 2048 1
3643 W 7460864 2048 1
3644 W 7462912 2048 1
3645 W 7464960 2048 1
3646 W 7467008 2048 1
3647 W 7469056 2048 1
3648 W 7471104 2048 1
3649 W 7473152 2048 1
3650 W 7475200 2048 1
3651 W 7477248 2048 1
3652 W 7479296 2048 1
3653 W 7481344 2048 1
3654 W 7483392 2048 1
3655 W 7485440 2048 1
3656 W 7487488 2048 1
3657 W 7489536 2048 1
3658 W 7491584 2048 1
3659 W 7493632 2048 1
3660 W 7495680 2048 1
3661 W 7497728 2048 1
3662 W 7499776 2048 1
3663 W 7501824 2048 1
3664 W 7503872 2048 1
3665 W 7505920 2048 1
3666 W 7507968 2048 1
3667 W 7510016 2048 1
3668 W 7512064 2048 1
3669 W 7514112 2048 1
3670 W 7516160 2048 1
3671 W 7518208 2048 1
3672 W 7520256 2048 1
3673 W 7522304 2048 1
3674 W 7524352 2048 1
3675 W 7526400 2048 1
3676 W 7528448 2048 1
3677 W 7530496 2048 1
3678 W 7532544 2048 1
3679 W 7534592 2048 1
3680 W 7536640 2048 1
3681 W 7538688 2048 1
3682 W 7540736 2048 1
3683 W 7542784 2048 1
3684 W 7544832 2048 1
3685 W 7546880 2048 1
3686 W 7548928 2048 1
3687 W 7550976 2048 1
3688 W 7553024 2048 1
3689 W 7555072 2048 1
3690 W 7557120 2048 1
3691 W 7559168 2048 1
3692 W 7561216 2048 1
3693 W 7563264 2048 1
3694 W 7565312 2048 1
3695 W 7567360 2048 1
3696 W 7569408 2048 1
3697 W 7571456 2048 1
3698 W 7573504 2048 1
3699 W 7575552 2048 1
3700 W 7577600 2048 1
3701 W 7579648 2048 1
3702 W 7581696 2048 1
3703 W 7583744 2048 1
3704 W 7585792 2048 1
3705 W 7587840 2048 1
3706 W 7589888 2048 1
3707 W 7591936 2048 1
3708 W 7593984 2048 1
3709 W 7596032 2048 1
3710 W 7598080 2048 1
3711 W 7600128 2048 1
3712 W 7602176 2048 1
3713 W 7604224 2048 1
3714 W 7606272 2048 1
3715 W 7608320 2048 1
3716 W 7610368 2048 1
3717 W 7612416 2048 1
3718 W 7614464 2048 1
3719 W 7616512 2048 1
3720 W 7618560 2048 1
3721 W 7620608 2048 1
3722 W 7622656 2048 1
3723 W 7624704 2048 1
3724 W 7626752 2048 1
3725 W 7628800 2048 1
3726 W 7630848 2048 1
3727 W 7632896 2048 1
3728 W 7634944 2048 1
3729 W 7636992 2048 1
3730 W 7639040 2048 1
3731 W 7641088 2048 1
3732 W 7643136 2048 1
3733 W 7645184 2048 1
3734 W 7647232 2048 1
3735 W 7649280 2048 1
3736 W 7651328 2048 1
3737 W 7653376 2048 1
3738 W 7655424 2048 1
3739 W 7657472 2048 1
3740 W 7659520 2048 1
3741 W 7661568 2048 1
3742 W 7663616 2048 1
3743 W 7665664 2048 1
3744 W 7667712 2048 1
3745 W 7669760 2048 1
3746 W 7671808 2048 1
3747 W 7673856 2048 1
3748 W 7675904 2048 1
3749 W 7677952 2048 1
3750 W 7680000 2048 1
3751 W 7682048 2048 1
3752 W 7684096 2048 1
3753 W 7686144 2048 1
3754 W 7688192 2048 1
3755 W 7690240 2048 1
3756 W 7692288 2048 1
3757 W 7694336 2048 1
3758 W 7696384 2048 1
3759 W 7698432 2048 1
3760 W 7700480 2048 1
3761 W 7702528 2048 1
3762 W 7704576 2048 1
3763 W 7706624 2048 1
3764 W 7708672 2048 1
3765 W 7710720 2048 1
3766 W 7712768 2048 1
3767 W 7714816 2048 1
3768 W 7716864 2048 1
3769 W 7718912 2048 1
3770 W 7720960 2048 1
3771 W 7723008 2048 1
3772 W 7725056 2048 1
3773 W 7727104 2048 1
3774 W 7729152 2048 1
3775 W 7731200 2048 1
3776 W 7733248 2048 1
3777 W 7735296 2048 1
3778 W 7737344 2048 1
3779 W 7739392 2048 1
3780 W 7741440 2048 1
3781 W 7743488 2048 1
3782 W 7745536 2048 1
3783 W 7747584 2048 1
3784 W 7749632 2048 1
3785 W 7751680 2048 1
3786 W 7753728 2048 1
3787 W 7755776 2048 1
3788 W 7757824 2048 1
3789 W 7759872 2048 1
3790 W 7761920 2048 1
3791 W 7763968 2048 1
3792 W 7766016 2048 1
3793 W 7768064 2048 1
3794 W 7770112 2048 1
3795 W 7772160 2048 1
3796 W 7774208 2048 1
3797 W 7776256 2048 1
3798 W 7778304 2048 1
3799 W 7780352 2048 1
3800 W 7782400 2048 1
3801 W 7784448 2048 1
3802 W 7786496 2048 1
3803 W 7788544 2048 1
3804 W 7790592 2048 1
3805 W 7792640 2048 1
3806 W 7794688 2048 1
3807 W 7796736 2048 1
3808 W 7798784 2048 1
3809 W 7800832 2048 1
3810 W 7802880 2048 1
3811 W 7804928 2048 1
3812 W 7806976 2048 1
3813 W 7809024 2048 1
3814 W 7811072 2048 1
3815 W 7813120 2048 1
3816 W 7815168 2048 1
3817 W 7817216 2048 1
3818 W 7819264 2048 1
3819 W 7821312 2048 1
3820 W 7823360 2048 1
3821 W 7825408 2048 1
3822 W 7827456 2048 1
3823 W 7829504 2048 1
3824 W 7831552 2048 1
3825 W 7833600 2048 1
3826 W 7835648 2048 1
3827 W 7837696 2048 1
3828 W 7839744 2048 1
3829 W 7841792 2048 1
3830 W 7843840 2048 1
3831 W 7845888 2048 1
3832 W 7847936 2048 1
3833 W 7849984 2048 1
3834 W 7852032 2048 1
3835 W 7854080 2048 1
3836 W 7856128 2048 1
3837 W 7858176 2048 1
3838 W 7860224 2048 1
3839 W 7862272 2048 1
3840 W 7864320 2048 1
3841 W 7866368 2048 1
3842 W 7868416 2048 1
3843 W 7870464 2048 1
3844 W 7872512 2048 1
3845 W 7874560 2048 1
3846 W 7876608 2048 1
3847 W 7878656 2048 1
3848 W 7880704 2048 1
3849 W 7882752 2048 1
3850 W 7884800 2048 1
3851 W 7886848 2048 1
3852 W 7888896 2048 1
3853 W 7890944 2048 1
3854 W 7892992 2048 1
3855 W 7895040 2048 1
3856 W 7897088 2048 1
3857 W 7899136 2048 1
3858 W 7901184 2048 1
3859 W 7903232 2048 1
3860 W 7905280 2048 1
3861 W 7907328 2048 1
3862 W 7909376 2048 1
3863 W 7911424 2048 1
3864 W 7913472 2048 1
3865 W 7915520 2048 1
3866 W 7917568 2048 1
3867 W 7919616 2048 1
3868 W 7921664 2048 1
3869 W 7923712 2048 1
3870 W 7925760 2048 1
3871 W 7927808 2048 1
3872 W 7929856 2048 1
3873 W 7931904 2048 1
3874 W 7933952 2048 1
3875 W 7936000 2048 1
3876 W 7938048 2048 1
3877 W 7940096 2048 1
3878 W 7942144 2048 1
3879 W 7944192 2048 1
3880 W 7946240 2048 1
3881 W 7948288 2048 1
3882 W 7950336 2048 1
3883 W 7952384 2048 1
3884 W 7954432 2048 1
3885 W 7956480 2048 1
3886 W 7958528 2048 1
3887 W 7960576 2048 1
3888 W 7962624 2048 1
3889 W 7964672 2048 1
3890 W 7966720 2048 1
3891 W 7968768 2048 1
3892 W 7970816 2048 1
3893 W 7972864 2048 1
3894 W 7974912 2048 1
3895 W 7976960 2048 1
3896 W 7979008 2048 1
3897 W 7981056 2048 1
3898 W 7983104 2048 1
3899 W 7985152 2048 1
3900 W 7987200 2048 1
3901 W 7989248 2048 1
3902 W 7991296 2048 1
3903 W 7993344 2048 1
3904 W 7995392 2048 1
3905 W 7997440 2048 1
3906 W 7999488 2048 1
3907 W 8001536 2048 1
3908 W 8003584 2048 1
3909 W 8005632 2048 1
3910 W 8007680 2048 1
3911 W 8009728 2048 1
3912 W 8011776 2048 1
3913 W 8013824 2048 1
3914 W 8015872 2048 1
3915 W 8017920 2048 1
3916 W 8019968 2048 1
3917 W 8022016 2048 1
3918 W 8024064 2048 1
3919 W 8026112 2048 1
3920 W 8028160 2048 1
3921 W 8030208 2048 1
3922 W 8032256 2048 1
3923 W 8034304 2048 1
3924 W 8036352 2048 1
3925 W 8038400 2048 1
3926 W 8040448 2048 1
3927 W 8042496 2048 1
3928 W 8044544 2048 1
3929 W 8046592 2048 1
3930 W 8048640 2048 1
3931 W 8050688 2048 1
3932 W 8052736 2048 1
3933 W 8054784 2048 1
3934 W 8056832 2048 1
3935 W 8058880 2048 1
3936 W 8060928 2048 1
3937 W 8062976 2048 1
3938 W 8065024 2048 1
3939 W 8067072 2048 1
3940 W 8069120 2048 1
3941 W 8071168 2048 1
3942 W 8073216 2048 1
3943 W 8075264 2048 1
3944 W 8077312 2048 1
3945 W 8079360 2048 1
3946 W 8081408 2048 1
3947 W 8083456 2048 1
3948 W 8085504 2048 1
3949 W 8087552 2048 1
3950 W 8089600 2048 1
3951 W 8091648 2048 1
3952 W 8093696 2048 1
3953 W 8095744 2048 1
3954 W 8097792 2048 1
3955 W 8099840 2048 1
3956 W 8101888 2048 1
3957 W 8103936 2048 1
3958 W 8105984 2048 1
3959 W 8108032 2048 1
3960 W 8110080 2048 1
3961 W 8112128 2048 1
3962 W 8114176 2048 1
3963 W 8116224 2048 1
3964 W 8118272 2048 1
3965 W 8120320 2048 1
3966 W 8122368 2048 1
3967 W 8124416 2048 1
3968 W 8126464 2048 1
3969 W 8128512 2048 1
3970 W 8130560 2048 1
3971 W 8132608 2048 1
3972 W 8134656 2048 1
3973 W 8136704 2048 1
3974 W 8138752 2048 1
3975 W 8140800 2048 1
3976 W 8142848 2048 1
3977 W 8144896 2048 1
3978 W 8146944 2048 1
3979 W 8148992 2048 1
3980 W 8151040 2048 1
3981 W 8153088 2048 1
3982 W 8155136 2048 1
3983 W 8157184 2048 1
3984 W 8159232 2048 1
3985 W 8161280 2048 1
3986 W 8163328 2048 1
3987 W 8165376 2048 1
3988 W 8167424 2048 1
3989 W 8169472 2048 1
3990 W 8171520 2048 1
3991 W 8173568 2048 1
3992 W 8175616 2048 1
3993 W 8177664 2048 1
3994 W 8179712 2048 1
3995 W 8181760 2048 1
3996 W 8183808 2048 1
3997 W 8185856 2048 1
3998 W 8187904 2048 1
3999 W 8189952 2048 1
4000 W 8192000 2048 1
4001 W 8194048 2048 1
4002 W 8196096 2048 1
4003 W 8198144 2048 1
4004 W 8200192 2048 1
4005 W 8202240 2048 1
4006 W 8204288 2048 1
4007 W 8206336 2048 1
4008 W 8208384 2048 1
4009 W 8210432 2048 1
4010 W 8212480 2048 1
4011 W 8214528 2048 1
4012 W 8216576 2048 1
4013 W 8218624 2048 1
4014 W 8220672 2048 1
4015 W 8222720 2048 1
4016 W 8224768 2048 1
4017 W 8226816 2048 1
4018 W 8228864 2048 1
4019 W 8230912 2048 1
4020 W 8232960 2048 1
4021 W 8235008 2048 1
4022 W 8237056 2048 1
4023 W 8239104 2048 1
4024 W 8241152 2048 1
4025 W 8243200 2048 1
4026 W 8245248 2048 1
4027 W 8247296 2048 1
4028 W 8249344 2048 1
4029 W 8251392 2048 1
4030 W 8253440 2048 1
4031 W 8255488 2048 1
4032 W 8257536 2048 1
4033 W 8259584 2048 1
4034 W 8261632 2048 1
4035 W 8263680 2048 1
4036 W 8265728 2048 1
4037 W 8267776 2048 1
4038 W 8269824 2048 1
4039 W 8271872 2048 1
4040 W 8273920 2048 1
4041 W 8275968 2048 1
4042 W 8278016 2048 1
4043 W 8280064 2048 1
4044 W 8282112 2048 1
4045 W 8284160 2048 1
4046 W 8286208 2048 1
4047 W 8288256 2048 1
4048 W 8290304 2048 1
4049 W 8292352 2048 1
4050 W 8294400 2048 1
4051 W 8296448 2048 1
4052 W 8298496 2048 1
4053 W 8300544 2048 1
4054 W 8302592 2048 1
4055 W 8304640 2048 1
4056 W 8306688 2048 1
4057 W 8308736 2048 1
4058 W 8310784 2048 1
4059 W 8312832 2048 1
4060 W 8314880 2048 1
4061 W 8316928 2048 1
4062 W 8318976 2048 1
4063 W 8321024 2048 1
4064 W 8323072 2048 1
4065 W 8325120 2048 1
4066 W 8327168 2048 1
4067 W 8329216 2048 1
4068 W 8331264 2048 1
4069 W 8333312 2048 1
4070 W 8335360 2048 1
4071 W 8337408 2048 1
4072 W 8339456 2048 1
4073 W 8341504 2048 1
4074 W 8343552 2048 1
4075 W 8345600 2048 1
4076 W 8347648 2048 1
4077 W 8349696 2048 1
4078 W 8351744 2048 1
4079 W 8353792 2048 1
4080 W 8355840 2048 1
4081 W 8357888 2048 1
4082 W 8359936 2048 1
4083 W 8361984 2048 1
4084 W 8364032 2048 1
4085 W 8366080 2048 1
4086 W 8368128 2048 1
4087 W 8370176 2048 1
4088 W 8372224 2048 1
4089 W 8374272 2048 1
4090 W 8376320 2048 1
4091 W 8378368 2048 1
4092 W 8380416 2048 1
4093 W 8382464 2048 1
4094 W 8384512 2048 1
4095 W 8386560 2048 1
4096 W 8388608 2048 1
4097 W 8390656 2048 1
4098 W 8392704 2048 1
4099 W 8394752 2048 1
4100 W 8396800 2048 1
4101 W 8398848 2048 1
4102 W 8400896 2048 1
4103 W 8402944 2048 1
4104 W 8404992 2048 1
4105 W 8407040 2048 1
4106 W 8409088 2048 1
4107 W 8411136 2048 1
4108 W 8413184 2048 1
4109 W 8415232 2048 1
4110 W 8417280 2048 1
4111 W 8419328 2048 1
4112 W 8421376 2048 1
4113 W 8423424 2048 1
4114 W 8425472 2048 1
4115 W 8427520 2048 1
4116 W 8429568 2048 1
4117 W 8431616 2048 1
4118 W 8433664 2048 1
4119 W 8435712 2048 1
4120 W 8437760 2048 1
4121 W 8439808 2048 1
4122 W 8441856 2048 1
4123 W 8443904 2048 1
4124 W 8445952 2048 1
4125 W 8448000 2048 1
4126 W 8450048 2048 1
4127 W 8452096 2048 1
4128 W 8454144 2048 1
4129 W 8456192 2048 1
4130 W 8458240 2048 1
4131 W 8460288 2048 1
4132 W 8462336 2048 1
4133 W 8464384 2048 1
4134 W 8466432 2048 1
4135 W 8468480 2048 1
4136 W 8470528 2048 1
4137 W 8472576 2048 1
4138 W 8474624 2048 1
4139 W 8476672 2048 1
4140 W 8478720 2048 1
4141 W 8480768 2048 1
4142 W 8482816 2048 1
4143 W 8484864 2048 1
4144 W 8486912 2048 1
4145 W 8488960 2048 1
4146 W 8491008 2048 1
4147 W 8493056 2048 1
4148 W 8495104 2048 1
4149 W 8497152 2048 1
4150 W 8499200 2048 1
4151 W 8501248 2048 1
4152 W 8503296 2048 1
4153 W 8505344 2048 1
4154 W 8507392 2048 1
4155 W 8509440 2048 1
4156 W 8511488 2048 1
4157 W 8513536 2048 1
4158 W 8515584 2048 1
4159 W 8517632 2048 1
4160 W 8519680 2048 1
4161 W 8521728 2048 1
4162 W 8523776 2048 1
4163 W 8525824 2048 1
4164 W 8527872 2048 1
4165 W 8529920 2048 1
4166 W 8531968 2048 1
4167 W 8534016 2048 1
4168 W 8536064 2048 1
4169 W 8538112 2048 1
4170 W 8540160 2048 1
4171 W 8542208 2048 1
4172 W 8544256 2048 1
4173 W 8546304 2048 1
4174 W 8548352 2048 1
4175 W 8550400 2048 1
4176 W 8552448 2048 1
4177 W 8554496 2048 1
4178 W 8556544 2048 1
4179 W 8558592 2048 1
4180 W 8560640 2048 1
4181 W 8562688 2048 1
4182 W 8564736 2048 1
4183 W 8566784 2048 1
4184 W 8568832 2048 1
4185 W 8570880 2048 1
4186 W 8572928 2048 1
4187 W 8574976 2048 1
4188 W 8577024 2048 1
4189 W 8579072 2048 1
4190 W 8581120 2048 1
4191 W 8583168 2048 1
4192 W 8585216 2048 1
4193 W 8587264 2048 1
4194 W 8589312 2048 1
4195 W 8591360 2048 1
4196 W 8593408 2048 1
4197 W 8595456 2048 1
4198 W 8597504 2048 1
4199 W 8599552 2048 1
4200 W 8601600 2048 1
4201 W 8603648 2048 1
4202 W 8605696 2048 1
4203 W 8607744 2048 1
4204 W 8609792 2048 1
4205 W 8611840 2048 1
4206 W 8613888 2048 1
4207 W 8615936 2048 1
4208 W 8617984 2048 1
4209 W 8620032 2048 1
4210 W 8622080 2048 1
4211 W 8624128 2048 1
4212 W 8626176 2048 1
4213 W 8628224 2048 1
4214 W 8630272 2048 1
4215 W 8632320 2048 1
4216 W 8634368 2048 1
4217 W 8636416 2048 1
4218 W 8638464 2048 1
4219 W 8640512 2048 1
4220 W 8642560 2048 1
4221 W 8644608 2048 1
4222 W 8646656 2048 1
4223 W 8648704 2048 1
4224 W 8650752 2048 1
4225 W 8652800 2048 1
4226 W 8654848 2048 1
4227 W 8656896 2048 1
4228 W 8658944 2048 1
4229 W 8660992 2048 1
4230 W 8663040 2048 1
4231 W 8665088 2048 1
4232 W 8667136 2048 1
4233 W 8669184 2048 1
4234 W 8671232 2048 1
4235 W 8673280 2048 1
4236 W 8675328 2048 1
4237 W 8677376 2048 1
4238 W 8679424 2048 1
4239 W 8681472 2048 1
4240 W 8683520 2048 1
4241 W 8685568 2048 1
4242 W 8687616 2048 1
4243 W 8689664 2048 1
4244 W 8691712 2048 1
4245 W 8693760 2048 1
4246 W 8695808 2048 1
4247 W 8697856 2048 1
4248 W 8699904 2048 1
4249 W 8701952 2048 1
4250 W 8704000 2048 1
4251 W 8706048 2048 1
4252 W 8708096 2048 1
4253 W 8710144 2048 1
4254 W 8712192 2048 1
4255 W 8714240 2048 1
4256 W 8716288 2048 1
4257 W 8718336 2048 1
4258 W 8720384 2048 1
4259 W 8722432 2048 1
4260 W 8724480 2048 1
4261 W 8726528 2048 1
4262 W 8728576 2048 1
4263 W 8730624 2048 1
4264 W 8732672 2048 1
4265 W 8734720 2048 1
4266 W 8736768 2048 1
4267 W 8738816 2048 1
4268 W 8740864 2048 1
4269 W 8742912 2048 1
4270 W 8744960 2048 1
4271 W 8747008 2048 1
4272 W 8749056 2048 1
4273 W 8751104 2048 1
4274 W 8753152 2048 1
4275 W 8755200 2048 1
4276 W 8757248 2048 1
4277 W 8759296 2048 1
4278 W 8761344 2048 1
4279 W 8763392 2048 1
4280 W 8765440 2048 1
4281 W 8767488 2048 1
4282 W 8769536 2048 1
4283 W 8771584 2048 1
4284 W 8773632 2048 1
4285 W 8775680 2048 1
4286 W 8777728 2048 1
4287 W 8779776 2048 1
4288 W 8781824 2048 1
4289 W 8783872 2048 1
4290 W 8785920 2048 1
4291 W 8787968 2048 1
4292 W 8790016 2048 1
4293 W 8792064 2048 1
4294 W 8794112 2048 1
4295 W 8796160 2048 1
4296 W 8798208 2048 1
4297 W 8800256 2048 1
4298 W 8802304 2048 1
4299 W 8804352 2048 1
4300 W 8806400 2048 1
4301 W 8808448 2048 1
4302 W 8810496 2048 1
4303 W 8812544 2048 1
4304 W 8814592 2048 1
4305 W 8816640 2048 1
4306 W 8818688 2048 1
4307 W 8820736 2048 1
4308 W 8822784 2048 1
4309 W 8824832 2048 1
4310 W 8826880 2048 1
4311 W 8828928 2048 1
4312 W 8830976 2048 1
4313 W 8833024 2048 1
4314 W 8835072 2048 1
4315 W 8837120 2048 1
4316 W 8839168 2048 1
4317 W 8841216 2048 1
4318 W 8843264 2048 1
4319 W 8845312 2048 1
4320 W 8847360 2048 1
4321 W 8849408 2048 1
4322 W 8851456 2048 1
4323 W 8853504 2048 1
4324 W 8855552 2048 1
4325 W 8857600 2048 1
4326 W 8859648 2048 1
4327 W 8861696 2048 1
4328 W 8863744 2048 1
4329 W 8865792 2048 1
4330 W 8867840 2048 1
4331 W 8869888 2048 1
4332 W 8871936 2048 1
4333 W 8873984 2048 1
4334 W 8876032 2048 1
4335 W 8878080 2048 1
4336 W 8880128 2048 1
4337 W 8882176 2048 1
4338 W 8884224 2048 1
4339 W 8886272 2048 1
4340 W 8888320 2048 1
4341 W 8890368 2048 1
4342 W 8892416 2048 1
4343 W 8894464 2048 1
4344 W 8896512 2048 1
4345 W 8898560 2048 1
4346 W 8900608 2048 1
4347 W 8902656 2048 1
4348 W 8904704 2048 1
4349 W 8906752 2048 1
4350 W 8908800 2048 1
4351 W 8910848 2048 1
4352 W 8912896 2048 1
4353 W 8914944 2048 1
4354 W 8916992 2048 1
4355 W 8919040 2048 1
4356 W 8921088 2048 1
4357 W 8923136 2048 1
4358 W 8925184 2048 1
4359 W 8927232 2048 1
4360 W 8929280 2048 1
4361 W 8931328 2048 1
4362 W 8933376 2048 1
4363 W 8935424 2048 1
4364 W 8937472 2048 1
4365 W 8939520 2048 1
4366 W 8941568 2048 1
4367 W 8943616 2048 1
4368 W 8945664 2048 1
4369 W 8947712 2048 1
4370 W 8949760 2048 1
4371 W 8951808 2048 1
4372 W 8953856 2048 1
4373 W 8955904 2048 1
4374 W 8957952 2048 1
4375 W 8960000 2048 1
4376 W 8962048 2048 1
4377 W 8964096 2048 1
4378 W 8966144 2048 1
4379 W 8968192 2048 1
4380 W 8970240 2048 1
4381 W 8972288 2048 1
4382 W 8974336 2048 1
4383 W 8976384 2048 1
4384 W 8978432 2048 1
4385 W 8980480 2048 1
4386 W 8982528 2048 1
4387 W 8984576 2048 1
4388 W 8986624 2048 1
4389 W 8988672 2048 1
4390 W 8990720 2048 1
4391 W 8992768 2048 1
4392 W 8994816 2048 1
4393 W 8996864 2048 1
4394 W 8998912 2048 1
4395 W 9000960 2048 1
4396 W 9003008 2048 1
4397 W 9005056 2048 1
4398 W 9007104 2048 1
4399 W 9009152 2048 1
4400 W 9011200 2048 1
4401 W 9013248 2048 1
4402 W 9015296 2048 1
4403 W 9017344 2048 1
4404 W 9019392 2048 1
4405 W 9021440 2048 1
4406 W 9023488 2048 1
4407 W 9025536 2048 1
4408 W 9027584 2048 1
4409 W 9029632 2048 1
4410 W 9031680 2048 1
4411 W 9033728 2048 1
4412 W 9035776 2048 1
4413 W 9037824 2048 1
4414 W 9039872 2048 1
4415 W 9041920 2048 1
4416 W 9043968 2048 1
4417 W 9046016 2048 1
4418 W 9048064 2048 1
4419 W 9050112 2048 1
4420 W 9052160 2048 1
4421 W 9054208 2048 1
4422 W 9056256 2048 1
4423 W 9058304 2048 1
4424 W 9060352 2048 1
4425 W 9062400 2048 1
4426 W 9064448 2048 1
4427 W 9066496 2048 1
4428 W 9068544 2048 1
4429 W 9070592 2048 1
4430 W 9072640 2048 1
4431 W 9074688 2048 1
4432 W 9076736 2048 1
4433 W 9078784 2048 1
4434 W 9080832 2048 1
4435 W 9082880 2048 1
4436 W 9084928 2048 1
4437 W 9086976 2048 1
4438 W 9089024 2048 1
4439 W 9091072 2048 1
4440 W 9093120 2048 1
4441 W 9095168 2048 1
4442 W 9097216 2048 1
4443 W 9099264 2048 1
4444 W 9101312 2048 1
4445 W 9103360 2048 1
4446 W 9105408 2048 1
4447 W 9107456 2048 1
4448 W 9109504 2048 1
4449 W 9111552 2048 1
4450 W 9113600 2048 1
4451 W 9115648 2048 1
4452 W 9117696 2048 1
4453 W 9119744 2048 1
4454 W 9121792 2048 1
4455 W 9123840 2048 1
4456 W 9125888 2048 1
4457 W 9127936 2048 1
4458 W 9129984 2048 1
4459 W 9132032 2048 1
4460 W 9134080 2048 1
4461 W 9136128 2048 1
4462 W 9138176 2048 1
4463 W 9140224 2048 1
4464 W 9142272 2048 1
4465 W 9144320 2048 1
4466 W 9146368 2048 1
4467 W 9148416 2048 1
4468 W 9150464 2048 1
4469 W 9152512 2048 1
4470 W 9154560 2048 1
4471 W 9156608 2048 1
4472 W 9158656 2048 1
4473 W 9160704 2048 1
4474 W 9162752 2048 1
4475 W 9164800 2048 1
4476 W 9166848 2048 1
4477 W 9168896 2048 1
4478 W 9170944 2048 1
4479 W 9172992 2048 1
4480 W 9175040 2048 1
4481 W 9177088 2048 1
4482 W 9179136 2048 1
4483 W 9181184 2048 1
4484 W 9183232 2048 1
4485 W 9185280 2048 1
4486 W 9187328 2048 1
4487 W 9189376 2048 1
4488 W 9191424 2048 1
4489 W 9193472 2048 1
4490 W 9195520 2048 1
4491 W 9197568 2048 1
4492 W 9199616 2048 1
4493 W 9201664 2048 1
4494 W 9203712 2048 1
4495 W 9205760 2048 1
4496 W 9207808 2048 1
4497 W 9209856 2048 1
4498 W 9211904 2048 1
4499 W 9213952 2048 1
4500 W 9216000 2048 1
4501 W 9218048 2048 1
4502 W 9220096 2048 1
4503 W 9222144 2048 1
4504 W 9224192 2048 1
4505 W 9226240 2048 1
4506 W 9228288 2048 1
4507 W 9230336 2048 1
4508 W 9232384 2048 1
4509 W 9234432 2048 1
4510 W 9236480 2048 1
4511 W 9238528 2048 1
4512 W 9240576 2048 1
4513 W 9242624 2048 1
4514 W 9244672 2048 1
4515 W 9246720 2048 1
4516 W 9248768 2048 1
4517 W 9250816 2048 1
4518 W 9252864 2048 1
4519 W 9254912 2048 1
4520 W 9256960 2048 1
4521 W 9259008 2048 1
4522 W 9261056 2048 1
4523 W 9263104 2048 1
4524 W 9265152 2048 1
4525 W 9267200 2048 1
4526 W 9269248 2048 1
4527 W 9271296 2048 1
4528 W 9273344 2048 1
4529 W 9275392 2048 1
4530 W 9277440 2048 1
4531 W 9279488 2048 1
4532 W 9281536 2048 1
4533 W 9283584 2048 1
4534 W 9285632 2048 1
4535 W 9287680 2048 1
4536 W 9289728 2048 1
4537 W 9291776 2048 1
4538 W 9293824 2048 1
4539 W 9295872 2048 1
4540 W 9297920 2048 1
4541 W 9299968 2048 1
4542 W 9302016 2048 1
4543 W 9304064 2048 1
4544 W 9306112 2048 1
4545 W 9308160 2048 1
4546 W 9310208 2048 1
4547 W 9312256 2048 1
4548 W 9314304 2048 1
4549 W 9316352 2048 1
4550 W 9318400 2048 1
4551 W 9320448 2048 1
4552 W 9322496 2048 1
4553 W 9324544 2048 1
4554 W 9326592 2048 1
4555 W 9328640 2048 1
4556 W 9330688 2048 1
4557 W 9332736 2048 1
4558 W 9334784 2048 1
4559 W 9336832 2048 1
4560 W 9338880 2048 1
4561 W 9340928 2048 1
4562 W 9342976 2048 1
4563 W 9345024 2048 1
4564 W 9347072 2048 1
4565 W 9349120 2048 1
4566 W 9351168 2048 1
4567 W 9353216 2048 1
4568 W 9355264 2048 1
4569 W 9357312 2048 1
4570 W 9359360 2048 1
4571 W 9361408 2048 1
4572 W 9363456 2048 1
4573 W 9365504 2048 1
4574 W 9367552 2048 1
4575 W 9369600 2048 1
4576 W 9371648 2048 1
4577 W 9373696 2048 1
4578 W 9375744 2048 1
4579 W 9377792 2048 1
4580 W 9379840 2048 1
4581 W 9381888 2048 1
4582 W 9383936 2048 1
4583 W 9385984 2048 1
4584 W 9388032 2048 1
4585 W 9390080 2048 1
4586 W 9392128 2048 1
4587 W 9394176 2048 1
4588 W 9396224 2048 1
4589 W 9398272 2048 1
4590 W 9400320 2048 1
4591 W 9402368 2048 1
4592 W 9404416 2048 1
4593 W 9406464 2048 1
4594 W 9408512 2048 1
4595 W 9410560 2048 1
4596 W 9412608 2048 1
4597 W 9414656 2048 1
4598 W 9416704 2048 1
4599 W 9418752 2048 1
4600 W 9420800 2048 1
4601 W 9422848 2048 1
4602 W 9424896 2048 1
4603 W 9426944 2048 1
4604 W 9428992 2048 1
4605 W 9431040 2048 1
4606 W 9433088 2048 1
4607 W 9435136 2048 1
4608 W 9437184 2048 1
4609 W 9439232 2048 1
4610 W 9441280 2048 1
4611 W 9443328 2048 1
4612 W 9445376 2048 1
4613 W 9447424 2048 1
4614 W 9449472 2048 1
4615 W 9451520 2048 1
4616 W 9453568 2048 1
4617 W 9455616 2048 1
4618 W 9457664 2048 1
4619 W 9459712 2048 1
4620 W 9461760 2048 1
4621 W 9463808 2048 1
4622 W 9465856 2048 1
4623 W 9467904 2048 1
4624 W 9469952 2048 1
4625 W 9472000 2048 1
4626 W 9474048 2048 1
4627 W 9476096 2048 1
4628 W 9478144 2048 1
4629 W 9480192 2048 1
4630 W 9482240 2048 1
4631 W 9484288 2048 1
4632 W 9486336 2048 1
4633 W 9488384 2048 1
4634 W 9490432 2048 1
4635 W 9492480 2048 1
4636 W 9494528 2048 1
4637 W 9496576 2048 1
4638 W 9498624 2048 1
4639 W 9500672 2048 1
4640 W 9502720 2048 1
4641 W 9504768 2048 1
4642 W 9506816 2048 1
4643 W 9508864 2048 1
4644 W 9510912 2048 1
4645 W 9512960 2048 1
4646 W 9515008 2048 1
4647 W 9517056 2048 1
4648 W 9519104 2048 1
4649 W 9521152 2048 1
4650 W 9523200 2048 1
4651 W 9525248 2048 1
4652 W 9527296 2048 1
4653 W 9529344 2048 1
4654 W 9531392 2048 1
4655 W 9533440 2048 1
4656 W 9535488 2048 1
4657 W 9537536 2048 1
4658 W 9539584 2048 1
4659 W 9541632 2048 1
4660 W 9543680 2048 1
4661 W 9545728 2048 1
4662 W 9547776 2048 1
4663 W 9549824 2048 1
4664 W 9551872 2048 1
4665 W 9553920 2048 1
4666 W 9555968 2048 1
4667 W 9558016 2048 1
4668 W 9560064 2048 1
4669 W 9562112 2048 1
4670 W 9564160 2048 1
4671 W 9566208 2048 1
4672 W 9568256 2048 1
4673 W 9570304 2048 1
4674 W 9572352 2048 1
4675 W 9574400 2048 1
4676 W 9576448 2048 1
4677 W 9578496 2048 1
4678 W 9580544 2048 1
4679 W 9582592 2048 1
4680 W 9584640 2048 1
4681 W 9586688 2048 1
4682 W 9588736 2048 1
4683 W 9590784 2048 1
4684 W 9592832 2048 1
4685 W 9594880 2048 1
4686 W 9596928 2048 1
4687 W 9598976 2048 1
4688 W 9601024 2048 1
4689 W 9603072 2048 1
4690 W 9605120 2048 1
4691 W 9607168 2048 1
4692 W 9609216 2048 1
4693 W 9611264 2048 1
4694 W 9613312 2048 1
4695 W 9615360 2048 1
4696 W 9617408 2048 1
4697 W 9619456 2048 1
4698 W 9621504 2048 1
4699 W 9623552 2048 1
4700 W 9625600 2048 1
4701 W 9627648 2048 1
4702 W 9629696 2048 1
4703 W 9631744 2048 1
4704 W 9633792 2048 1
4705 W 9635840 2048 1
4706 W 9637888 2048 1
4707 W 9639936 2048 1
4708 W 9641984 2048 1
4709 W 9644032 2048 1
4710 W 9646080 2048 1
4711 W 9648128 2048 1
4712 W 9650176 2048 1
4713 W 9652224 2048 1
4714 W 9654272 2048 1
4715 W 9656320 2048 1
4716 W 9658368 2048 1
4717 W 9660416 2048 1
4718 W 9662464 2048 1
4719 W 9664512 2048 1
4720 W 9666560 2048 1
4721 W 9668608 2048 1
4722 W 9670656 2048 1
4723 W 9672704 2048 1
4724 W 9674752 2048 1
4725 W 9676800 2048 1
4726 W 9678848 2048 1
4727 W 9680896 2048 1
4728 W 9682944 2048 1
4729 W 9684992 2048 1
4730 W 9687040 2048 1
4731 W 9689088 2048 1
4732 W 9691136 2048 1
4733 W 9693184 2048 1
4734 W 9695232 2048 1
4735 W 9697280 2048 1
4736 W 9699328 2048 1
4737 W 9701376 2048 1
4738 W 9703424 2048 1
4739 W 9705472 2048 1
4740 W 9707520 2048 1
4741 W 9709568 2048 1
4742 W 9711616 2048 1
4743 W 9713664 2048 1
4744 W 9715712 2048 1
4745 W 9717760 2048 1
4746 W 9719808 2048 1
4747 W 9721856 2048 1
4748 W 9723904 2048 1
4749 W 9725952 2048 1
4750 W 9728000 2048 1
4751 W 9730048 2048 1
4752 W 9732096 2048 1
4753 W 9734144 2048 1
4754 W 9736192 2048 1
4755 W 9738240 2048 1
4756 W 9740288 2048 1
4757 W 9742336 2048 1
4758 W 9744384 2048 1
4759 W 9746432 2048 1
4760 W 9748480 2048 1
4761 W 9750528 2048 1
4762 W 9752576 2048 1
4763 W 9754624 2048 1
4764 W 9756672 2048 1
4765 W 9758720 2048 1
4766 W 9760768 2048 1
4767 W 9762816 2048 1
4768 W 9764864 2048 1
4769 W 9766912 2048 1
4770 W 9768960 2048 1
4771 W 9771008 2048 1
4772 W 9773056 2048 1
4773 W 9775104 2048 1
4774 W 9777152 2048 1
4775 W 9779200 2048 1
4776 W 9781248 2048 1
4777 W 9783296 2048 1
4778 W 9785344 2048 1
4779 W 9787392 2048 1
4780 W 9789440 2048 1
4781 W 9791488 2048 1
4782 W 9793536 2048 1
4783 W 9795584 2048 1
4784 W 9797632 2048 1
4785 W 9799680 2048 1
4786 W 9801728 2048 1
4787 W 9803776 2048 1
4788 W 9805824 2048 1
4789 W 9807872 2048 1
4790 W 9809920 2048 1
4791 W 9811968 2048 1
4792 W 9814016 2048 1
4793 W 9816064 2048 1
4794 W 9818112 2048 1
4795 W 9820160 2048 1
4796 W 9822208 2048 1
4797 W 9824256 2048 1
4798 W 9826304 2048 1
4799 W 9828352 2048 1
4800 W 9830400 2048 1
4801 W 9832448 2048 1
4802 W 9834496 2048 1
4803 W 9836544 2048 1
4804 W 9838592 2048 1
4805 W 9840640 2048 1
4806 W 9842688 2048 1
4807 W 9844736 2048 1
4808 W 9846784 2048 1
4809 W 9848832 2048 1
4810 W 9850880 2048 1
4811 W 9852928 2048 1
4812 W 9854976 2048 1
4813 W 9857024 2048 1
4814 W 9859072 2048 1
4815 W 9861120 2048 1
4816 W 9863168 2048 1
4817 W 9865216 2048 1
4818 W 9867264 2048 1
4819 W 9869312 2048 1
4820 W 9871360 2048 1
4821 W 9873408 2048 1
4822 W 9875456 2048 1
4823 W 9877504 2048 1
4824 W 9879552 2048 1
4825 W 9881600 2048 1
4826 W 9883648 2048 1
4827 W 9885696 2048 1
4828 W 9887744 2048 1
4829 W 9889792 2048 1
4830 W 9891840 2048 1
4831 W 9893888 2048 1
4832 W 9895936 2048 1
4833 W 9897984 2048 1
4834 W 9900032 2048 1
4835 W 9902080 2048 1
4836 W 9904128 2048 1
4837 W 9906176 2048 1
4838 W 9908224 2048 1
4839 W 9910272 2048 1
4840 W 9912320 2048 1
4841 W 9914368 2048 1
4842 W 9916416 2048 1
4843 W 9918464 2048 1
4844 W 9920512 2048 1
4845 W 9922560 2048 1
4846 W 9924608 2048 1
4847 W 9926656 2048 1
4848 W 9928704 2048 1
4849 W 9930752 2048 1
4850 W 9932800 2048 1
4851 W 9934848 2048 1
4852 W 9936896 2048 1
4853 W 9938944 2048 1
4854 W 9940992 2048 1
4855 W 9943040 2048 1
4856 W 9945088 2048 1
4857 W 9947136 2048 1
4858 W 9949184 2048 1
4859 W 9951232 2048 1
4860 W 9953280 2048 1
4861 W 9955328 2048 1
4862 W 9957376 2048 1
4863 W 9959424 2048 1
4864 W 9961472 2048 1
4865 W 9963520 2048 1
4866 W 9965568 2048 1
4867 W 9967616 2048 1
4868 W 9969664 2048 1
4869 W 9971712 2048 1
4870 W 9973760 2048 1
4871 W 9975808 2048 1
4872 W 9977856 2048 1
4873 W 9979904 2048 1
4874 W 9981952 2048 1
4875 W 9984000 2048 1
4876 W 9986048 2048 1
4877 W 9988096 2048 1
4878 W 9990144 2048 1
4879 W 9992192 2048 1
4880 W 9994240 2048 1
4881 W 9996288 2048 1
4882 W 9998336 2048 1
4883 W 10000384 2048 1
4884 W 10002432 2048 1
4885 W 10004480 2048 1
4886 W 10006528 2048 1
4887 W 10008576 2048 1
4888 W 10010624 2048 1
4889 W 10012672 2048 1
4890 W 10014720 2048 1
4891 W 10016768 2048 1
4892 W 10018816 2048 1
4893 W 10020864 2048 1
4894 W 10022912 2048 1
4895 W 10024960 2048 1
4896 W 10027008 2048 1
4897 W 10029056 2048 1
4898 W 10031104 2048 1
4899 W 10033152 2048 1
4900 W 10035200 2048 1
4901 W 10037248 2048 1
4902 W 10039296 2048 1
4903 W 10041344 2048 1
4904 W 10043392 2048 1
4905 W 10045440 2048 1
4906 W 10047488 2048 1
4907 W 10049536 2048 1
4908 W 10051584 2048 1
4909 W 10053632 2048 1
4910 W 10055680 2048 1
4911 W 10057728 2048 1
4912 W 10059776 2048 1
4913 W 10061824 2048 1
4914 W 10063872 2048 1
4915 W 10065920 2048 1
4916 W 10067968 2048 1
4917 W 10070016 2048 1
4918 W 10072064 2048 1
4919 W 10074112 2048 1
4920 W 10076160 2048 1
4921 W 10078208 2048 1
4922 W 10080256 2048 1
4923 W 10082304 2048 1
4924 W 10084352 2048 1
4925 W 10086400 2048 1
4926 W 10088448 2048 1
4927 W 10090496 2048 1
4928 W 10092544 2048 1
4929 W 10094592 2048 1
4930 W 10096640 2048 1
4931 W 10098688 2048 1
4932 W 10100736 2048 1
4933 W 10102784 2048 1
4934 W 10104832 2048 1
4935 W 10106880 2048 1
4936 W 10108928 2048 1
4937 W 10110976 2048 1
4938 W 10113024 2048 1
4939 W 10115072 2048 1
4940 W 10117120 2048 1
4941 W 10119168 2048 1
4942 W 10121216 2048 1
4943 W 10123264 2048 1
4944 W 10125312 2048 1
4945 W 10127360 2048 1
4946 W 10129408 2048 1
4947 W 10131456 2048 1
4948 W 10133504 2048 1
4949 W 10135552 2048 1
4950 W 10137600 2048 1
4951 W 10139648 2048 1
4952 W 10141696 2048 1
4953 W 10143744 2048 1
4954 W 10145792 2048 1
4955 W 10147840 2048 1
4956 W 10149888 2048 1
4957 W 10151936 2048 1
4958 W 10153984 2048 1
4959 W 10156032 2048 1
4960 W 10158080 2048 1
4961 W 10160128 2048 1
4962 W 10162176 2048 1
4963 W 10164224 2048 1
4964 W 10166272 2048 1
4965 W 10168320 2048 1
4966 W 10170368 2048 1
4967 W 10172416 2048 1
4968 W 10174464 2048 1
4969 W 10176512 2048 1
4970 W 10178560 2048 1
4971 W 10180608 2048 1
4972 W 10182656 2048 1
4973 W 10184704 2048 1
4974 W 10186752 2048 1
4975 W 10188800 2048 1
4976 W 10190848 2048 1
4977 W 10192896 2048 1
4978 W 10194944 2048 1
4979 W 10196992 2048 1
4980 W 10199040 2048 1
4981 W 10201088 2048 1
4982 W 10203136 2048 1
4983 W 10205184 2048 1
4984 W 10207232 2048 1
4985 W 10209280 2048 1
4986 W 10211328 2048 1
4987 W 10213376 2048 1
4988 W 10215424 2048 1
4989 W 10217472 2048 1
4990 W 10219520 2048 1
4991 W 10221568 2048 1
4992 W 10223616 2048 1
4993 W 10225664 2048 1
4994 W 10227712 2048 1
4995 W 10229760 2048 1
4996 W 10231808 2048 1
4997 W 10233856 2048 1
4998 W 10235904 2048 1
4999 W 10237952 2048 1
5000 W 10240000 2048 1
5001 W 10242048 2048 1
5002 W 10244096 2048 1
5003 W 10246144 2048 1
5004 W 10248192 2048 1
5005 W 10250240 2048 1
5006 W 10252288 2048 1
5007 W 10254336 2048 1
5008 W 10256384 2048 1
5009 W 10258432 2048 1
5010 W 10260480 2048 1
5011 W 10262528 2048 1
5012 W 10264576 2048 1
5013 W 10266624 2048 1
5014 W 10268672 2048 1
5015 W 10270720 2048 1
5016 W 10272768 2048 1
5017 W 10274816 2048 1
5018 W 10276864 2048 1
5019 W 10278912 2048 1
5020 W 10280960 2048 1
5021 W 10283008 2048 1
5022 W 10285056 2048 1
5023 W 10287104 2048 1
5024 W 10289152 2048 1
5025 W 10291200 2048 1
5026 W 10293248 2048 1
5027 W 10295296 2048 1
5028 W 10297344 2048 1
5029 W 10299392 2048 1
5030 W 10301440 2048 1
5031 W 10303488 2048 1
5032 W 10305536 2048 1
5033 W 10307584 2048 1
5034 W 10309632 2048 1
5035 W 10311680 2048 1
5036 W 10313728 2048 1
5037 W 10315776 2048 1
5038 W 10317824 2048 1
5039 W 10319872 2048 1
5040 W 10321920 2048 1
5041 W 10323968 2048 1
5042 W 10326016 2048 1
5043 W 10328064 2048 1
5044 W 10330112 2048 1
5045 W 10332160 2048 1
5046 W 10334208 2048 1
5047 W 10336256 2048 1
5048 W 10338304 2048 1
5049 W 10340352 2048 1
5050 W 10342400 2048 1
5051 W 10344448 2048 1
5052 W 10346496 2048 1
5053 W 10348544 2048 1
5054 W 10350592 2048 1
5055 W 10352640 2048 1
5056 W 10354688 2048 1
5057 W 10356736 2048 1
5058 W 10358784 2048 1
5059 W 10360832 2048 1
5060 W 10362880 2048 1
5061 W 10364928 2048 1
5062 W 10366976 2048 1
5063 W 10369024 2048 1
5064 W 10371072 2048 1
5065 W 10373120 2048 1
5066 W 10375168 2048 1
5067 W 10377216 2048 1
5068 W 10379264 2048 1
5069 W 10381312 2048 1
5070 W 10383360 2048 1
5071 W 10385408 2048 1
5072 W 10387456 2048 1
5073 W 10389504 2048 1
5074 W 10391552 2048 1
5075 W 10393600 2048 1
5076 W 10395648 2048 1
5077 W 10397696 2048 1
5078 W 10399744 2048 1
5079 W 10401792 2048 1
5080 W 10403840 2048 1
5081 W 10405888 2048 1
5082 W 10407936 2048 1
5083 W 10409984 2048 1
5084 W 10412032 2048 1
5085 W 10414080 2048 1
5086 W 10416128 2048 1
5087 W 10418176 2048 1
5088 W 10420224 2048 1
5089 W 10422272 2048 1
5090 W 10424320 2048 1
5091 W 10426368 2048 1
5092 W 10428416 2048 1
5093 W 10430464 2048 1
5094 W 10432512 2048 1
5095 W 10434560 2048 1
5096 W 10436608 2048 1
5097 W 10438656 2048 1
5098 W 10440704 2048 1
5099 W 10442752 2048 1
5100 W 10444800 2048 1
5101 W 10446848 2048 1
5102 W 10448896 2048 1
5103 W 10450944 2048 1
5104 W 10452992 2048 1
5105 W 10455040 2048 1
5106 W 10457088 2048 1
5107 W 10459136 2048 1
5108 W 10461184 2048 1
5109 W 10463232 2048 1
5110 W 10465280 2048 1
5111 W 10467328 2048 1
5112 W 10469376 2048 1
5113 W 10471424 2048 1
5114 W 10473472 2048 1
5115 W 10475520 2048 1
5116 W 10477568 2048 1
5117 W 10479616 2048 1
5118 W 10481664 2048 1
5119 W 10483712 2048 1
5120 W 10485760 2048 1
5121 W 10487808 2048 1
5122 W 10489856 2048 1
5123 W 10491904 2048 1
5124 W 10493952 2048 1
5125 W 10496000 2048 1
5126 W 10498048 2048 1
5127 W 10500096 2048 1
5128 W 10502144 2048 1
5129 W 10504192 2048 1
5130 W 10506240 2048 1
5131 W 10508288 2048 1
5132 W 10510336 2048 1
5133 W 10512384 2048 1
5134 W 10514432 2048 1
5135 W 10516480 2048 1
5136 W 10518528 2048 1
5137 W 10520576 2048 1
5138 W 10522624 2048 1
5139 W 10524672 2048 1
5140 W 10526720 2048 1
5141 W 10528768 2048 1
5142 W 10530816 2048 1
5143 W 10532864 2048 1
5144 W 10534912 2048 1
5145 W 10536960 2048 1
5146 W 10539008 2048 1
5147 W 10541056 2048 1
5148 W 10543104 2048 1
5149 W 10545152 2048 1
5150 W 10547200 2048 1
5151 W 10549248 2048 1
5152 W 10551296 2048 1
5153 W 10553344 2048 1
5154 W 10555392 2048 1
5155 W 10557440 2048 1
5156 W 10559488 2048 1
5157 W 10561536 2048 1
5158 W 10563584 2048 1
5159 W 10565632 2048 1
5160 W 10567680 2048 1
5161 W 10569728 2048 1
5162 W 10571776 2048 1
5163 W 10573824 2048 1
5164 W 10575872 2048 1
5165 W 10577920 2048 1
5166 W 10579968 2048 1
5167 W 10582016 2048 1
5168 W 10584064 2048 1
5169 W 10586112 2048 1
5170 W 10588160 2048 1
5171 W 10590208 2048 1
5172 W 10592256 2048 1
5173 W 10594304 2048 1
5174 W 10596352 2048 1
5175 W 10598400 2048 1
5176 W 10600448 2048 1
5177 W 10602496 2048 1
5178 W 10604544 2048 1
5179 W 10606592 2048 1
5180 W 10608640 2048 1
5181 W 10610688 2048 1
5182 W 10612736 2048 1
5183 W 10614784 2048 1
5184 W 10616832 2048 1
5185 W 10618880 2048 1
5186 W 10620928 2048 1
5187 W 10622976 2048 1
5188 W 10625024 2048 1
5189 W 10627072 2048 1
5190 W 10629120 2048 1
5191 W 10631168 2048 1
5192 W 10633216 2048 1
5193 W 10635264 2048 1
5194 W 10637312 2048 1
5195 W 10639360 2048 1
5196 W 10641408 2048 1
5197 W 10643456 2048 1
5198 W 10645504 2048 1
5199 W 10647552 2048 1
5200 W 10649600 2048 1
5201 W 10651648 2048 1
5202 W 10653696 2048 1
5203 W 10655744 2048 1
5204 W 10657792 2048 1
5205 W 10659840 2048 1
5206 W 10661888 2048 1
5207 W 10663936 2048 1
5208 W 10665984 2048 1
5209 W 10668032 2048 1
5210 W 10670080 2048 1
5211 W 10672128 2048 1
5212 W 10674176 2048 1
5213 W 10676224 2048 1
5214 W 10678272 2048 1
5215 W 10680320 2048 1
5216 W 10682368 2048 1
5217 W 10684416 2048 1
5218 W 10686464 2048 1
5219 W 10688512 2048 1
5220 W 10690560 2048 1
5221 W 10692608 2048 1
5222 W 10694656 2048 1
5223 W 10696704 2048 1
5224 W 10698752 2048 1
5225 W 10700800 2048 1
5226 W 10702848 2048 1
5227 W 10704896 2048 1
5228 W 10706944 2048 1
5229 W 10708992 2048 1
5230 W 10711040 2048 1
5231 W 10713088 2048 1
5232 W 10715136 2048 1
5233 W 10717184 2048 1
5234 W 10719232 2048 1
5235 W 10721280 2048 1
5236 W 10723328 2048 1
5237 W 10725376 2048 1
5238 W 10727424 2048 1
5239 W 10729472 2048 1
5240 W 10731520 2048 1
5241 W 10733568 2048 1
5242 W 10735616 2048 1
5243 W 10737664 2048 1
5244 W 10739712 2048 1
5245 W 10741760 2048 1
5246 W 10743808 2048 1
5247 W 10745856 2048 1
5248 W 10747904 2048 1
5249 W 10749952 2048 1
5250 W 10752000 2048 1
5251 W 10754048 2048 1
5252 W 10756096 2048 1
5253 W 10758144 2048 1
5254 W 10760192 2048 1
5255 W 10762240 2048 1
5256 W 10764288 2048 1
5257 W 10766336 2048 1
5258 W 10768384 2048 1
5259 W 10770432 2048 1
5260 W 10772480 2048 1
5261 W 10774528 2048 1
5262 W 10776576 2048 1
5263 W 10778624 2048 1
5264 W 10780672 2048 1
5265 W 10782720 2048 1
5266 W 10784768 2048 1
5267 W 10786816 2048 1
5268 W 10788864 2048 1
5269 W 10790912 2048 1
5270 W 10792960 2048 1
5271 W 10795008 2048 1
5272 W 10797056 2048 1
5273 W 10799104 2048 1
5274 W 10801152 2048 1
5275 W 10803200 2048 1
5276 W 10805248 2048 1
5277 W 10807296 2048 1
5278 W 10809344 2048 1
5279 W 10811392 2048 1
5280 W 10813440 2048 1
5281 W 10815488 2048 1
5282 W 10817536 2048 1
5283 W 10819584 2048 1
5284 W 10821632 2048 1
5285 W 10823680 2048 1
5286 W 10825728 2048 1
5287 W 10827776 2048 1
5288 W 10829824 2048 1
5289 W 10831872 2048 1
5290 W 10833920 2048 1
5291 W 10835968 2048 1
5292 W 10838016 2048 1
5293 W 10840064 2048 1
5294 W 10842112 2048 1
5295 W 10844160 2048 1
5296 W 10846208 2048 1
5297 W 10848256 2048 1
5298 W 10850304 2048 1
5299 W 10852352 2048 1
5300 W 10854400 2048 1
5301 W 10856448 2048 1
5302 W 10858496 2048 1
5303 W 10860544 2048 1
5304 W 10862592 2048 1
5305 W 10864640 2048 1
5306 W 10866688 2048 1
5307 W 10868736 2048 1
5308 W 10870784 2048 1
5309 W 10872832 2048 1
5310 W 10874880 2048 1
5311 W 10876928 2048 1
5312 W 10878976 2048 1
5313 W 10881024 2048 1
5314 W 10883072 2048 1
5315 W 10885120 2048 1
5316 W 10887168 2048 1
5317 W 10889216 2048 1
5318 W 10891264 2048 1
5319 W 10893312 2048 1
5320 W 10895360 2048 1
5321 W 10897408 2048 1
5322 W 10899456 2048 1
5323 W 10901504 2048 1
5324 W 10903552 2048 1
5325 W 10905600 2048 1
5326 W 10907648 2048 1
5327 W 10909696 2048 1
5328 W 10911744 2048 1
5329 W 10913792 2048 1
5330 W 10915840 2048 1
5331 W 10917888 2048 1
5332 W 10919936 2048 1
5333 W 10921984 2048 1
5334 W 10924032 2048 1
5335 W 10926080 2048 1
5336 W 10928128 2048 1
5337 W 10930176 2048 1
5338 W 10932224 2048 1
5339 W 10934272 2048 1
5340 W 10936320 2048 1
5341 W 10938368 2048 1
5342 W 10940416 2048 1
5343 W 10942464 2048 1
5344 W 10944512 2048 1
5345 W 10946560 2048 1
5346 W 10948608 2048 1
5347 W 10950656 2048 1
5348 W 10952704 2048 1
5349 W 10954752 2048 1
5350 W 10956800 2048 1
5351 W 10958848 2048 1
5352 W 10960896 2048 1
5353 W 10962944 2048 1
5354 W 10964992 2048 1
5355 W 10967040 2048 1
5356 W 10969088 2048 1
5357 W 10971136 2048 1
5358 W 10973184 2048 1
5359 W 10975232 2048 1
5360 W 10977280 2048 1
5361 W 10979328 2048 1
5362 W 10981376 2048 1
5363 W 10983424 2048 1
5364 W 10985472 2048 1
5365 W 10987520 2048 1
5366 W 10989568 2048 1
5367 W 10991616 2048 1
5368 W 10993664 2048 1
5369 W 10995712 2048 1
5370 W 10997760 2048 1
5371 W 10999808 2048 1
5372 W 11001856 2048 1
5373 W 11003904 2048 1
5374 W 11005952 2048 1
5375 W 11008000 2048 1
5376 W 11010048 2048 1
5377 W 11012096 2048 1
5378 W 11014144 2048 1
5379 W 11016192 2048 1
5380 W 11018240 2048 1
5381 W 11020288 2048 1
5382 W 11022336 2048 1
5383 W 11024384 2048 1
5384 W 11026432 2048 1
5385 W 11028480 2048 1
5386 W 11030528 2048 1
5387 W 11032576 2048 1
5388 W 11034624 2048 1
5389 W 11036672 2048 1
5390 W 11038720 2048 1
5391 W 11040768 2048 1
5392 W 11042816 2048 1
5393 W 11044864 2048 1
5394 W 11046912 2048 1
5395 W 11048960 2048 1
5396 W 11051008 2048 1
5397 W 11053056 2048 1
5398 W 11055104 2048 1
5399 W 11057152 2048 1
5400 W 11059200 2048 1
5401 W 11061248 2048 1
5402 W 11063296 2048 1
5403 W 11065344 2048 1
5404 W 11067392 2048 1
5405 W 11069440 2048 1
5406 W 11071488 2048 1
5407 W 11073536 2048 1
5408 W 11075584 2048 1
5409 W 11077632 2048 1
5410 W 11079680 2048 1
5411 W 11081728 2048 1
5412 W 11083776 2048 1
5413 W 11085824 2048 1
5414 W 11087872 2048 1
5415 W 11089920 2048 1
5416 W 11091968 2048 1
5417 W 11094016 2048 1
5418 W 11096064 2048 1
5419 W 11098112 2048 1
5420 W 11100160 2048 1
5421 W 11102208 2048 1
5422 W 11104256 2048 1
5423 W 11106304 2048 1
5424 W 11108352 2048 1
5425 W 11110400 2048 1
5426 W 11112448 2048 1
5427 W 11114496 2048 1
5428 W 11116544 2048 1
5429 W 11118592 2048 1
5430 W 11120640 2048 1
5431 W 11122688 2048 1
5432 W 11124736 2048 1
5433 W 11126784 2048 1
5434 W 11128832 2048 1
5435 W 11130880 2048 1
5436 W 11132928 2048 1
5437 W 11134976 2048 1
5438 W 11137024 2048 1
5439 W 11139072 2048 1
5440 W 11141120 2048 1
5441 W 11143168 2048 1
5442 W 11145216 2048 1
5443 W 11147264 2048 1
5444 W 11149312 2048 1
5445 W 11151360 2048 1
5446 W 11153408 2048 1
5447 W 11155456 2048 1
5448 W 11157504 2048 1
5449 W 11159552 2048 1
5450 W 11161600 2048 1
5451 W 11163648 2048 1
5452 W 11165696 2048 1
5453 W 11167744 2048 1
5454 W 11169792 2048 1
5455 W 11171840 2048 1
5456 W 11173888 2048 1
5457 W 11175936 2048 1
5458 W 11177984 2048 1
5459 W 11180032 2048 1
5460 W 11182080 2048 1
5461 W 11184128 2048 1
5462 W 11186176 2048 1
5463 W 11188224 2048 1
5464 W 11190272 2048 1
5465 W 11192320 2048 1
5466 W 11194368 2048 1
5467 W 11196416 2048 1
5468 W 11198464 2048 1
5469 W 11200512 2048 1
5470 W 11202560 2048 1
5471 W 11204608 2048 1
5472 W 11206656 2048 1
5473 W 11208704 2048 1
5474 W 11210752 2048 1
5475 W 11212800 2048 1
5476 W 11214848 2048 1
5477 W 11216896 2048 1
5478 W 11218944 2048 1
5479 W 11220992 2048 1
5480 W 11223040 2048 1
5481 W 11225088 2048 1
5482 W 11227136 2048 1
5483 W 11229184 2048 1
5484 W 11231232 2048 1
5485 W 11233280 2048 1
5486 W 11235328 2048 1
5487 W 11237376 2048 1
5488 W 11239424 2048 1
5489 W 11241472 2048 1
5490 W 11243520 2048 1
5491 W 11245568 2048 1
5492 W 11247616 2048 1
5493 W 11249664 2048 1
5494 W 11251712 2048 1
5495 W 11253760 2048 1
5496 W 11255808 2048 1
5497 W 11257856 2048 1
5498 W 11259904 2048 1
5499 W 11261952 2048 1
5500 W 11264000 2048 1
5501 W 11266048 2048 1
5502 W 11268096 2048 1
5503 W 11270144 2048 1
5504 W 11272192 2048 1
5505 W 11274240 2048 1
5506 W 11276288 2048 1
5507 W 11278336 2048 1
5508 W 11280384 2048 1
5509 W 11282432 2048 1
5510 W 11284480 2048 1
5511 W 11286528 2048 1
5512 W 11288576 2048 1
5513 W 11290624 2048 1
5514 W 11292672 2048 1
5515 W 11294720 2048 1
5516 W 11296768 2048 1
5517 W 11298816 2048 1
5518 W 11300864 2048 1
5519 W 11302912 2048 1
5520 W 11304960 2048 1
5521 W 11307008 2048 1
5522 W 11309056 2048 1
5523 W 11311104 2048 1
5524 W 11313152 2048 1
5525 W 11315200 2048 1
5526 W 11317248 2048 1
5527 W 11319296 2048 1
5528 W 11321344 2048 1
5529 W 11323392 2048 1
5530 W 11325440 2048 1
5531 W 11327488 2048 1
5532 W 11329536 2048 1
5533 W 11331584 2048 1
5534 W 11333632 2048 1
5535 W 11335680 2048 1
5536 W 11337728 2048 1
5537 W 11339776 2048 1
5538 W 11341824 2048 1
5539 W 11343872 2048 1
5540 W 11345920 2048 1
5541 W 11347968 2048 1
5542 W 11350016 2048 1
5543 W 11352064 2048 1
5544 W 11354112 2048 1
5545 W 11356160 2048 1
5546 W 11358208 2048 1
5547 W 11360256 2048 1
5548 W 11362304 2048 1
5549 W 11364352 2048 1
5550 W 11366400 2048 1
5551 W 11368448 2048 1
5552 W 11370496 2048 1
5553 W 11372544 2048 1
5554 W 11374592 2048 1
5555 W 11376640 2048 1
5556 W 11378688 2048 1
5557 W 11380736 2048 1
5558 W 11382784 2048 1
5559 W 11384832 2048 1
5560 W 11386880 2048 1
5561 W 11388928 2048 1
5562 W 11390976 2048 1
5563 W 11393024 2048 1
5564 W 11395072 2048 1
5565 W 11397120 2048 1
5566 W 11399168 2048 1
5567 W 11401216 2048 1
5568 W 11403264 2048 1
5569 W 11405312 2048 1
5570 W 11407360 2048 1
5571 W 11409408 2048 1
5572 W 11411456 2048 1
5573 W 11413504 2048 1
5574 W 11415552 2048 1
5575 W 11417600 2048 1
5576 W 11419648 2048 1
5577 W 11421696 2048 1
5578 W 11423744 2048 1
5579 W 11425792 2048 1
5580 W 11427840 2048 1
5581 W 11429888 2048 1
5582 W 11431936 2048 1
5583 W 11433984 2048 1
5584 W 11436032 2048 1
5585 W 11438080 2048 1
5586 W 11440128 2048 1
5587 W 11442176 2048 1
5588 W 11444224 2048 1
5589 W 11446272 2048 1
5590 W 11448320 2048 1
5591 W 11450368 2048 1
5592 W 11452416 2048 1
5593 W 11454464 2048 1
5594 W 11456512 2048 1
5595 W 11458560 2048 1
5596 W 11460608 2048 1
5597 W 11462656 2048 1
5598 W 11464704 2048 1
5599 W 11466752 2048 1
5600 W 11468800 2048 1
5601 W 11470848 2048 1
5602 W 11472896 2048 1
5603 W 11474944 2048 1
5604 W 11476992 2048 1
5605 W 11479040 2048 1
5606 W 11481088 2048 1
5607 W 11483136 2048 1
5608 W 11485184 2048 1
5609 W 11487232 2048 1
5610 W 11489280 2048 1
5611 W 11491328 2048 1
5612 W 11493376 2048 1
5613 W 11495424 2048 1
5614 W 11497472 2048 1
5615 W 11499520 2048 1
5616 W 11501568 2048 1
5617 W 11503616 2048 1
5618 W 11505664 2048 1
5619 W 11507712 2048 1
5620 W 11509760 2048 1
5621 W 11511808 2048 1
5622 W 11513856 2048 1
5623 W 11515904 2048 1
5624 W 11517952 2048 1
5625 W 11520000 2048 1
5626 W 11522048 2048 1
5627 W 11524096 2048 1
5628 W 11526144 2048 1
5629 W 11528192 2048 1
5630 W 11530240 2048 1
5631 W 11532288 2048 1
5632 W 11534336 2048 1
5633 W 11536384 2048 1
5634 W 11538432 2048 1
5635 W 11540480 2048 1
5636 W 11542528 2048 1
5637 W 11544576 2048 1
5638 W 11546624 2048 1
5639 W 11548672 2048 1
5640 W 11550720 2048 1
5641 W 11552768 2048 1
5642 W 11554816 2048 1
5643 W 11556864 2048 1
5644 W 11558912 2048 1
5645 W 11560960 2048 1
5646 W 11563008 2048 1
5647 W 11565056 2048 1
5648 W 11567104 2048 1
5649 W 11569152 2048 1
5650 W 11571200 2048 1
5651 W 11573248 2048 1
5652 W 11575296 2048 1
5653 W 11577344 2048 1
5654 W 11579392 2048 1
5655 W 11581440 2048 1
5656 W 11583488 2048 1
5657 W 11585536 2048 1
5658 W 11587584 2048 1
5659 W 11589632 2048 1
5660 W 11591680 2048 1
5661 W 11593728 2048 1
5662 W 11595776 2048 1
5663 W 11597824 2048 1
5664 W 11599872 2048 1
5665 W 11601920 2048 1
5666 W 11603968 2048 1
5667 W 11606016 2048 1
5668 W 11608064 2048 1
5669 W 11610112 2048 1
5670 W 11612160 2048 1
5671 W 11614208 2048 1
5672 W 11616256 2048 1
5673 W 11618304 2048 1
5674 W 11620352 2048 1
5675 W 11622400 2048 1
5676 W 11624448 2048 1
5677 W 11626496 2048 1
5678 W 11628544 2048 1
5679 W 11630592 2048 1
5680 W 11632640 2048 1
5681 W 11634688 2048 1
5682 W 11636736 2048 1
5683 W 11638784 2048 1
5684 W 11640832 2048 1
5685 W 11642880 2048 1
5686 W 11644928 2048 1
5687 W 11646976 2048 1
5688 W 11649024 2048 1
5689 W 11651072 2048 1
5690 W 11653120 2048 1
5691 W 11655168 2048 1
5692 W 11657216 2048 1
5693 W 11659264 2048 1
5694 W 11661312 2048 1
5695 W 11663360 2048 1
5696 W 11665408 2048 1
5697 W 11667456 2048 1
5698 W 11669504 2048 1
5699 W 11671552 2048 1
5700 W 11673600 2048 1
5701 W 11675648 2048 1
5702 W 11677696 2048 1
5703 W 11679744 2048 1
5704 W 11681792 2048 1
5705 W 11683840 2048 1
5706 W 11685888 2048 1
5707 W 11687936 2048 1
5708 W 11689984 2048 1
5709 W 11692032 2048 1
5710 W 11694080 2048 1
5711 W 11696128 2048 1
5712 W 11698176 2048 1
5713 W 11700224 2048 1
5714 W 11702272 2048 1
5715 W 11704320 2048 1
5716 W 11706368 2048 1
5717 W 11708416 2048 1
5718 W 11710464 2048 1
5719 W 11712512 2048 1
5720 W 11714560 2048 1
5721 W 11716608 2048 1
5722 W 11718656 2048 1
5723 W 11720704 2048 1
5724 W 11722752 2048 1
5725 W 11724800 2048 1
5726 W 11726848 2048 1
5727 W 11728896 2048 1
5728 W 11730944 2048 1
5729 W 11732992 2048 1
5730 W 11735040 2048 1
5731 W 11737088 2048 1
5732 W 11739136 2048 1
5733 W 11741184 2048 1
5734 W 11743232 2048 1
5735 W 11745280 2048 1
5736 W 11747328 2048 1
5737 W 11749376 2048 1
5738 W 11751424 2048 1
5739 W 11753472 2048 1
5740 W 11755520 2048 1
5741 W 11757568 2048 1
5742 W 11759616 2048 1
5743 W 11761664 2048 1
5744 W 11763712 2048 1
5745 W 11765760 2048 1
5746 W 11767808 2048 1
5747 W 11769856 2048 1
5748 W 11771904 2048 1
5749 W 11773952 2048 1
5750 W 11776000 2048 1
5751 W 11778048 2048 1
5752 W 11780096 2048 1
5753 W 11782144 2048 1
5754 W 11784192 2048 1
5755 W 11786240 2048 1
5756 W 11788288 2048 1
5757 W 11790336 2048 1
5758 W 11792384 2048 1
5759 W 11794432 2048 1
5760 W 11796480 2048 1
5761 W 11798528 2048 1
5762 W 11800576 2048 1
5763 W 11802624 2048 1
5764 W 11804672 2048 1
5765 W 11806720 2048 1
5766 W 11808768 2048 1
5767 W 11810816 2048 1
5768 W 11812864 2048 1
5769 W 11814912 2048 1
5770 W 11816960 2048 1
5771 W 11819008 2048 1
5772 W 11821056 2048 1
5773 W 11823104 2048 1
5774 W 11825152 2048 1
5775 W 11827200 2048 1
5776 W 11829248 2048 1
5777 W 11831296 2048 1
5778 W 11833344 2048 1
5779 W 11835392 2048 1
5780 W 11837440 2048 1
5781 W 11839488 2048 1
5782 W 11841536 2048 1
5783 W 11843584 2048 1
5784 W 11845632 2048 1
5785 W 11847680 2048 1
5786 W 11849728 2048 1
5787 W 11851776 2048 1
5788 W 11853824 2048 1
5789 W 11855872 2048 1
5790 W 11857920 2048 1
5791 W 11859968 2048 1
5792 W 11862016 2048 1
5793 W 11864064 2048 1
5794 W 11866112 2048 1
5795 W 11868160 2048 1
5796 W 11870208 2048 1
5797 W 11872256 2048 1
5798 W 11874304 2048 1
5799 W 11876352 2048 1
5800 W 11878400 2048 1
5801 W 11880448 2048 1
5802 W 11882496 2048 1
5803 W 11884544 2048 1
5804 W 11886592 2048 1
5805 W 11888640 2048 1
5806 W 11890688 2048 1
5807 W 11892736 2048 1
5808 W 11894784 2048 1
5809 W 11896832 2048 1
5810 W 11898880 2048 1
5811 W 11900928 2048 1
5812 W 11902976 2048 1
5813 W 11905024 2048 1
5814 W 11907072 2048 1
5815 W 11909120 2048 1
5816 W 11911168 2048 1
5817 W 11913216 2048 1
5818 W 11915264 2048 1
5819 W 11917312 2048 1
5820 W 11919360 2048 1
5821 W 11921408 2048 1
5822 W 11923456 2048 1
5823 W 11925504 2048 1
5824 W 11927552 2048 1
5825 W 11929600 2048 1
5826 W 11931648 2048 1
5827 W 11933696 2048 1
5828 W 11935744 2048 1
5829 W 11937792 2048 1
5830 W 11939840 2048 1
5831 W 11941888 2048 1
5832 W 11943936 2048 1
5833 W 11945984 2048 1
5834 W 11948032 2048 1
5835 W 11950080 2048 1
5836 W 11952128 2048 1
5837 W 11954176 2048 1
5838 W 11956224 2048 1
5839 W 11958272 2048 1
5840 W 11960320 2048 1
5841 W 11962368 2048 1
5842 W 11964416 2048 1
5843 W 11966464 2048 1
5844 W 11968512 2048 1
5845 W 11970560 2048 1
5846 W 11972608 2048 1
5847 W 11974656 2048 1
5848 W 11976704 2048 1
5849 W 11978752 2048 1
5850 W 11980800 2048 1
5851 W 11982848 2048 1
5852 W 11984896 2048 1
5853 W 11986944 2048 1
5854 W 11988992 2048 1
5855 W 11991040 2048 1
5856 W 11993088 2048 1
5857 W 11995136 2048 1
5858 W 11997184 2048 1
5859 W 11999232 2048 1
5860 W 12001280 2048 1
5861 W 12003328 2048 1
5862 W 12005376 2048 1
5863 W 12007424 2048 1
5864 W 12009472 2048 1
5865 W 12011520 2048 1
5866 W 12013568 2048 1
5867 W 12015616 2048 1
5868 W 12017664 2048 1
5869 W 12019712 2048 1
5870 W 12021760 2048 1
5871 W 12023808 2048 1
5872 W 12025856 2048 1
5873 W 12027904 2048 1
5874 W 12029952 2048 1
5875 W 12032000 2048 1
5876 W 12034048 2048 1
5877 W 12036096 2048 1
5878 W 12038144 2048 1
5879 W 12040192 2048 1
5880 W 12042240 2048 1
5881 W 12044288 2048 1
5882 W 12046336 2048 1
5883 W 12048384 2048 1
5884 W 12050432 2048 1
5885 W 12052480 2048 1
5886 W 12054528 2048 1
5887 W 12056576 2048 1
5888 W 12058624 2048 1
5889 W 12060672 2048 1
5890 W 12062720 2048 1
5891 W 12064768 2048 1
5892 W 12066816 2048 1
5893 W 12068864 2048 1
5894 W 12070912 2048 1
5895 W 12072960 2048 1
5896 W 12075008 2048 1
5897 W 12077056 2048 1
5898 W 12079104 2048 1
5899 W 12081152 2048 1
5900 W 12083200 2048 1
5901 W 12085248 2048 1
5902 W 12087296 2048 1
5903 W 12089344 2048 1
5904 W 12091392 2048 1
5905 W 12093440 2048 1
5906 W 12095488 2048 1
5907 W 12097536 2048 1
5908 W 12099584 2048 1
5909 W 12101632 2048 1
5910 W 12103680 2048 1
5911 W 12105728 2048 1
5912 W 12107776 2048 1
5913 W 12109824 2048 1
5914 W 12111872 2048 1
5915 W 12113920 2048 1
5916 W 12115968 2048 1
5917 W 12118016 2048 1
5918 W 12120064 2048 1
5919 W 12122112 2048 1
5920 W 12124160 2048 1
5921 W 12126208 2048 1
5922 W 12128256 2048 1
5923 W 12130304 2048 1
5924 W 12132352 2048 1
5925 W 12134400 2048 1
5926 W 12136448 2048 1
5927 W 12138496 2048 1
5928 W 12140544 2048 1
5929 W 12142592 2048 1
5930 W 12144640 2048 1
5931 W 12146688 2048 1
5932 W 12148736 2048 1
5933 W 12150784 2048 1
5934 W 12152832 2048 1
5935 W 12154880 2048 1
5936 W 12156928 2048 1
5937 W 12158976 2048 1
5938 W 12161024 2048 1
5939 W 12163072 2048 1
5940 W 12165120 2048 1
5941 W 12167168 2048 1
5942 W 12169216 2048 1
5943 W 12171264 2048 1
5944 W 12173312 2048 1
5945 W 12175360 2048 1
5946 W 12177408 2048 1
5947 W 12179456 2048 1
5948 W 12181504 2048 1
5949 W 12183552 2048 1
5950 W 12185600 2048 1
5951 W 12187648 2048 1
5952 W 12189696 2048 1
5953 W 12191744 2048 1
5954 W 12193792 2048 1
5955 W 12195840 2048 1
5956 W 12197888 2048 1
5957 W 12199936 2048 1
5958 W 12201984 2048 1
5959 W 12204032 2048 1
5960 W 12206080 2048 1
5961 W 12208128 2048 1
5962 W 12210176 2048 1
5963 W 12212224 2048 1
5964 W 12214272 2048 1
5965 W 12216320 2048 1
5966 W 12218368 2048 1
5967 W 12220416 2048 1
5968 W 12222464 2048 1
5969 W 12224512 2048 1
5970 W 12226560 2048 1
5971 W 12228608 2048 1
5972 W 12230656 2048 1
5973 W 12232704 2048 1
5974 W 12234752 2048 1
5975 W 12236800 2048 1
5976 W 12238848 2048 1
5977 W 12240896 2048 1
5978 W 12242944 2048 1
5979 W 12244992 2048 1
5980 W 12247040 2048 1
5981 W 12249088 2048 1
5982 W 12251136 2048 1
5983 W 12253184 2048 1
5984 W 12255232 2048 1
5985 W 12257280 2048 1
5986 W 12259328 2048 1
5987 W 12261376 2048 1
5988 W 12263424 2048 1
5989 W 12265472 2048 1
5990 W 12267520 2048 1
5991 W 12269568 2048 1
5992 W 12271616 2048 1
5993 W 12273664 2048 1
5994 W 12275712 2048 1
5995 W 12277760 2048 1
5996 W 12279808 2048 1
5997 W 12281856 2048 1
5998 W 12283904 2048 1
5999 W 12285952 2048 1
6000 W 12288000 2048 1
6001 W 12290048 2048 1
6002 W 12292096 2048 1
6003 W 12294144 2048 1
6004 W 12296192 2048 1
6005 W 12298240 2048 1
6006 W 12300288 2048 1
6007 W 12302336 2048 1
6008 W 12304384 2048 1
6009 W 12306432 2048 1
6010 W 12308480 2048 1
6011 W 12310528 2048 1
6012 W 12312576 2048 1
6013 W 12314624 2048 1
6014 W 12316672 2048 1
6015 W 12318720 2048 1
6016 W 12320768 2048 1
6017 W 12322816 2048 1
6018 W 12324864 2048 1
6019 W 12326912 2048 1
6020 W 12328960 2048 1
6021 W 12331008 2048 1
6022 W 12333056 2048 1
6023 W 12335104 2048 1
6024 W 12337152 2048 1
6025 W 12339200 2048 1
6026 W 12341248 2048 1
6027 W 12343296 2048 1
6028 W 12345344 2048 1
6029 W 12347392 2048 1
6030 W 12349440 2048 1
6031 W 12351488 2048 1
6032 W 12353536 2048 1
6033 W 12355584 2048 1
6034 W 12357632 2048 1
6035 W 12359680 2048 1
6036 W 12361728 2048 1
6037 W 12363776 2048 1
6038 W 12365824 2048 1
6039 W 12367872 2048 1
6040 W 12369920 2048 1
6041 W 12371968 2048 1
6042 W 12374016 2048 1
6043 W 12376064 2048 1
6044 W 12378112 2048 1
6045 W 12380160 2048 1
6046 W 12382208 2048 1
6047 W 12384256 2048 1
6048 W 12386304 2048 1
6049 W 12388352 2048 1
6050 W 12390400 2048 1
6051 W 12392448 2048 1
6052 W 12394496 2048 1
6053 W 12396544 2048 1
6054 W 12398592 2048 1
6055 W 12400640 2048 1
6056 W 12402688 2048 1
6057 W 12404736 2048 1
6058 W 12406784 2048 1
6059 W 12408832 2048 1
6060 W 12410880 2048 1
6061 W 12412928 2048 1
6062 W 12414976 2048 1
6063 W 12417024 2048 1
6064 W 12419072 2048 1
6065 W 12421120 2048 1
6066 W 12423168 2048 1
6067 W 12425216 2048 1
6068 W 12427264 2048 1
6069 W 12429312 2048 1
6070 W 12431360 2048 1
6071 W 12433408 2048 1
6072 W 12435456 2048 1
6073 W 12437504 2048 1
6074 W 12439552 2048 1
6075 W 12441600 2048 1
6076 W 12443648 2048 1
6077 W 12445696 2048 1
6078 W 12447744 2048 1
6079 W 12449792 2048 1
6080 W 12451840 2048 1
6081 W 12453888 2048 1
6082 W 12455936 2048 1
6083 W 12457984 2048 1
6084 W 12460032 2048 1
6085 W 12462080 2048 1
6086 W 12464128 2048 1
6087 W 12466176 2048 1
6088 W 12468224 2048 1
6089 W 12470272 2048 1
6090 W 12472320 2048 1
6091 W 12474368 2048 1
6092 W 12476416 2048 1
6093 W 12478464 2048 1
6094 W 12480512 2048 1
6095 W 12482560 2048 1
6096 W 12484608 2048 1
6097 W 12486656 2048 1
6098 W 12488704 2048 1
6099 W 12490752 2048 1
6100 W 12492800 2048 1
6101 W 12494848 2048 1
6102 W 12496896 2048 1
6103 W 12498944 2048 1
6104 W 12500992 2048 1
6105 W 12503040 2048 1
6106 W 12505088 2048 1
6107 W 12507136 2048 1
6108 W 12509184 2048 1
6109 W 12511232 2048 1
6110 W 12513280 2048 1
6111 W 12515328 2048 1
6112 W 12517376 2048 1
6113 W 12519424 2048 1
6114 W 12521472 2048 1
6115 W 12523520 2048 1
6116 W 12525568 2048 1
6117 W 12527616 2048 1
6118 W 12529664 2048 1
6119 W 12531712 2048 1
6120 W 12533760 2048 1
6121 W 12535808 2048 1
6122 W 12537856 2048 1
6123 W 12539904 2048 1
6124 W 12541952 2048 1
6125 W 12544000 2048 1
6126 W 12546048 2048 1
6127 W 12548096 2048 1
6128 W 12550144 2048 1
6129 W 12552192 2048 1
6130 W 12554240 2048 1
6131 W 12556288 2048 1
6132 W 12558336 2048 1
6133 W 12560384 2048 1
6134 W 12562432 2048 1
6135 W 12564480 2048 1
6136 W 12566528 2048 1
6137 W 12568576 2048 1
6138 W 12570624 2048 1
6139 W 12572672 2048 1
6140 W 12574720 2048 1
6141 W 12576768 2048 1
6142 W 12578816 2048 1
6143 W 12580864 2048 1
6144 W 12582912 2048 1
6145 W 12584960 2048 1
6146 W 12587008 2048 1
6147 W 12589056 2048 1
6148 W 12591104 2048 1
6149 W 12593152 2048 1
6150 W 12595200 2048 1
6151 W 12597248 2048 1
6152 W 12599296 2048 1
6153 W 12601344 2048 1
6154 W 12603392 2048 1
6155 W 12605440 2048 1
6156 W 12607488 2048 1
6157 W 12609536 2048 1
6158 W 12611584 2048 1
6159 W 12613632 2048 1
6160 W 12615680 2048 1
6161 W 12617728 2048 1
6162 W 12619776 2048 1
6163 W 12621824 2048 1
6164 W 12623872 2048 1
6165 W 12625920 2048 1
6166 W 12627968 2048 1
6167 W 12630016 2048 1
6168 W 12632064 2048 1
6169 W 12634112 2048 1
6170 W 12636160 2048 1
6171 W 12638208 2048 1
6172 W 12640256 2048 1
6173 W 12642304 2048 1
6174 W 12644352 2048 1
6175 W 12646400 2048 1
6176 W 12648448 2048 1
6177 W 12650496 2048 1
6178 W 12652544 2048 1
6179 W 12654592 2048 1
6180 W 12656640 2048 1
6181 W 12658688 2048 1
6182 W 12660736 2048 1
6183 W 12662784 2048 1
6184 W 12664832 2048 1
6185 W 12666880 2048 1
6186 W 12668928 2048 1
6187 W 12670976 2048 1
6188 W 12673024 2048 1
6189 W 12675072 2048 1
6190 W 12677120 2048 1
6191 W 12679168 2048 1
6192 W 12681216 2048 1
6193 W 12683264 2048 1
6194 W 12685312 2048 1
6195 W 12687360 2048 1
6196 W 12689408 2048 1
6197 W 12691456 2048 1
6198 W 12693504 2048 1
6199 W 12695552 2048 1
6200 W 12697600 2048 1
6201 W 12699648 2048 1
6202 W 12701696 2048 1
6203 W 12703744 2048 1
6204 W 12705792 2048 1
6205 W 12707840 2048 1
6206 W 12709888 2048 1
6207 W 12711936 2048 1
6208 W 12713984 2048 1
6209 W 12716032 2048 1
6210 W 12718080 2048 1
6211 W 12720128 2048 1
6212 W 12722176 2048 1
6213 W 12724224 2048 1
6214 W 12726272 2048 1
6215 W 12728320 2048 1
6216 W 12730368 2048 1
6217 W 12732416 2048 1
6218 W 12734464 2048 1
6219 W 12736512 2048 1
6220 W 12738560 2048 1
6221 W 12740608 2048 1
6222 W 12742656 2048 1
6223 W 12744704 2048 1
6224 W 12746752 2048 1
6225 W 12748800 2048 1
6226 W 12750848 2048 1
6227 W 12752896 2048 1
6228 W 12754944 2048 1
6229 W 12756992 2048 1
6230 W 12759040 2048 1
6231 W 12761088 2048 1
6232 W 12763136 2048 1
6233 W 12765184 2048 1
6234 W 12767232 2048 1
6235 W 12769280 2048 1
6236 W 12771328 2048 1
6237 W 12773376 2048 1
6238 W 12775424 2048 1
6239 W 12777472 2048 1
6240 W 12779520 2048 1
6241 W 12781568 2048 1
6242 W 12783616 2048 1
6243 W 12785664 2048 1
6244 W 12787712 2048 1
6245 W 12789760 2048 1
6246 W 12791808 2048 1
6247 W 12793856 2048 1
6248 W 12795904 2048 1
6249 W 12797952 2048 1
6250 W 12800000 2048 1
6251 W 12802048 2048 1
6252 W 12804096 2048 1
6253 W 12806144 2048 1
6254 W 12808192 2048 1
6255 W 12810240 2048 1
6256 W 12812288 2048 1
6257 W 12814336 2048 1
6258 W 12816384 2048 1
6259 W 12818432 2048 1
6260 W 12820480 2048 1
6261 W 12822528 2048 1
6262 W 12824576 2048 1
6263 W 12826624 2048 1
6264 W 12828672 2048 1
6265 W 12830720 2048 1
6266 W 12832768 2048 1
6267 W 12834816 2048 1
6268 W 12836864 2048 1
6269 W 12838912 2048 1
6270 W 12840960 2048 1
6271 W 12843008 2048 1
6272 W 12845056 2048 1
6273 W 12847104 2048 1
6274 W 12849152 2048 1
6275 W 12851200 2048 1
6276 W 12853248 2048 1
6277 W 12855296 2048 1
6278 W 12857344 2048 1
6279 W 12859392 2048 1
6280 W 12861440 2048 1
6281 W 12863488 2048 1
6282 W 12865536 2048 1
6283 W 12867584 2048 1
6284 W 12869632 2048 1
6285 W 12871680 2048 1
6286 W 12873728 2048 1
6287 W 12875776 2048 1
6288 W 12877824 2048 1
6289 W 12879872 2048 1
6290 W 12881920 2048 1
6291 W 12883968 2048 1
6292 W 12886016 2048 1
6293 W 12888064 2048 1
6294 W 12890112 2048 1
6295 W 12892160 2048 1
6296 W 12894208 2048 1
6297 W 12896256 2048 1
6298 W 12898304 2048 1
6299 W 12900352 2048 1
6300 W 12902400 2048 1
6301 W 12904448 2048 1
6302 W 12906496 2048 1
6303 W 12908544 2048 1
6304 W 12910592 2048 1
6305 W 12912640 2048 1
6306 W 12914688 2048 1
6307 W 12916736 2048 1
6308 W 12918784 2048 1
6309 W 12920832 2048 1
6310 W 12922880 2048 1
6311 W 12924928 2048 1
6312 W 12926976 2048 1
6313 W 12929024 2048 1
6314 W 12931072 2048 1
6315 W 12933120 2048 1
6316 W 12935168 2048 1
6317 W 12937216 2048 1
6318 W 12939264 2048 1
6319 W 12941312 2048 1
6320 W 12943360 2048 1
6321 W 12945408 2048 1
6322 W 12947456 2048 1
6323 W 12949504 2048 1
6324 W 12951552 2048 1
6325 W 12953600 2048 1
6326 W 12955648 2048 1
6327 W 12957696 2048 1
6328 W 12959744 2048 1
6329 W 12961792 2048 1
6330 W 12963840 2048 1
6331 W 12965888 2048 1
6332 W 12967936 2048 1
6333 W 12969984 2048 1
6334 W 12972032 2048 1
6335 W 12974080 2048 1
6336 W 12976128 2048 1
6337 W 12978176 2048 1
6338 W 12980224 2048 1
6339 W 12982272 2048 1
6340 W 12984320 2048 1
6341 W 12986368 2048 1
6342 W 12988416 2048 1
6343 W 12990464 2048 1
6344 W 12992512 2048 1
6345 W 12994560 2048 1
6346 W 12996608 2048 1
6347 W 12998656 2048 1
6348 W 13000704 2048 1
6349 W 13002752 2048 1
6350 W 13004800 2048 1
6351 W 13006848 2048 1
6352 W 13008896 2048 1
6353 W 13010944 2048 1
6354 W 13012992 2048 1
6355 W 13015040 2048 1
6356 W 13017088 2048 1
6357 W 13019136 2048 1
6358 W 13021184 2048 1
6359 W 13023232 2048 1
6360 W 13025280 2048 1
6361 W 13027328 2048 1
6362 W 13029376 2048 1
6363 W 13031424 2048 1
6364 W 13033472 2048 1
6365 W 13035520 2048 1
6366 W 13037568 2048 1
6367 W 13039616 2048 1
6368 W 13041664 2048 1
6369 W 13043712 2048 1
6370 W 13045760 2048 1
6371 W 13047808 2048 1
6372 W 13049856 2048 1
6373 W 13051904 2048 1
6374 W 13053952 2048 1
6375 W 13056000 2048 1
6376 W 13058048 2048 1
6377 W 13060096 2048 1
6378 W 13062144 2048 1
6379 W 13064192 2048 1
6380 W 13066240 2048 1
6381 W 13068288 2048 1
6382 W 13070336 2048 1
6383 W 13072384 2048 1
6384 W 13074432 2048 1
6385 W 13076480 2048 1
6386 W 13078528 2048 1
6387 W 13080576 2048 1
6388 W 13082624 2048 1
6389 W 13084672 2048 1
6390 W 13086720 2048 1
6391 W 13088768 2048 1
6392 W 13090816 2048 1
6393 W 13092864 2048 1
6394 W 13094912 2048 1
6395 W 13096960 2048 1
6396 W 13099008 2048 1
6397 W 13101056 2048 1
6398 W 13103104 2048 1
6399 W 13105152 2048 1
6400 W 13107200 2048 1
6401 W 13109248 2048 1
6402 W 13111296 2048 1
6403 W 13113344 2048 1
6404 W 13115392 2048 1
6405 W 13117440 2048 1
6406 W 13119488 2048 1
6407 W 13121536 2048 1
6408 W 13123584 2048 1
6409 W 13125632 2048 1
6410 W 13127680 2048 1
6411 W 13129728 2048 1
6412 W 13131776 2048 1
6413 W 13133824 2048 1
6414 W 13135872 2048 1
6415 W 13137920 2048 1
6416 W 13139968 2048 1
6417 W 13142016 2048 1
6418 W 13144064 2048 1
6419 W 13146112 2048 1
6420 W 13148160 2048 1
6421 W 13150208 2048 1
6422 W 13152256 2048 1
6423 W 13154304 2048 1
6424 W 13156352 2048 1
6425 W 13158400 2048 1
6426 W 13160448 2048 1
6427 W 13162496 2048 1
6428 W 13164544 2048 1
6429 W 13166592 2048 1
6430 W 13168640 2048 1
6431 W 13170688 2048 1
6432 W 13172736 2048 1
6433 W 13174784 2048 1
6434 W 13176832 2048 1
6435 W 13178880 2048 1
6436 W 13180928 2048 1
6437 W 13182976 2048 1
6438 W 13185024 2048 1
6439 W 13187072 2048 1
6440 W 13189120 2048 1
6441 W 13191168 2048 1
6442 W 13193216 2048 1
6443 W 13195264 2048 1
6444 W 13197312 2048 1
6445 W 13199360 2048 1
6446 W 13201408 2048 1
6447 W 13203456 2048 1
6448 W 13205504 2048 1
6449 W 13207552 2048 1
6450 W 13209600 2048 1
6451 W 13211648 2048 1
6452 W 13213696 2048 1
6453 W 13215744 2048 1
6454 W 13217792 2048 1
6455 W 13219840 2048 1
6456 W 13221888 2048 1
6457 W 13223936 2048 1
6458 W 13225984 2048 1
6459 W 13228032 2048 1
6460 W 13230080 2048 1
6461 W 13232128 2048 1
6462 W 13234176 2048 1
6463 W 13236224 2048 1
6464 W 13238272 2048 1
6465 W 13240320 2048 1
6466 W 13242368 2048 1
6467 W 13244416 2048 1
6468 W 13246464 2048 1
6469 W 13248512 2048 1
6470 W 13250560 2048 1
6471 W 13252608 2048 1
6472 W 13254656 2048 1
6473 W 13256704 2048 1
6474 W 13258752 2048 1
6475 W 13260800 2048 1
6476 W 13262848 2048 1
6477 W 13264896 2048 1
6478 W 13266944 2048 1
6479 W 13268992 2048 1
6480 W 13271040 2048 1
6481 W 13273088 2048 1
6482 W 13275136 2048 1
6483 W 13277184 2048 1
6484 W 13279232 2048 1
6485 W 13281280 2048 1
6486 W 13283328 2048 1
6487 W 13285376 2048 1
6488 W 13287424 2048 1
6489 W 13289472 2048 1
6490 W 13291520 2048 1
6491 W 13293568 2048 1
6492 W 13295616 2048 1
6493 W 13297664 2048 1
6494 W 13299712 2048 1
6495 W 13301760 2048 1
6496 W 13303808 2048 1
6497 W 13305856 2048 1
6498 W 13307904 2048 1
6499 W 13309952 2048 1
6500 W 13312000 2048 1
6501 W 13314048 2048 1
6502 W 13316096 2048 1
6503 W 13318144 2048 1
6504 W 13320192 2048 1
6505 W 13322240 2048 1
6506 W 13324288 2048 1
6507 W 13326336 2048 1
6508 W 13328384 2048 1
6509 W 13330432 2048 1
6510 W 13332480 2048 1
6511 W 13334528 2048 1
6512 W 13336576 2048 1
6513 W 13338624 2048 1
6514 W 13340672 2048 1
6515 W 13342720 2048 1
6516 W 13344768 2048 1
6517 W 13346816 2048 1
6518 W 13348864 2048 1
6519 W 13350912 2048 1
6520 W 13352960 2048 1
6521 W 13355008 2048 1
6522 W 13357056 2048 1
6523 W 13359104 2048 1
6524 W 13361152 2048 1
6525 W 13363200 2048 1
6526 W 13365248 2048 1
6527 W 13367296 2048 1
6528 W 13369344 2048 1
6529 W 13371392 2048 1
6530 W 13373440 2048 1
6531 W 13375488 2048 1
6532 W 13377536 2048 1
6533 W 13379584 2048 1
6534 W 13381632 2048 1
6535 W 13383680 2048 1
6536 W 13385728 2048 1
6537 W 13387776 2048 1
6538 W 13389824 2048 1
6539 W 13391872 2048 1
6540 W 13393920 2048 1
6541 W 13395968 2048 1
6542 W 13398016 2048 1
6543 W 13400064 2048 1
6544 W 13402112 2048 1
6545 W 13404160 2048 1
6546 W 13406208 2048 1
6547 W 13408256 2048 1
6548 W 13410304 2048 1
6549 W 13412352 2048 1
6550 W 13414400 2048 1
6551 W 13416448 2048 1
6552 W 13418496 2048 1
6553 W 13420544 2048 1
6554 W 13422592 2048 1
6555 W 13424640 2048 1
6556 W 13426688 2048 1
6557 W 13428736 2048 1
6558 W 13430784 2048 1
6559 W 13432832 2048 1
6560 W 13434880 2048 1
6561 W 13436928 2048 1
6562 W 13438976 2048 1
6563 W 13441024 2048 1
6564 W 13443072 2048 1
6565 W 13445120 2048 1
6566 W 13447168 2048 1
6567 W 13449216 2048 1
6568 W 13451264 2048 1
6569 W 13453312 2048 1
6570 W 13455360 2048 1
6571 W 13457408 2048 1
6572 W 13459456 2048 1
6573 W 13461504 2048 1
6574 W 13463552 2048 1
6575 W 13465600 2048 1
6576 W 13467648 2048 1
6577 W 13469696 2048 1
6578 W 13471744 2048 1
6579 W 13473792 2048 1
6580 W 13475840 2048 1
6581 W 13477888 2048 1
6582 W 13479936 2048 1
6583 W 13481984 2048 1
6584 W 13484032 2048 1
6585 W 13486080 2048 1
6586 W 13488128 2048 1
6587 W 13490176 2048 1
6588 W 13492224 2048 1
6589 W 13494272 2048 1
6590 W 13496320 2048 1
6591 W 13498368 2048 1
6592 W 13500416 2048 1
6593 W 13502464 2048 1
6594 W 13504512 2048 1
6595 W 13506560 2048 1
6596 W 13508608 2048 1
6597 W 13510656 2048 1
6598 W 13512704 2048 1
6599 W 13514752 2048 1
6600 W 13516800 2048 1
6601 W 13518848 2048 1
6602 W 13520896 2048 1
6603 W 13522944 2048 1
6604 W 13524992 2048 1
6605 W 13527040 2048 1
6606 W 13529088 2048 1
6607 W 13531136 2048 1
6608 W 13533184 2048 1
6609 W 13535232 2048 1
6610 W 13537280 2048 1
6611 W 13539328 2048 1
6612 W 13541376 2048 1
6613 W 13543424 2048 1
6614 W 13545472 2048 1
6615 W 13547520 2048 1
6616 W 13549568 2048 1
6617 W 13551616 2048 1
6618 W 13553664 2048 1
6619 W 13555712 2048 1
6620 W 13557760 2048 1
6621 W 13559808 2048 1
6622 W 13561856 2048 1
6623 W 13563904 2048 1
6624 W 13565952 2048 1
6625 W 13568000 2048 1
6626 W 13570048 2048 1
6627 W 13572096 2048 1
6628 W 13574144 2048 1
6629 W 13576192 2048 1
6630 W 13578240 2048 1
6631 W 13580288 2048 1
6632 W 13582336 2048 1
6633 W 13584384 2048 1
6634 W 13586432 2048 1
6635 W 13588480 2048 1
6636 W 13590528 2048 1
6637 W 13592576 2048 1
6638 W 13594624 2048 1
6639 W 13596672 2048 1
6640 W 13598720 2048 1
6641 W 13600768 2048 1
6642 W 13602816 2048 1
6643 W 13604864 2048 1
6644 W 13606912 2048 1
6645 W 13608960 2048 1
6646 W 13611008 2048 1
6647 W 13613056 2048 1
6648 W 13615104 2048 1
6649 W 13617152 2048 1
6650 W 13619200 2048 1
6651 W 13621248 2048 1
6652 W 13623296 2048 1
6653 W 13625344 2048 1
6654 W 13627392 2048 1
6655 W 13629440 2048 1
6656 W 13631488 2048 1
6657 W 13633536 2048 1
6658 W 13635584 2048 1
6659 W 13637632 2048 1
6660 W 13639680 2048 1
6661 W 13641728 2048 1
6662 W 13643776 2048 1
6663 W 13645824 2048 1
6664 W 13647872 2048 1
6665 W 13649920 2048 1
6666 W 13651968 2048 1
6667 W 13654016 2048 1
6668 W 13656064 2048 1
6669 W 13658112 2048 1
6670 W 13660160 2048 1
6671 W 13662208 2048 1
6672 W 13664256 2048 1
6673 W 13666304 2048 1
6674 W 13668352 2048 1
6675 W 13670400 2048 1
6676 W 13672448 2048 1
6677 W 13674496 2048 1
6678 W 13676544 2048 1
6679 W 13678592 2048 1
6680 W 13680640 2048 1
6681 W 13682688 2048 1
6682 W 13684736 2048 1
6683 W 13686784 2048 1
6684 W 13688832 2048 1
6685 W 13690880 2048 1
6686 W 13692928 2048 1
6687 W 13694976 2048 1
6688 W 13697024 2048 1
6689 W 13699072 2048 1
6690 W 13701120 2048 1
6691 W 13703168 2048 1
6692 W 13705216 2048 1
6693 W 13707264 2048 1
6694 W 13709312 2048 1
6695 W 13711360 2048 1
6696 W 13713408 2048 1
6697 W 13715456 2048 1
6698 W 13717504 2048 1
6699 W 13719552 2048 1
6700 W 13721600 2048 1
6701 W 13723648 2048 1
6702 W 13725696 2048 1
6703 W 13727744 2048 1
6704 W 13729792 2048 1
6705 W 13731840 2048 1
6706 W 13733888 2048 1
6707 W 13735936 2048 1
6708 W 13737984 2048 1
6709 W 13740032 2048 1
6710 W 13742080 2048 1
6711 W 13744128 2048 1
6712 W 13746176 2048 1
6713 W 13748224 2048 1
6714 W 13750272 2048 1
6715 W 13752320 2048 1
6716 W 13754368 2048 1
6717 W 13756416 2048 1
6718 W 13758464 2048 1
6719 W 13760512 2048 1
6720 W 13762560 2048 1
6721 W 13764608 2048 1
6722 W 13766656 2048 1
6723 W 13768704 2048 1
6724 W 13770752 2048 1
6725 W 13772800 2048 1
6726 W 13774848 2048 1
6727 W 13776896 2048 1
6728 W 13778944 2048 1
6729 W 13780992 2048 1
6730 W 13783040 2048 1
6731 W 13785088 2048 1
6732 W 13787136 2048 1
6733 W 13789184 2048 1
6734 W 13791232 2048 1
6735 W 13793280 2048 1
6736 W 13795328 2048 1
6737 W 13797376 2048 1
6738 W 13799424 2048 1
6739 W 13801472 2048 1
6740 W 13803520 2048 1
6741 W 13805568 2048 1
6742 W 13807616 2048 1
6743 W 13809664 2048 1
6744 W 13811712 2048 1
6745 W 13813760 2048 1
6746 W 13815808 2048 1
6747 W 13817856 2048 1
6748 W 13819904 2048 1
6749 W 13821952 2048 1
6750 W 13824000 2048 1
6751 W 13826048 2048 1
6752 W 13828096 2048 1
6753 W 13830144 2048 1
6754 W 13832192 2048 1
6755 W 13834240 2048 1
6756 W 13836288 2048 1
6757 W 13838336 2048 1
6758 W 13840384 2048 1
6759 W 13842432 2048 1
6760 W 13844480 2048 1
6761 W 13846528 2048 1
6762 W 13848576 2048 1
6763 W 13850624 2048 1
6764 W 13852672 2048 1
6765 W 13854720 2048 1
6766 W 13856768 2048 1
6767 W 13858816 2048 1
6768 W 13860864 2048 1
6769 W 13862912 2048 1
6770 W 13864960 2048 1
6771 W 13867008 2048 1
6772 W 13869056 2048 1
6773 W 13871104 2048 1
6774 W 13873152 2048 1
6775 W 13875200 2048 1
6776 W 13877248 2048 1
6777 W 13879296 2048 1
6778 W 13881344 2048 1
6779 W 13883392 2048 1
6780 W 13885440 2048 1
6781 W 13887488 2048 1
6782 W 13889536 2048 1
6783 W 13891584 2048 1
6784 W 13893632 2048 1
6785 W 13895680 2048 1
6786 W 13897728 2048 1
6787 W 13899776 2048 1
6788 W 13901824 2048 1
6789 W 13903872 2048 1
6790 W 13905920 2048 1
6791 W 13907968 2048 1
6792 W 13910016 2048 1
6793 W 13912064 2048 1
6794 W 13914112 2048 1
6795 W 13916160 2048 1
6796 W 13918208 2048 1
6797 W 13920256 2048 1
6798 W 13922304 2048 1
6799 W 13924352 2048 1
6800 W 13926400 2048 1
6801 W 13928448 2048 1
6802 W 13930496 2048 1
6803 W 13932544 2048 1
6804 W 13934592 2048 1
6805 W 13936640 2048 1
6806 W 13938688 2048 1
6807 W 13940736 2048 1
6808 W 13942784 2048 1
6809 W 13944832 2048 1
6810 W 13946880 2048 1
6811 W 13948928 2048 1
6812 W 13950976 2048 1
6813 W 13953024 2048 1
6814 W 13955072 2048 1
6815 W 13957120 2048 1
6816 W 13959168 2048 1
6817 W 13961216 2048 1
6818 W 13963264 2048 1
6819 W 13965312 2048 1
6820 W 13967360 2048 1
6821 W 13969408 2048 1
6822 W 13971456 2048 1
6823 W 13973504 2048 1
6824 W 13975552 2048 1
6825 W 13977600 2048 1
6826 W 13979648 2048 1
6827 W 13981696 2048 1
6828 W 13983744 2048 1
6829 W 13985792 2048 1
6830 W 13987840 2048 1
6831 W 13989888 2048 1
6832 W 13991936 2048 1
6833 W 13993984 2048 1
6834 W 13996032 2048 1
6835 W 13998080 2048 1
6836 W 14000128 2048 1
6837 W 14002176 2048 1
6838 W 14004224 2048 1
6839 W 14006272 2048 1
6840 W 14008320 2048 1
6841 W 14010368 2048 1
6842 W 14012416 2048 1
6843 W 14014464 2048 1
6844 W 14016512 2048 1
6845 W 14018560 2048 1
6846 W 14020608 2048 1
6847 W 14022656 2048 1
6848 W 14024704 2048 1
6849 W 14026752 2048 1
6850 W 14028800 2048 1
6851 W 14030848 2048 1
6852 W 14032896 2048 1
6853 W 14034944 2048 1
6854 W 14036992 2048 1
6855 W 14039040 2048 1
6856 W 14041088 2048 1
6857 W 14043136 2048 1
6858 W 14045184 2048 1
6859 W 14047232 2048 1
6860 W 14049280 2048 1
6861 W 14051328 2048 1
6862 W 14053376 2048 1
6863 W 14055424 2048 1
6864 W 14057472 2048 1
6865 W 14059520 2048 1
6866 W 14061568 2048 1
6867 W 14063616 2048 1
6868 W 14065664 2048 1
6869 W 14067712 2048 1
6870 W 14069760 2048 1
6871 W 14071808 2048 1
6872 W 14073856 2048 1
6873 W 14075904 2048 1
6874 W 14077952 2048 1
6875 W 14080000 2048 1
6876 W 14082048 2048 1
6877 W 14084096 2048 1
6878 W 14086144 2048 1
6879 W 14088192 2048 1
6880 W 14090240 2048 1
6881 W 14092288 2048 1
6882 W 14094336 2048 1
6883 W 14096384 2048 1
6884 W 14098432 2048 1
6885 W 14100480 2048 1
6886 W 14102528 2048 1
6887 W 14104576 2048 1
6888 W 14106624 2048 1
6889 W 14108672 2048 1
6890 W 14110720 2048 1
6891 W 14112768 2048 1
6892 W 14114816 2048 1
6893 W 14116864 2048 1
6894 W 14118912 2048 1
6895 W 14120960 2048 1
6896 W 14123008 2048 1
6897 W 14125056 2048 1
6898 W 14127104 2048 1
6899 W 14129152 2048 1
6900 W 14131200 2048 1
6901 W 14133248 2048 1
6902 W 14135296 2048 1
6903 W 14137344 2048 1
6904 W 14139392 2048 1
6905 W 14141440 2048 1
6906 W 14143488 2048 1
6907 W 14145536 2048 1
6908 W 14147584 2048 1
6909 W 14149632 2048 1
6910 W 14151680 2048 1
6911 W 14153728 2048 1
6912 W 14155776 2048 1
6913 W 14157824 2048 1
6914 W 14159872 2048 1
6915 W 14161920 2048 1
6916 W 14163968 2048 1
6917 W 14166016 2048 1
6918 W 14168064 2048 1
6919 W 14170112 2048 1
6920 W 14172160 2048 1
6921 W 14174208 2048 1
6922 W 14176256 2048 1
6923 W 14178304 2048 1
6924 W 14180352 2048 1
6925 W 14182400 2048 1
6926 W 14184448 2048 1
6927 W 14186496 2048 1
6928 W 14188544 2048 1
6929 W 14190592 2048 1
6930 W 14192640 2048 1
6931 W 14194688 2048 1
6932 W 14196736 2048 1
6933 W 14198784 2048 1
6934 W 14200832 2048 1
6935 W 14202880 2048 1
6936 W 14204928 2048 1
6937 W 14206976 2048 1
6938 W 14209024 2048 1
6939 W 14211072 2048 1
6940 W 14213120 2048 1
6941 W 14215168 2048 1
6942 W 14217216 2048 1
6943 W 14219264 2048 1
6944 W 14221312 2048 1
6945 W 14223360 2048 1
6946 W 14225408 2048 1
6947 W 14227456 2048 1
6948 W 14229504 2048 1
6949 W 14231552 2048 1
6950 W 14233600 2048 1
6951 W 14235648 2048 1
6952 W 14237696 2048 1
6953 W 14239744 2048 1
6954 W 14241792 2048 1
6955 W 14243840 2048 1
6956 W 14245888 2048 1
6957 W 14247936 2048 1
6958 W 14249984 2048 1
6959 W 14252032 2048 1
6960 W 14254080 2048 1
6961 W 14256128 2048 1
6962 W 14258176 2048 1
6963 W 14260224 2048 1
6964 W 14262272 2048 1
6965 W 14264320 2048 1
6966 W 14266368 2048 1
6967 W 14268416 2048 1
6968 W 14270464 2048 1
6969 W 14272512 2048 1
6970 W 14274560 2048 1
6971 W 14276608 2048 1
6972 W 14278656 2048 1
6973 W 14280704 2048 1
6974 W 14282752 2048 1
6975 W 14284800 2048 1
6976 W 14286848 2048 1
6977 W 14288896 2048 1
6978 W 14290944 2048 1
6979 W 14292992 2048 1
6980 W 14295040 2048 1
6981 W 14297088 2048 1
6982 W 14299136 2048 1
6983 W 14301184 2048 1
6984 W 14303232 2048 1
6985 W 14305280 2048 1
6986 W 14307328 2048 1
6987 W 14309376 2048 1
6988 W 14311424 2048 1
6989 W 14313472 2048 1
6990 W 14315520 2048 1
6991 W 14317568 2048 1
6992 W 14319616 2048 1
6993 W 14321664 2048 1
6994 W 14323712 2048 1
6995 W 14325760 2048 1
6996 W 14327808 2048 1
6997 W 14329856 2048 1
6998 W 14331904 2048 1
6999 W 14333952 2048 1
7000 W 14336000 2048 1
7001 W 14338048 2048 1
7002 W 14340096 2048 1
7003 W 14342144 2048 1
7004 W 14344192 2048 1
7005 W 14346240 2048 1
7006 W 14348288 2048 1
7007 W 14350336 2048 1
7008 W 14352384 2048 1
7009 W 14354432 2048 1
7010 W 14356480 2048 1
7011 W 14358528 2048 1
7012 W 14360576 2048 1
7013 W 14362624 2048 1
7014 W 14364672 2048 1
7015 W 14366720 2048 1
7016 W 14368768 2048 1
7017 W 14370816 2048 1
7018 W 14372864 2048 1
7019 W 14374912 2048 1
7020 W 14376960 2048 1
7021 W 14379008 2048 1
7022 W 14381056 2048 1
7023 W 14383104 2048 1
7024 W 14385152 2048 1
7025 W 14387200 2048 1
7026 W 14389248 2048 1
7027 W 14391296 2048 1
7028 W 14393344 2048 1
7029 W 14395392 2048 1
7030 W 14397440 2048 1
7031 W 14399488 2048 1
7032 W 14401536 2048 1
7033 W 14403584 2048 1
7034 W 14405632 2048 1
7035 W 14407680 2048 1
7036 W 14409728 2048 1
7037 W 14411776 2048 1
7038 W 14413824 2048 1
7039 W 14415872 2048 1
7040 W 14417920 2048 1
7041 W 14419968 2048 1
7042 W 14422016 2048 1
7043 W 14424064 2048 1
7044 W 14426112 2048 1
7045 W 14428160 2048 1
7046 W 14430208 2048 1
7047 W 14432256 2048 1
7048 W 14434304 2048 1
7049 W 14436352 2048 1
7050 W 14438400 2048 1
7051 W 14440448 2048 1
7052 W 14442496 2048 1
7053 W 14444544 2048 1
7054 W 14446592 2048 1
7055 W 14448640 2048 1
7056 W 14450688 2048 1
7057 W 14452736 2048 1
7058 W 14454784 2048 1
7059 W 14456832 2048 1
7060 W 14458880 2048 1
7061 W 14460928 2048 1
7062 W 14462976 2048 1
7063 W 14465024 2048 1
7064 W 14467072 2048 1
7065 W 14469120 2048 1
7066 W 14471168 2048 1
7067 W 14473216 2048 1
7068 W 14475264 2048 1
7069 W 14477312 2048 1
7070 W 14479360 2048 1
7071 W 14481408 2048 1
7072 W 14483456 2048 1
7073 W 14485504 2048 1
7074 W 14487552 2048 1
7075 W 14489600 2048 1
7076 W 14491648 2048 1
7077 W 14493696 2048 1
7078 W 14495744 2048 1
7079 W 14497792 2048 1
7080 W 14499840 2048 1
7081 W 14501888 2048 1
7082 W 14503936 2048 1
7083 W 14505984 2048 1
7084 W 14508032 2048 1
7085 W 14510080 2048 1
7086 W 14512128 2048 1
7087 W 14514176 2048 1
7088 W 14516224 2048 1
7089 W 14518272 2048 1
7090 W 14520320 2048 1
7091 W 14522368 2048 1
7092 W 14524416 2048 1
7093 W 14526464 2048 1
7094 W 14528512 2048 1
7095 W 14530560 2048 1
7096 W 14532608 2048 1
7097 W 14534656 2048 1
7098 W 14536704 2048 1
7099 W 14538752 2048 1
7100 W 14540800 2048 1
7101 W 14542848 2048 1
7102 W 14544896 2048 1
7103 W 14546944 2048 1
7104 W 14548992 2048 1
7105 W 14551040 2048 1
7106 W 14553088 2048 1
7107 W 14555136 2048 1
7108 W 14557184 2048 1
7109 W 14559232 2048 1
7110 W 14561280 2048 1
7111 W 14563328 2048 1
7112 W 14565376 2048 1
7113 W 14567424 2048 1
7114 W 14569472 2048 1
7115 W 14571520 2048 1
7116 W 14573568 2048 1
7117 W 14575616 2048 1
7118 W 14577664 2048 1
7119 W 14579712 2048 1
7120 W 14581760 2048 1
7121 W 14583808 2048 1
7122 W 14585856 2048 1
7123 W 14587904 2048 1
7124 W 14589952 2048 1
7125 W 14592000 2048 1
7126 W 14594048 2048 1
7127 W 14596096 2048 1
7128 W 14598144 2048 1
7129 W 14600192 2048 1
7130 W 14602240 2048 1
7131 W 14604288 2048 1
7132 W 14606336 2048 1
7133 W 14608384 2048 1
7134 W 14610432 2048 1
7135 W 14612480 2048 1
7136 W 14614528 2048 1
7137 W 14616576 2048 1
7138 W 14618624 2048 1
7139 W 14620672 2048 1
7140 W 14622720 2048 1
7141 W 14624768 2048 1
7142 W 14626816 2048 1
7143 W 14628864 2048 1
7144 W 14630912 2048 1
7145 W 14632960 2048 1
7146 W 14635008 2048 1
7147 W 14637056 2048 1
7148 W 14639104 2048 1
7149 W 14641152 2048 1
7150 W 14643200 2048 1
7151 W 14645248 2048 1
7152 W 14647296 2048 1
7153 W 14649344 2048 1
7154 W 14651392 2048 1
7155 W 14653440 2048 1
7156 W 14655488 2048 1
7157 W 14657536 2048 1
7158 W 14659584 2048 1
7159 W 14661632 2048 1
7160 W 14663680 2048 1
7161 W 14665728 2048 1
7162 W 14667776 2048 1
7163 W 14669824 2048 1
7164 W 14671872 2048 1
7165 W 14673920 2048 1
7166 W 14675968 2048 1
7167 W 14678016 2048 1
7168 W 14680064 2048 1
7169 W 14682112 2048 1
7170 W 14684160 2048 1
7171 W 14686208 2048 1
7172 W 14688256 2048 1
7173 W 14690304 2048 1
7174 W 14692352 2048 1
7175 W 14694400 2048 1
7176 W 14696448 2048 1
7177 W 14698496 2048 1
7178 W 14700544 2048 1
7179 W 14702592 2048 1
7180 W 14704640 2048 1
7181 W 14706688 2048 1
7182 W 14708736 2048 1
7183 W 14710784 2048 1
7184 W 14712832 2048 1
7185 W 14714880 2048 1
7186 W 14716928 2048 1
7187 W 14718976 2048 1
7188 W 14721024 2048 1
7189 W 14723072 2048 1
7190 W 14725120 2048 1
7191 W 14727168 2048 1
7192 W 14729216 2048 1
7193 W 14731264 2048 1
7194 W 14733312 2048 1
7195 W 14735360 2048 1
7196 W 14737408 2048 1
7197 W 14739456 2048 1
7198 W 14741504 2048 1
7199 W 14743552 2048 1
7200 W 14745600 2048 1
7201 W 14747648 2048 1
7202 W 14749696 2048 1
7203 W 14751744 2048 1
7204 W 14753792 2048 1
7205 W 14755840 2048 1
7206 W 14757888 2048 1
7207 W 14759936 2048 1
7208 W 14761984 2048 1
7209 W 14764032 2048 1
7210 W 14766080 2048 1
7211 W 14768128 2048 1
7212 W 14770176 2048 1
7213 W 14772224 2048 1
7214 W 14774272 2048 1
7215 W 14776320 2048 1
7216 W 14778368 2048 1
7217 W 14780416 2048 1
7218 W 14782464 2048 1
7219 W 14784512 2048 1
7220 W 14786560 2048 1
7221 W 14788608 2048 1
7222 W 14790656 2048 1
7223 W 14792704 2048 1
7224 W 14794752 2048 1
7225 W 14796800 2048 1
7226 W 14798848 2048 1
7227 W 14800896 2048 1
7228 W 14802944 2048 1
7229 W 14804992 2048 1
7230 W 14807040 2048 1
7231 W 14809088 2048 1
7232 W 14811136 2048 1
7233 W 14813184 2048 1
7234 W 14815232 2048 1
7235 W 14817280 2048 1
7236 W 14819328 2048 1
7237 W 14821376 2048 1
7238 W 14823424 2048 1
7239 W 14825472 2048 1
7240 W 14827520 2048 1
7241 W 14829568 2048 1
7242 W 14831616 2048 1
7243 W 14833664 2048 1
7244 W 14835712 2048 1
7245 W 14837760 2048 1
7246 W 14839808 2048 1
7247 W 14841856 2048 1
7248 W 14843904 2048 1
7249 W 14845952 2048 1
7250 W 14848000 2048 1
7251 W 14850048 2048 1
7252 W 14852096 2048 1
7253 W 14854144 2048 1
7254 W 14856192 2048 1
7255 W 14858240 2048 1
7256 W 14860288 2048 1
7257 W 14862336 2048 1
7258 W 14864384 2048 1
7259 W 14866432 2048 1
7260 W 14868480 2048 1
7261 W 14870528 2048 1
7262 W 14872576 2048 1
7263 W 14874624 2048 1
7264 W 14876672 2048 1
7265 W 14878720 2048 1
7266 W 14880768 2048 1
7267 W 14882816 2048 1
7268 W 14884864 2048 1
7269 W 14886912 2048 1
7270 W 14888960 2048 1
7271 W 14891008 2048 1
7272 W 14893056 2048 1
7273 W 14895104 2048 1
7274 W 14897152 2048 1
7275 W 14899200 2048 1
7276 W 14901248 2048 1
7277 W 14903296 2048 1
7278 W 14905344 2048 1
7279 W 14907392 2048 1
7280 W 14909440 2048 1
7281 W 14911488 2048 1
7282 W 14913536 2048 1
7283 W 14915584 2048 1
7284 W 14917632 2048 1
7285 W 14919680 2048 1
7286 W 14921728 2048 1
7287 W 14923776 2048 1
7288 W 14925824 2048 1
7289 W 14927872 2048 1
7290 W 14929920 2048 1
7291 W 14931968 2048 1
7292 W 14934016 2048 1
7293 W 14936064 2048 1
7294 W 14938112 2048 1
7295 W 14940160 2048 1
7296 W 14942208 2048 1
7297 W 14944256 2048 1
7298 W 14946304 2048 1
7299 W 14948352 2048 1
7300 W 14950400 2048 1
7301 W 14952448 2048 1
7302 W 14954496 2048 1
7303 W 14956544 2048 1
7304 W 14958592 2048 1
7305 W 14960640 2048 1
7306 W 14962688 2048 1
7307 W 14964736 2048 1
7308 W 14966784 2048 1
7309 W 14968832 2048 1
7310 W 14970880 2048 1
7311 W 14972928 2048 1
7312 W 14974976 2048 1
7313 W 14977024 2048 1
7314 W 14979072 2048 1
7315 W 14981120 2048 1
7316 W 14983168 2048 1
7317 W 14985216 2048 1
7318 W 14987264 2048 1
7319 W 14989312 2048 1
7320 W 14991360 2048 1
7321 W 14993408 2048 1
7322 W 14995456 2048 1
7323 W 14997504 2048 1
7324 W 14999552 2048 1
7325 W 15001600 2048 1
7326 W 15003648 2048 1
7327 W 15005696 2048 1
7328 W 15007744 2048 1
7329 W 15009792 2048 1
7330 W 15011840 2048 1
7331 W 15013888 2048 1
7332 W 15015936 2048 1
7333 W 15017984 2048 1
7334 W 15020032 2048 1
7335 W 15022080 2048 1
7336 W 15024128 2048 1
7337 W 15026176 2048 1
7338 W 15028224 2048 1
7339 W 15030272 2048 1
7340 W 15032320 2048 1
7341 W 15034368 2048 1
7342 W 15036416 2048 1
7343 W 15038464 2048 1
7344 W 15040512 2048 1
7345 W 15042560 2048 1
7346 W 15044608 2048 1
7347 W 15046656 2048 1
7348 W 15048704 2048 1
7349 W 15050752 2048 1
7350 W 15052800 2048 1
7351 W 15054848 2048 1
7352 W 15056896 2048 1
7353 W 15058944 2048 1
7354 W 15060992 2048 1
7355 W 15063040 2048 1
7356 W 15065088 2048 1
7357 W 15067136 2048 1
7358 W 15069184 2048 1
7359 W 15071232 2048 1
7360 W 15073280 2048 1
7361 W 15075328 2048 1
7362 W 15077376 2048 1
7363 W 15079424 2048 1
7364 W 15081472 2048 1
7365 W 15083520 2048 1
7366 W 15085568 2048 1
7367 W 15087616 2048 1
7368 W 15089664 2048 1
7369 W 15091712 2048 1
7370 W 15093760 2048 1
7371 W 15095808 2048 1
7372 W 15097856 2048 1
7373 W 15099904 2048 1
7374 W 15101952 2048 1
7375 W 15104000 2048 1
7376 W 15106048 2048 1
7377 W 15108096 2048 1
7378 W 15110144 2048 1
7379 W 15112192 2048 1
7380 W 15114240 2048 1
7381 W 15116288 2048 1
7382 W 15118336 2048 1
7383 W 15120384 2048 1
7384 W 15122432 2048 1
7385 W 15124480 2048 1
7386 W 15126528 2048 1
7387 W 15128576 2048 1
7388 W 15130624 2048 1
7389 W 15132672 2048 1
7390 W 15134720 2048 1
7391 W 15136768 2048 1
7392 W 15138816 2048 1
7393 W 15140864 2048 1
7394 W 15142912 2048 1
7395 W 15144960 2048 1
7396 W 15147008 2048 1
7397 W 15149056 2048 1
7398 W 15151104 2048 1
7399 W 15153152 2048 1
7400 W 15155200 2048 1
7401 W 15157248 2048 1
7402 W 15159296 2048 1
7403 W 15161344 2048 1
7404 W 15163392 2048 1
7405 W 15165440 2048 1
7406 W 15167488 2048 1
7407 W 15169536 2048 1
7408 W 15171584 2048 1
7409 W 15173632 2048 1
7410 W 15175680 2048 1
7411 W 15177728 2048 1
7412 W 15179776 2048 1
7413 W 15181824 2048 1
7414 W 15183872 2048 1
7415 W 15185920 2048 1
7416 W 15187968 2048 1
7417 W 15190016 2048 1
7418 W 15192064 2048 1
7419 W 15194112 2048 1
7420 W 15196160 2048 1
7421 W 15198208 2048 1
7422 W 15200256 2048 1
7423 W 15202304 2048 1
7424 W 15204352 2048 1
7425 W 15206400 2048 1
7426 W 15208448 2048 1
7427 W 15210496 2048 1
7428 W 15212544 2048 1
7429 W 15214592 2048 1
7430 W 15216640 2048 1
7431 W 15218688 2048 1
7432 W 15220736 2048 1
7433 W 15222784 2048 1
7434 W 15224832 2048 1
7435 W 15226880 2048 1
7436 W 15228928 2048 1
7437 W 15230976 2048 1
7438 W 15233024 2048 1
7439 W 15235072 2048 1
7440 W 15237120 2048 1
7441 W 15239168 2048 1
7442 W 15241216 2048 1
7443 W 15243264 2048 1
7444 W 15245312 2048 1
7445 W 15247360 2048 1
7446 W 15249408 2048 1
7447 W 15251456 2048 1
7448 W 15253504 2048 1
7449 W 15255552 2048 1
7450 W 15257600 2048 1
7451 W 15259648 2048 1
7452 W 15261696 2048 1
7453 W 15263744 2048 1
7454 W 15265792 2048 1
7455 W 15267840 2048 1
7456 W 15269888 2048 1
7457 W 15271936 2048 1
7458 W 15273984 2048 1
7459 W 15276032 2048 1
7460 W 15278080 2048 1
7461 W 15280128 2048 1
7462 W 15282176 2048 1
7463 W 15284224 2048 1
7464 W 15286272 2048 1
7465 W 15288320 2048 1
7466 W 15290368 2048 1
7467 W 15292416 2048 1
7468 W 15294464 2048 1
7469 W 15296512 2048 1
7470 W 15298560 2048 1
7471 W 15300608 2048 1
7472 W 15302656 2048 1
7473 W 15304704 2048 1
7474 W 15306752 2048 1
7475 W 15308800 2048 1
7476 W 15310848 2048 1
7477 W 15312896 2048 1
7478 W 15314944 2048 1
7479 W 15316992 2048 1
7480 W 15319040 2048 1
7481 W 15321088 2048 1
7482 W 15323136 2048 1
7483 W 15325184 2048 1
7484 W 15327232 2048 1
7485 W 15329280 2048 1
7486 W 15331328 2048 1
7487 W 15333376 2048 1
7488 W 15335424 2048 1
7489 W 15337472 2048 1
7490 W 15339520 2048 1
7491 W 15341568 2048 1
7492 W 15343616 2048 1
7493 W 15345664 2048 1
7494 W 15347712 2048 1
7495 W 15349760 2048 1
7496 W 15351808 2048 1
7497 W 15353856 2048 1
7498 W 15355904 2048 1
7499 W 15357952 2048 1
7500 W 15360000 2048 1
7501 W 15362048 2048 1
7502 W 15364096 2048 1
7503 W 15366144 2048 1
7504 W 15368192 2048 1
7505 W 15370240 2048 1
7506 W 15372288 2048 1
7507 W 15374336 2048 1
7508 W 15376384 2048 1
7509 W 15378432 2048 1
7510 W 15380480 2048 1
7511 W 15382528 2048 1
7512 W 15384576 2048 1
7513 W 15386624 2048 1
7514 W 15388672 2048 1
7515 W 15390720 2048 1
7516 W 15392768 2048 1
7517 W 15394816 2048 1
7518 W 15396864 2048 1
7519 W 15398912 2048 1
7520 W 15400960 2048 1
7521 W 15403008 2048 1
7522 W 15405056 2048 1
7523 W 15407104 2048 1
7524 W 15409152 2048 1
7525 W 15411200 2048 1
7526 W 15413248 2048 1
7527 W 15415296 2048 1
7528 W 15417344 2048 1
7529 W 15419392 2048 1
7530 W 15421440 2048 1
7531 W 15423488 2048 1
7532 W 15425536 2048 1
7533 W 15427584 2048 1
7534 W 15429632 2048 1
7535 W 15431680 2048 1
7536 W 15433728 2048 1
7537 W 15435776 2048 1
7538 W 15437824 2048 1
7539 W 15439872 2048 1
7540 W 15441920 2048 1
7541 W 15443968 2048 1
7542 W 15446016 2048 1
7543 W 15448064 2048 1
7544 W 15450112 2048 1
7545 W 15452160 2048 1
7546 W 15454208 2048 1
7547 W 15456256 2048 1
7548 W 15458304 2048 1
7549 W 15460352 2048 1
7550 W 15462400 2048 1
7551 W 15464448 2048 1
7552 W 15466496 2048 1
7553 W 15468544 2048 1
7554 W 15470592 2048 1
7555 W 15472640 2048 1
7556 W 15474688 2048 1
7557 W 15476736 2048 1
7558 W 15478784 2048 1
7559 W 15480832 2048 1
7560 W 15482880 2048 1
7561 W 15484928 2048 1
7562 W 15486976 2048 1
7563 W 15489024 2048 1
7564 W 15491072 2048 1
7565 W 15493120 2048 1
7566 W 15495168 2048 1
7567 W 15497216 2048 1
7568 W 15499264 2048 1
7569 W 15501312 2048 1
7570 W 15503360 2048 1
7571 W 15505408 2048 1
7572 W 15507456 2048 1
7573 W 15509504 2048 1
7574 W 15511552 2048 1
7575 W 15513600 2048 1
7576 W 15515648 2048 1
7577 W 15517696 2048 1
7578 W 15519744 2048 1
7579 W 15521792 2048 1
7580 W 15523840 2048 1
7581 W 15525888 2048 1
7582 W 15527936 2048 1
7583 W 15529984 2048 1
7584 W 15532032 2048 1
7585 W 15534080 2048 1
7586 W 15536128 2048 1
7587 W 15538176 2048 1
7588 W 15540224 2048 1
7589 W 15542272 2048 1
7590 W 15544320 2048 1
7591 W 15546368 2048 1
7592 W 15548416 2048 1
7593 W 15550464 2048 1
7594 W 15552512 2048 1
7595 W 15554560 2048 1
7596 W 15556608 2048 1
7597 W 15558656 2048 1
7598 W 15560704 2048 1
7599 W 15562752 2048 1
7600 W 15564800 2048 1
7601 W 15566848 2048 1
7602 W 15568896 2048 1
7603 W 15570944 2048 1
7604 W 15572992 2048 1
7605 W 15575040 2048 1
7606 W 15577088 2048 1
7607 W 15579136 2048 1
7608 W 15581184 2048 1
7609 W 15583232 2048 1
7610 W 15585280 2048 1
7611 W 15587328 2048 1
7612 W 15589376 2048 1
7613 W 15591424 2048 1
7614 W 15593472 2048 1
7615 W 15595520 2048 1
7616 W 15597568 2048 1
7617 W 15599616 2048 1
7618 W 15601664 2048 1
7619 W 15603712 2048 1
7620 W 15605760 2048 1
7621 W 15607808 2048 1
7622 W 15609856 2048 1
7623 W 15611904 2048 1
7624 W 15613952 2048 1
7625 W 15616000 2048 1
7626 W 15618048 2048 1
7627 W 15620096 2048 1
7628 W 15622144 2048 1
7629 W 15624192 2048 1
7630 W 15626240 2048 1
7631 W 15628288 2048 1
7632 W 15630336 2048 1
7633 W 15632384 2048 1
7634 W 15634432 2048 1
7635 W 15636480 2048 1
7636 W 15638528 2048 1
7637 W 15640576 2048 1
7638 W 15642624 2048 1
7639 W 15644672 2048 1
7640 W 15646720 2048 1
7641 W 15648768 2048 1
7642 W 15650816 2048 1
7643 W 15652864 2048 1
7644 W 15654912 2048 1
7645 W 15656960 2048 1
7646 W 15659008 2048 1
7647 W 15661056 2048 1
7648 W 15663104 2048 1
7649 W 15665152 2048 1
7650 W 15667200 2048 1
7651 W 15669248 2048 1
7652 W 15671296 2048 1
7653 W 15673344 2048 1
7654 W 15675392 2048 1
7655 W 15677440 2048 1
7656 W 15679488 2048 1
7657 W 15681536 2048 1
7658 W 15683584 2048 1
7659 W 15685632 2048 1
7660 W 15687680 2048 1
7661 W 15689728 2048 1
7662 W 15691776 2048 1
7663 W 15693824 2048 1
7664 W 15695872 2048 1
7665 W 15697920 2048 1
7666 W 15699968 2048 1
7667 W 15702016 2048 1
7668 W 15704064 2048 1
7669 W 15706112 2048 1
7670 W 15708160 2048 1
7671 W 15710208 2048 1
7672 W 15712256 2048 1
7673 W 15714304 2048 1
7674 W 15716352 2048 1
7675 W 15718400 2048 1
7676 W 15720448 2048 1
7677 W 15722496 2048 1
7678 W 15724544 2048 1
7679 W 15726592 2048 1
7680 W 15728640 2048 1
7681 W 15730688 2048 1
7682 W 15732736 2048 1
7683 W 15734784 2048 1
7684 W 15736832 2048 1
7685 W 15738880 2048 1
7686 W 15740928 2048 1
7687 W 15742976 2048 1
7688 W 15745024 2048 1
7689 W 15747072 2048 1
7690 W 15749120 2048 1
7691 W 15751168 2048 1
7692 W 15753216 2048 1
7693 W 15755264 2048 1
7694 W 15757312 2048 1
7695 W 15759360 2048 1
7696 W 15761408 2048 1
7697 W 15763456 2048 1
7698 W 15765504 2048 1
7699 W 15767552 2048 1
7700 W 15769600 2048 1
7701 W 15771648 2048 1
7702 W 15773696 2048 1
7703 W 15775744 2048 1
7704 W 15777792 2048 1
7705 W 15779840 2048 1
7706 W 15781888 2048 1
7707 W 15783936 2048 1
7708 W 15785984 2048 1
7709 W 15788032 2048 1
7710 W 15790080 2048 1
7711 W 15792128 2048 1
7712 W 15794176 2048 1
7713 W 15796224 2048 1
7714 W 15798272 2048 1
7715 W 15800320 2048 1
7716 W 15802368 2048 1
7717 W 15804416 2048 1
7718 W 15806464 2048 1
7719 W 15808512 2048 1
7720 W 15810560 2048 1
7721 W 15812608 2048 1
7722 W 15814656 2048 1
7723 W 15816704 2048 1
7724 W 15818752 2048 1
7725 W 15820800 2048 1
7726 W 15822848 2048 1
7727 W 15824896 2048 1
7728 W 15826944 2048 1
7729 W 15828992 2048 1
7730 W 15831040 2048 1
7731 W 15833088 2048 1
7732 W 15835136 2048 1
7733 W 15837184 2048 1
7734 W 15839232 2048 1
7735 W 15841280 2048 1
7736 W 15843328 2048 1
7737 W 15845376 2048 1
7738 W 15847424 2048 1
7739 W 15849472 2048 1
7740 W 15851520 2048 1
7741 W 15853568 2048 1
7742 W 15855616 2048 1
7743 W 15857664 2048 1
7744 W 15859712 2048 1
7745 W 15861760 2048 1
7746 W 15863808 2048 1
7747 W 15865856 2048 1
7748 W 15867904 2048 1
7749 W 15869952 2048 1
7750 W 15872000 2048 1
7751 W 15874048 2048 1
7752 W 15876096 2048 1
7753 W 15878144 2048 1
7754 W 15880192 2048 1
7755 W 15882240 2048 1
7756 W 15884288 2048 1
7757 W 15886336 2048 1
7758 W 15888384 2048 1
7759 W 15890432 2048 1
7760 W 15892480 2048 1
7761 W 15894528 2048 1
7762 W 15896576 2048 1
7763 W 15898624 2048 1
7764 W 15900672 2048 1
7765 W 15902720 2048 1
7766 W 15904768 2048 1
7767 W 15906816 2048 1
7768 W 15908864 2048 1
7769 W 15910912 2048 1
7770 W 15912960 2048 1
7771 W 15915008 2048 1
7772 W 15917056 2048 1
7773 W 15919104 2048 1
7774 W 15921152 2048 1
7775 W 15923200 2048 1
7776 W 15925248 2048 1
7777 W 15927296 2048 1
7778 W 15929344 2048 1
7779 W 15931392 2048 1
7780 W 15933440 2048 1
7781 W 15935488 2048 1
7782 W 15937536 2048 1
7783 W 15939584 2048 1
7784 W 15941632 2048 1
7785 W 15943680 2048 1
7786 W 15945728 2048 1
7787 W 15947776 2048 1
7788 W 15949824 2048 1
7789 W 15951872 2048 1
7790 W 15953920 2048 1
7791 W 15955968 2048 1
7792 W 15958016 2048 1
7793 W 15960064 2048 1
7794 W 15962112 2048 1
7795 W 15964160 2048 1
7796 W 15966208 2048 1
7797 W 15968256 2048 1
7798 W 15970304 2048 1
7799 W 15972352 2048 1
7800 W 15974400 2048 1
7801 W 15976448 2048 1
7802 W 15978496 2048 1
7803 W 15980544 2048 1
7804 W 15982592 2048 1
7805 W 15984640 2048 1
7806 W 15986688 2048 1
7807 W 15988736 2048 1
7808 W 15990784 2048 1
7809 W 15992832 2048 1
7810 W 15994880 2048 1
7811 W 15996928 2048 1
7812 W 15998976 2048 1
7813 W 16001024 2048 1
7814 W 16003072 2048 1
7815 W 16005120 2048 1
7816 W 16007168 2048 1
7817 W 16009216 2048 1
7818 W 16011264 2048 1
7819 W 16013312 2048 1
7820 W 16015360 2048 1
7821 W 16017408 2048 1
7822 W 16019456 2048 1
7823 W 16021504 2048 1
7824 W 16023552 2048 1
7825 W 16025600 2048 1
7826 W 16027648 2048 1
7827 W 16029696 2048 1
7828 W 16031744 2048 1
7829 W 16033792 2048 1
7830 W 16035840 2048 1
7831 W 16037888 2048 1
7832 W 16039936 2048 1
7833 W 16041984 2048 1
7834 W 16044032 2048 1
7835 W 16046080 2048 1
7836 W 16048128 2048 1
7837 W 16050176 2048 1
7838 W 16052224 2048 1
7839 W 16054272 2048 1
7840 W 16056320 2048 1
7841 W 16058368 2048 1
7842 W 16060416 2048 1
7843 W 16062464 2048 1
7844 W 16064512 2048 1
7845 W 16066560 2048 1
7846 W 16068608 2048 1
7847 W 16070656 2048 1
7848 W 16072704 2048 1
7849 W 16074752 2048 1
7850 W 16076800 2048 1
7851 W 16078848 2048 1
7852 W 16080896 2048 1
7853 W 16082944 2048 1
7854 W 16084992 2048 1
7855 W 16087040 2048 1
7856 W 16089088 2048 1
7857 W 16091136 2048 1
7858 W 16093184 2048 1
7859 W 16095232 2048 1
7860 W 16097280 2048 1
7861 W 16099328 2048 1
7862 W 16101376 2048 1
7863 W 16103424 2048 1
7864 W 16105472 2048 1
7865 W 16107520 2048 1
7866 W 16109568 2048 1
7867 W 16111616 2048 1
7868 W 16113664 2048 1
7869 W 16115712 2048 1
7870 W 16117760 2048 1
7871 W 16119808 2048 1
7872 W 16121856 2048 1
7873 W 16123904 2048 1
7874 W 16125952 2048 1
7875 W 16128000 2048 1
7876 W 16130048 2048 1
7877 W 16132096 2048 1
7878 W 16134144 2048 1
7879 W 16136192 2048 1
7880 W 16138240 2048 1
7881 W 16140288 2048 1
7882 W 16142336 2048 1
7883 W 16144384 2048 1
7884 W 16146432 2048 1
7885 W 16148480 2048 1
7886 W 16150528 2048 1
7887 W 16152576 2048 1
7888 W 16154624 2048 1
7889 W 16156672 2048 1
7890 W 16158720 2048 1
7891 W 16160768 2048 1
7892 W 16162816 2048 1
7893 W 16164864 2048 1
7894 W 16166912 2048 1
7895 W 16168960 2048 1
7896 W 16171008 2048 1
7897 W 16173056 2048 1
7898 W 16175104 2048 1
7899 W 16177152 2048 1
7900 W 16179200 2048 1
7901 W 16181248 2048 1
7902 W 16183296 2048 1
7903 W 16185344 2048 1
7904 W 16187392 2048 1
7905 W 16189440 2048 1
7906 W 16191488 2048 1
7907 W 16193536 2048 1
7908 W 16195584 2048 1
7909 W 16197632 2048 1
7910 W 16199680 2048 1
7911 W 16201728 2048 1
7912 W 16203776 2048 1
7913 W 16205824 2048 1
7914 W 16207872 2048 1
7915 W 16209920 2048 1
7916 W 16211968 2048 1
7917 W 16214016 2048 1
7918 W 16216064 2048 1
7919 W 16218112 2048 1
7920 W 16220160 2048 1
7921 W 16222208 2048 1
7922 W 16224256 2048 1
7923 W 16226304 2048 1
7924 W 16228352 2048 1
7925 W 16230400 2048 1
7926 W 16232448 2048 1
7927 W 16234496 2048 1
7928 W 16236544 2048 1
7929 W 16238592 2048 1
7930 W 16240640 2048 1
7931 W 16242688 2048 1
7932 W 16244736 2048 1
7933 W 16246784 2048 1
7934 W 16248832 2048 1
7935 W 16250880 2048 1
7936 W 16252928 2048 1
7937 W 16254976 2048 1
7938 W 16257024 2048 1
7939 W 16259072 2048 1
7940 W 16261120 2048 1
7941 W 16263168 2048 1
7942 W 16265216 2048 1
7943 W 16267264 2048 1
7944 W 16269312 2048 1
7945 W 16271360 2048 1
7946 W 16273408 2048 1
7947 W 16275456 2048 1
7948 W 16277504 2048 1
7949 W 16279552 2048 1
7950 W 16281600 2048 1
7951 W 16283648 2048 1
7952 W 16285696 2048 1
7953 W 16287744 2048 1
7954 W 16289792 2048 1
7955 W 16291840 2048 1
7956 W 16293888 2048 1
7957 W 16295936 2048 1
7958 W 16297984 2048 1
7959 W 16300032 2048 1
7960 W 16302080 2048 1
7961 W 16304128 2048 1
7962 W 16306176 2048 1
7963 W 16308224 2048 1
7964 W 16310272 2048 1
7965 W 16312320 2048 1
7966 W 16314368 2048 1
7967 W 16316416 2048 1
7968 W 16318464 2048 1
7969 W 16320512 2048 1
7970 W 16322560 2048 1
7971 W 16324608 2048 1
7972 W 16326656 2048 1
7973 W 16328704 2048 1
7974 W 16330752 2048 1
7975 W 16332800 2048 1
7976 W 16334848 2048 1
7977 W 16336896 2048 1
7978 W 16338944 2048 1
7979 W 16340992 2048 1
7980 W 16343040 2048 1
7981 W 16345088 2048 1
7982 W 16347136 2048 1
7983 W 16349184 2048 1
7984 W 16351232 2048 1
7985 W 16353280 2048 1
7986 W 16355328 2048 1
7987 W 16357376 2048 1
7988 W 16359424 2048 1
7989 W 16361472 2048 1
7990 W 16363520 2048 1
7991 W 16365568 2048 1
7992 W 16367616 2048 1
7993 W 16369664 2048 1
7994 W 16371712 2048 1
7995 W 16373760 2048 1
7996 W 16375808 2048 1
7997 W 16377856 2048 1
7998 W 16379904 2048 1
7999 W 16381952 2048 1
8000 W 16384000 2048 1
8001 W 16386048 2048 1
8002 W 16388096 2048 1
8003 W 16390144 2048 1
8004 W 16392192 2048 1
8005 W 16394240 2048 1
8006 W 16396288 2048 1
8007 W 16398336 2048 1
8008 W 16400384 2048 1
8009 W 16402432 2048 1
8010 W 16404480 2048 1
8011 W 16406528 2048 1
8012 W 16408576 2048 1
8013 W 16410624 2048 1
8014 W 16412672 2048 1
8015 W 16414720 2048 1
8016 W 16416768 2048 1
8017 W 16418816 2048 1
8018 W 16420864 2048 1
8019 W 16422912 2048 1
8020 W 16424960 2048 1
8021 W 16427008 2048 1
8022 W 16429056 2048 1
8023 W 16431104 2048 1
8024 W 16433152 2048 1
8025 W 16435200 2048 1
8026 W 16437248 2048 1
8027 W 16439296 2048 1
8028 W 16441344 2048 1
8029 W 16443392 2048 1
8030 W 16445440 2048 1
8031 W 16447488 2048 1
8032 W 16449536 2048 1
8033 W 16451584 2048 1
8034 W 16453632 2048 1
8035 W 16455680 2048 1
8036 W 16457728 2048 1
8037 W 16459776 2048 1
8038 W 16461824 2048 1
8039 W 16463872 2048 1
8040 W 16465920 2048 1
8041 W 16467968 2048 1
8042 W 16470016 2048 1
8043 W 16472064 2048 1
8044 W 16474112 2048 1
8045 W 16476160 2048 1
8046 W 16478208 2048 1
8047 W 16480256 2048 1
8048 W 16482304 2048 1
8049 W 16484352 2048 1
8050 W 16486400 2048 1
8051 W 16488448 2048 1
8052 W 16490496 2048 1
8053 W 16492544 2048 1
8054 W 16494592 2048 1
8055 W 16496640 2048 1
8056 W 16498688 2048 1
8057 W 16500736 2048 1
8058 W 16502784 2048 1
8059 W 16504832 2048 1
8060 W 16506880 2048 1
8061 W 16508928 2048 1
8062 W 16510976 2048 1
8063 W 16513024 2048 1
8064 W 16515072 2048 1
8065 W 16517120 2048 1
8066 W 16519168 2048 1
8067 W 16521216 2048 1
8068 W 16523264 2048 1
8069 W 16525312 2048 1
8070 W 16527360 2048 1
8071 W 16529408 2048 1
8072 W 16531456 2048 1
8073 W 16533504 2048 1
8074 W 16535552 2048 1
8075 W 16537600 2048 1
8076 W 16539648 2048 1
8077 W 16541696 2048 1
8078 W 16543744 2048 1
8079 W 16545792 2048 1
8080 W 16547840 2048 1
8081 W 16549888 2048 1
8082 W 16551936 2048 1
8083 W 16553984 2048 1
8084 W 16556032 2048 1
8085 W 16558080 2048 1
8086 W 16560128 2048 1
8087 W 16562176 2048 1
8088 W 16564224 2048 1
8089 W 16566272 2048 1
8090 W 16568320 2048 1
8091 W 16570368 2048 1
8092 W 16572416 2048 1
8093 W 16574464 2048 1
8094 W 16576512 2048 1
8095 W 16578560 2048 1
8096 W 16580608 2048 1
8097 W 16582656 2048 1
8098 W 16584704 2048 1
8099 W 16586752 2048 1
8100 W 16588800 2048 1
8101 W 16590848 2048 1
8102 W 16592896 2048 1
8103 W 16594944 2048 1
8104 W 16596992 2048 1
8105 W 16599040 2048 1
8106 W 16601088 2048 1
8107 W 16603136 2048 1
8108 W 16605184 2048 1
8109 W 16607232 2048 1
8110 W 16609280 2048 1
8111 W 16611328 2048 1
8112 W 16613376 2048 1
8113 W 16615424 2048 1
8114 W 16617472 2048 1
8115 W 16619520 2048 1
8116 W 16621568 2048 1
8117 W 16623616 2048 1
8118 W 16625664 2048 1
8119 W 16627712 2048 1
8120 W 16629760 2048 1
8121 W 16631808 2048 1
8122 W 16633856 2048 1
8123 W 16635904 2048 1
8124 W 16637952 2048 1
8125 W 16640000 2048 1
8126 W 16642048 2048 1
8127 W 16644096 2048 1
8128 W 16646144 2048 1
8129 W 16648192 2048 1
8130 W 16650240 2048 1
8131 W 16652288 2048 1
8132 W 16654336 2048 1
8133 W 16656384 2048 1
8134 W 16658432 2048 1
8135 W 16660480 2048 1
8136 W 16662528 2048 1
8137 W 16664576 2048 1
8138 W 16666624 2048 1
8139 W 16668672 2048 1
8140 W 16670720 2048 1
8141 W 16672768 2048 1
8142 W 16674816 2048 1
8143 W 16676864 2048 1
8144 W 16678912 2048 1
8145 W 16680960 2048 1
8146 W 16683008 2048 1
8147 W 16685056 2048 1
8148 W 16687104 2048 1
8149 W 16689152 2048 1
8150 W 16691200 2048 1
8151 W 16693248 2048 1
8152 W 16695296 2048 1
8153 W 16697344 2048 1
8154 W 16699392 2048 1
8155 W 16701440 2048 1
8156 W 16703488 2048 1
8157 W 16705536 2048 1
8158 W 16707584 2048 1
8159 W 16709632 2048 1
8160 W 16711680 2048 1
8161 W 16713728 2048 1
8162 W 16715776 2048 1
8163 W 16717824 2048 1
8164 W 16719872 2048 1
8165 W 16721920 2048 1
8166 W 16723968 2048 1
8167 W 16726016 2048 1
8168 W 16728064 2048 1
8169 W 16730112 2048 1
8170 W 16732160 2048 1
8171 W 16734208 2048 1
8172 W 16736256 2048 1
8173 W 16738304 2048 1
8174 W 16740352 2048 1
8175 W 16742400 2048 1
8176 W 16744448 2048 1
8177 W 16746496 2048 1
8178 W 16748544 2048 1
8179 W 16750592 2048 1
8180 W 16752640 2048 1
8181 W 16754688 2048 1
8182 W 16756736 2048 1
8183 W 16758784 2048 1
8184 W 16760832 2048 1
8185 W 16762880 2048 1
8186 W 16764928 2048 1
8187 W 16766976 2048 1
8188 W 16769024 2048 1
8189 W 16771072 2048 1
8190 W 16773120 2048 1
8191 W 16775168 2048 1
8192 W 16777216 2048 1
8193 W 16779264 2048 1
8194 W 16781312 2048 1
8195 W 16783360 2048 1
8196 W 16785408 2048 1
8197 W 16787456 2048 1
8198 W 16789504 2048 1
8199 W 16791552 2048 1
8200 W 16793600 2048 1
8201 W 16795648 2048 1
8202 W 16797696 2048 1
8203 W 16799744 2048 1
8204 W 16801792 2048 1
8205 W 16803840 2048 1
8206 W 16805888 2048 1
8207 W 16807936 2048 1
8208 W 16809984 2048 1
8209 W 16812032 2048 1
8210 W 16814080 2048 1
8211 W 16816128 2048 1
8212 W 16818176 2048 1
8213 W 16820224 2048 1
8214 W 16822272 2048 1
8215 W 16824320 2048 1
8216 W 16826368 2048 1
8217 W 16828416 2048 1
8218 W 16830464 2048 1
8219 W 16832512 2048 1
8220 W 16834560 2048 1
8221 W 16836608 2048 1
8222 W 16838656 2048 1
8223 W 16840704 2048 1
8224 W 16842752 2048 1
8225 W 16844800 2048 1
8226 W 16846848 2048 1
8227 W 16848896 2048 1
8228 W 16850944 2048 1
8229 W 16852992 2048 1
8230 W 16855040 2048 1
8231 W 16857088 2048 1
8232 W 16859136 2048 1
8233 W 16861184 2048 1
8234 W 16863232 2048 1
8235 W 16865280 2048 1
8236 W 16867328 2048 1
8237 W 16869376 2048 1
8238 W 16871424 2048 1
8239 W 16873472 2048 1
8240 W 16875520 2048 1
8241 W 16877568 2048 1
8242 W 16879616 2048 1
8243 W 16881664 2048 1
8244 W 16883712 2048 1
8245 W 16885760 2048 1
8246 W 16887808 2048 1
8247 W 16889856 2048 1
8248 W 16891904 2048 1
8249 W 16893952 2048 1
8250 W 16896000 2048 1
8251 W 16898048 2048 1
8252 W 16900096 2048 1
8253 W 16902144 2048 1
8254 W 16904192 2048 1
8255 W 16906240 2048 1
8256 W 16908288 2048 1
8257 W 16910336 2048 1
8258 W 16912384 2048 1
8259 W 16914432 2048 1
8260 W 16916480 2048 1
8261 W 16918528 2048 1
8262 W 16920576 2048 1
8263 W 16922624 2048 1
8264 W 16924672 2048 1
8265 W 16926720 2048 1
8266 W 16928768 2048 1
8267 W 16930816 2048 1
8268 W 16932864 2048 1
8269 W 16934912 2048 1
8270 W 16936960 2048 1
8271 W 16939008 2048 1
8272 W 16941056 2048 1
8273 W 16943104 2048 1
8274 W 16945152 2048 1
8275 W 16947200 2048 1
8276 W 16949248 2048 1
8277 W 16951296 2048 1
8278 W 16953344 2048 1
8279 W 16955392 2048 1
8280 W 16957440 2048 1
8281 W 16959488 2048 1
8282 W 16961536 2048 1
8283 W 16963584 2048 1
8284 W 16965632 2048 1
8285 W 16967680 2048 1
8286 W 16969728 2048 1
8287 W 16971776 2048 1
8288 W 16973824 2048 1
8289 W 16975872 2048 1
8290 W 16977920 2048 1
8291 W 16979968 2048 1
8292 W 16982016 2048 1
8293 W 16984064 2048 1
8294 W 16986112 2048 1
8295 W 16988160 2048 1
8296 W 16990208 2048 1
8297 W 16992256 2048 1
8298 W 16994304 2048 1
8299 W 16996352 2048 1
8300 W 16998400 2048 1
8301 W 17000448 2048 1
8302 W 17002496 2048 1
8303 W 17004544 2048 1
8304 W 17006592 2048 1
8305 W 17008640 2048 1
8306 W 17010688 2048 1
8307 W 17012736 2048 1
8308 W 17014784 2048 1
8309 W 17016832 2048 1
8310 W 17018880 2048 1
8311 W 17020928 2048 1
8312 W 17022976 2048 1
8313 W 17025024 2048 1
8314 W 17027072 2048 1
8315 W 17029120 2048 1
8316 W 17031168 2048 1
8317 W 17033216 2048 1
8318 W 17035264 2048 1
8319 W 17037312 2048 1
8320 W 17039360 2048 1
8321 W 17041408 2048 1
8322 W 17043456 2048 1
8323 W 17045504 2048 1
8324 W 17047552 2048 1
8325 W 17049600 2048 1
8326 W 17051648 2048 1
8327 W 17053696 2048 1
8328 W 17055744 2048 1
8329 W 17057792 2048 1
8330 W 17059840 2048 1
8331 W 17061888 2048 1
8332 W 17063936 2048 1
8333 W 17065984 2048 1
8334 W 17068032 2048 1
8335 W 17070080 2048 1
8336 W 17072128 2048 1
8337 W 17074176 2048 1
8338 W 17076224 2048 1
8339 W 17078272 2048 1
8340 W 17080320 2048 1
8341 W 17082368 2048 1
8342 W 17084416 2048 1
8343 W 17086464 2048 1
8344 W 17088512 2048 1
8345 W 17090560 2048 1
8346 W 17092608 2048 1
8347 W 17094656 2048 1
8348 W 17096704 2048 1
8349 W 17098752 2048 1
8350 W 17100800 2048 1
8351 W 17102848 2048 1
8352 W 17104896 2048 1
8353 W 17106944 2048 1
8354 W 17108992 2048 1
8355 W 17111040 2048 1
8356 W 17113088 2048 1
8357 W 17115136 2048 1
8358 W 17117184 2048 1
8359 W 17119232 2048 1
8360 W 17121280 2048 1
8361 W 17123328 2048 1
8362 W 17125376 2048 1
8363 W 17127424 2048 1
8364 W 17129472 2048 1
8365 W 17131520 2048 1
8366 W 17133568 2048 1
8367 W 17135616 2048 1
8368 W 17137664 2048 1
8369 W 17139712 2048 1
8370 W 17141760 2048 1
8371 W 17143808 2048 1
8372 W 17145856 2048 1
8373 W 17147904 2048 1
8374 W 17149952 2048 1
8375 W 17152000 2048 1
8376 W 17154048 2048 1
8377 W 17156096 2048 1
8378 W 17158144 2048 1
8379 W 17160192 2048 1
8380 W 17162240 2048 1
8381 W 17164288 2048 1
8382 W 17166336 2048 1
8383 W 17168384 2048 1
8384 W 17170432 2048 1
8385 W 17172480 2048 1
8386 W 17174528 2048 1
8387 W 17176576 2048 1
8388 W 17178624 2048 1
8389 W 17180672 2048 1
8390 W 17182720 2048 1
8391 W 17184768 2048 1
8392 W 17186816 2048 1
8393 W 17188864 2048 1
8394 W 17190912 2048 1
8395 W 17192960 2048 1
8396 W 17195008 2048 1
8397 W 17197056 2048 1
8398 W 17199104 2048 1
8399 W 17201152 2048 1
8400 W 17203200 2048 1
8401 W 17205248 2048 1
8402 W 17207296 2048 1
8403 W 17209344 2048 1
8404 W 17211392 2048 1
8405 W 17213440 2048 1
8406 W 17215488 2048 1
8407 W 17217536 2048 1
8408 W 17219584 2048 1
8409 W 17221632 2048 1
8410 W 17223680 2048 1
8411 W 17225728 2048 1
8412 W 17227776 2048 1
8413 W 17229824 2048 1
8414 W 17231872 2048 1
8415 W 17233920 2048 1
8416 W 17235968 2048 1
8417 W 17238016 2048 1
8418 W 17240064 2048 1
8419 W 17242112 2048 1
8420 W 17244160 2048 1
8421 W 17246208 2048 1
8422 W 17248256 2048 1
8423 W 17250304 2048 1
8424 W 17252352 2048 1
8425 W 17254400 2048 1
8426 W 17256448 2048 1
8427 W 17258496 2048 1
8428 W 17260544 2048 1
8429 W 17262592 2048 1
8430 W 17264640 2048 1
8431 W 17266688 2048 1
8432 W 17268736 2048 1
8433 W 17270784 2048 1
8434 W 17272832 2048 1
8435 W 17274880 2048 1
8436 W 17276928 2048 1
8437 W 17278976 2048 1
8438 W 17281024 2048 1
8439 W 17283072 2048 1
8440 W 17285120 2048 1
8441 W 17287168 2048 1
8442 W 17289216 2048 1
8443 W 17291264 2048 1
8444 W 17293312 2048 1
8445 W 17295360 2048 1
8446 W 17297408 2048 1
8447 W 17299456 2048 1
8448 W 17301504 2048 1
8449 W 17303552 2048 1
8450 W 17305600 2048 1
8451 W 17307648 2048 1
8452 W 17309696 2048 1
8453 W 17311744 2048 1
8454 W 17313792 2048 1
8455 W 17315840 2048 1
8456 W 17317888 2048 1
8457 W 17319936 2048 1
8458 W 17321984 2048 1
8459 W 17324032 2048 1
8460 W 17326080 2048 1
8461 W 17328128 2048 1
8462 W 17330176 2048 1
8463 W 17332224 2048 1
8464 W 17334272 2048 1
8465 W 17336320 2048 1
8466 W 17338368 2048 1
8467 W 17340416 2048 1
8468 W 17342464 2048 1
8469 W 17344512 2048 1
8470 W 17346560 2048 1
8471 W 17348608 2048 1
8472 W 17350656 2048 1
8473 W 17352704 2048 1
8474 W 17354752 2048 1
8475 W 17356800 2048 1
8476 W 17358848 2048 1
8477 W 17360896 2048 1
8478 W 17362944 2048 1
8479 W 17364992 2048 1
8480 W 17367040 2048 1
8481 W 17369088 2048 1
8482 W 17371136 2048 1
8483 W 17373184 2048 1
8484 W 17375232 2048 1
8485 W 17377280 2048 1
8486 W 17379328 2048 1
8487 W 17381376 2048 1
8488 W 17383424 2048 1
8489 W 17385472 2048 1
8490 W 17387520 2048 1
8491 W 17389568 2048 1
8492 W 17391616 2048 1
8493 W 17393664 2048 1
8494 W 17395712 2048 1
8495 W 17397760 2048 1
8496 W 17399808 2048 1
8497 W 17401856 2048 1
8498 W 17403904 2048 1
8499 W 17405952 2048 1
8500 W 17408000 2048 1
8501 W 17410048 2048 1
8502 W 17412096 2048 1
8503 W 17414144 2048 1
8504 W 17416192 2048 1
8505 W 17418240 2048 1
8506 W 17420288 2048 1
8507 W 17422336 2048 1
8508 W 17424384 2048 1
8509 W 17426432 2048 1
8510 W 17428480 2048 1
8511 W 17430528 2048 1
8512 W 17432576 2048 1
8513 W 17434624 2048 1
8514 W 17436672 2048 1
8515 W 17438720 2048 1
8516 W 17440768 2048 1
8517 W 17442816 2048 1
8518 W 17444864 2048 1
8519 W 17446912 2048 1
8520 W 17448960 2048 1
8521 W 17451008 2048 1
8522 W 17453056 2048 1
8523 W 17455104 2048 1
8524 W 17457152 2048 1
8525 W 17459200 2048 1
8526 W 17461248 2048 1
8527 W 17463296 2048 1
8528 W 17465344 2048 1
8529 W 17467392 2048 1
8530 W 17469440 2048 1
8531 W 17471488 2048 1
8532 W 17473536 2048 1
8533 W 17475584 2048 1
8534 W 17477632 2048 1
8535 W 17479680 2048 1
8536 W 17481728 2048 1
8537 W 17483776 2048 1
8538 W 17485824 2048 1
8539 W 17487872 2048 1
8540 W 17489920 2048 1
8541 W 17491968 2048 1
8542 W 17494016 2048 1
8543 W 17496064 2048 1
8544 W 17498112 2048 1
8545 W 17500160 2048 1
8546 W 17502208 2048 1
8547 W 17504256 2048 1
8548 W 17506304 2048 1
8549 W 17508352 2048 1
8550 W 17510400 2048 1
8551 W 17512448 2048 1
8552 W 17514496 2048 1
8553 W 17516544 2048 1
8554 W 17518592 2048 1
8555 W 17520640 2048 1
8556 W 17522688 2048 1
8557 W 17524736 2048 1
8558 W 17526784 2048 1
8559 W 17528832 2048 1
8560 W 17530880 2048 1
8561 W 17532928 2048 1
8562 W 17534976 2048 1
8563 W 17537024 2048 1
8564 W 17539072 2048 1
8565 W 17541120 2048 1
8566 W 17543168 2048 1
8567 W 17545216 2048 1
8568 W 17547264 2048 1
8569 W 17549312 2048 1
8570 W 17551360 2048 1
8571 W 17553408 2048 1
8572 W 17555456 2048 1
8573 W 17557504 2048 1
8574 W 17559552 2048 1
8575 W 17561600 2048 1
8576 W 17563648 2048 1
8577 W 17565696 2048 1
8578 W 17567744 2048 1
8579 W 17569792 2048 1
8580 W 17571840 2048 1
8581 W 17573888 2048 1
8582 W 17575936 2048 1
8583 W 17577984 2048 1
8584 W 17580032 2048 1
8585 W 17582080 2048 1
8586 W 17584128 2048 1
8587 W 17586176 2048 1
8588 W 17588224 2048 1
8589 W 17590272 2048 1
8590 W 17592320 2048 1
8591 W 17594368 2048 1
8592 W 17596416 2048 1
8593 W 17598464 2048 1
8594 W 17600512 2048 1
8595 W 17602560 2048 1
8596 W 17604608 2048 1
8597 W 17606656 2048 1
8598 W 17608704 2048 1
8599 W 17610752 2048 1
8600 W 17612800 2048 1
8601 W 17614848 2048 1
8602 W 17616896 2048 1
8603 W 17618944 2048 1
8604 W 17620992 2048 1
8605 W 17623040 2048 1
8606 W 17625088 2048 1
8607 W 17627136 2048 1
8608 W 17629184 2048 1
8609 W 17631232 2048 1
8610 W 17633280 2048 1
8611 W 17635328 2048 1
8612 W 17637376 2048 1
8613 W 17639424 2048 1
8614 W 17641472 2048 1
8615 W 17643520 2048 1
8616 W 17645568 2048 1
8617 W 17647616 2048 1
8618 W 17649664 2048 1
8619 W 17651712 2048 1
8620 W 17653760 2048 1
8621 W 17655808 2048 1
8622 W 17657856 2048 1
8623 W 17659904 2048 1
8624 W 17661952 2048 1
8625 W 17664000 2048 1
8626 W 17666048 2048 1
8627 W 17668096 2048 1
8628 W 17670144 2048 1
8629 W 17672192 2048 1
8630 W 17674240 2048 1
8631 W 17676288 2048 1
8632 W 17678336 2048 1
8633 W 17680384 2048 1
8634 W 17682432 2048 1
8635 W 17684480 2048 1
8636 W 17686528 2048 1
8637 W 17688576 2048 1
8638 W 17690624 2048 1
8639 W 17692672 2048 1
8640 W 17694720 2048 1
8641 W 17696768 2048 1
8642 W 17698816 2048 1
8643 W 17700864 2048 1
8644 W 17702912 2048 1
8645 W 17704960 2048 1
8646 W 17707008 2048 1
8647 W 17709056 2048 1
8648 W 17711104 2048 1
8649 W 17713152 2048 1
8650 W 17715200 2048 1
8651 W 17717248 2048 1
8652 W 17719296 2048 1
8653 W 17721344 2048 1
8654 W 17723392 2048 1
8655 W 17725440 2048 1
8656 W 17727488 2048 1
8657 W 17729536 2048 1
8658 W 17731584 2048 1
8659 W 17733632 2048 1
8660 W 17735680 2048 1
8661 W 17737728 2048 1
8662 W 17739776 2048 1
8663 W 17741824 2048 1
8664 W 17743872 2048 1
8665 W 17745920 2048 1
8666 W 17747968 2048 1
8667 W 17750016 2048 1
8668 W 17752064 2048 1
8669 W 17754112 2048 1
8670 W 17756160 2048 1
8671 W 17758208 2048 1
8672 W 17760256 2048 1
8673 W 17762304 2048 1
8674 W 17764352 2048 1
8675 W 17766400 2048 1
8676 W 17768448 2048 1
8677 W 17770496 2048 1
8678 W 17772544 2048 1
8679 W 17774592 2048 1
8680 W 17776640 2048 1
8681 W 17778688 2048 1
8682 W 17780736 2048 1
8683 W 17782784 2048 1
8684 W 17784832 2048 1
8685 W 17786880 2048 1
8686 W 17788928 2048 1
8687 W 17790976 2048 1
8688 W 17793024 2048 1
8689 W 17795072 2048 1
8690 W 17797120 2048 1
8691 W 17799168 2048 1
8692 W 17801216 2048 1
8693 W 17803264 2048 1
8694 W 17805312 2048 1
8695 W 17807360 2048 1
8696 W 17809408 2048 1
8697 W 17811456 2048 1
8698 W 17813504 2048 1
8699 W 17815552 2048 1
8700 W 17817600 2048 1
8701 W 17819648 2048 1
8702 W 17821696 2048 1
8703 W 17823744 2048 1
8704 W 17825792 2048 1
8705 W 17827840 2048 1
8706 W 17829888 2048 1
8707 W 17831936 2048 1
8708 W 17833984 2048 1
8709 W 17836032 2048 1
8710 W 17838080 2048 1
8711 W 17840128 2048 1
8712 W 17842176 2048 1
8713 W 17844224 2048 1
8714 W 17846272 2048 1
8715 W 17848320 2048 1
8716 W 17850368 2048 1
8717 W 17852416 2048 1
8718 W 17854464 2048 1
8719 W 17856512 2048 1
8720 W 17858560 2048 1
8721 W 17860608 2048 1
8722 W 17862656 2048 1
8723 W 17864704 2048 1
8724 W 17866752 2048 1
8725 W 17868800 2048 1
8726 W 17870848 2048 1
8727 W 17872896 2048 1
8728 W 17874944 2048 1
8729 W 17876992 2048 1
8730 W 17879040 2048 1
8731 W 17881088 2048 1
8732 W 17883136 2048 1
8733 W 17885184 2048 1
8734 W 17887232 2048 1
8735 W 17889280 2048 1
8736 W 17891328 2048 1
8737 W 17893376 2048 1
8738 W 17895424 2048 1
8739 W 17897472 2048 1
8740 W 17899520 2048 1
8741 W 17901568 2048 1
8742 W 17903616 2048 1
8743 W 17905664 2048 1
8744 W 17907712 2048 1
8745 W 17909760 2048 1
8746 W 17911808 2048 1
8747 W 17913856 2048 1
8748 W 17915904 2048 1
8749 W 17917952 2048 1
8750 W 17920000 2048 1
8751 W 17922048 2048 1
8752 W 17924096 2048 1
8753 W 17926144 2048 1
8754 W 17928192 2048 1
8755 W 17930240 2048 1
8756 W 17932288 2048 1
8757 W 17934336 2048 1
8758 W 17936384 2048 1
8759 W 17938432 2048 1
8760 W 17940480 2048 1
8761 W 17942528 2048 1
8762 W 17944576 2048 1
8763 W 17946624 2048 1
8764 W 17948672 2048 1
8765 W 17950720 2048 1
8766 W 17952768 2048 1
8767 W 17954816 2048 1
8768 W 17956864 2048 1
8769 W 17958912 2048 1
8770 W 17960960 2048 1
8771 W 17963008 2048 1
8772 W 17965056 2048 1
8773 W 17967104 2048 1
8774 W 17969152 2048 1
8775 W 17971200 2048 1
8776 W 17973248 2048 1
8777 W 17975296 2048 1
8778 W 17977344 2048 1
8779 W 17979392 2048 1
8780 W 17981440 2048 1
8781 W 17983488 2048 1
8782 W 17985536 2048 1
8783 W 17987584 2048 1
8784 W 17989632 2048 1
8785 W 17991680 2048 1
8786 W 17993728 2048 1
8787 W 17995776 2048 1
8788 W 17997824 2048 1
8789 W 17999872 2048 1
8790 W 18001920 2048 1
8791 W 18003968 2048 1
8792 W 18006016 2048 1
8793 W 18008064 2048 1
8794 W 18010112 2048 1
8795 W 18012160 2048 1
8796 W 18014208 2048 1
8797 W 18016256 2048 1
8798 W 18018304 2048 1
8799 W 18020352 2048 1
8800 W 18022400 2048 1
8801 W 18024448 2048 1
8802 W 18026496 2048 1
8803 W 18028544 2048 1
8804 W 18030592 2048 1
8805 W 18032640 2048 1
8806 W 18034688 2048 1
8807 W 18036736 2048 1
8808 W 18038784 2048 1
8809 W 18040832 2048 1
8810 W 18042880 2048 1
8811 W 18044928 2048 1
8812 W 18046976 2048 1
8813 W 18049024 2048 1
8814 W 18051072 2048 1
8815 W 18053120 2048 1
8816 W 18055168 2048 1
8817 W 18057216 2048 1
8818 W 18059264 2048 1
8819 W 18061312 2048 1
8820 W 18063360 2048 1
8821 W 18065408 2048 1
8822 W 18067456 2048 1
8823 W 18069504 2048 1
8824 W 18071552 2048 1
8825 W 18073600 2048 1
8826 W 18075648 2048 1
8827 W 18077696 2048 1
8828 W 18079744 2048 1
8829 W 18081792 2048 1
8830 W 18083840 2048 1
8831 W 18085888 2048 1
8832 W 18087936 2048 1
8833 W 18089984 2048 1
8834 W 18092032 2048 1
8835 W 18094080 2048 1
8836 W 18096128 2048 1
8837 W 18098176 2048 1
8838 W 18100224 2048 1
8839 W 18102272 2048 1
8840 W 18104320 2048 1
8841 W 18106368 2048 1
8842 W 18108416 2048 1
8843 W 18110464 2048 1
8844 W 18112512 2048 1
8845 W 18114560 2048 1
8846 W 18116608 2048 1
8847 W 18118656 2048 1
8848 W 18120704 2048 1
8849 W 18122752 2048 1
8850 W 18124800 2048 1
8851 W 18126848 2048 1
8852 W 18128896 2048 1
8853 W 18130944 2048 1
8854 W 18132992 2048 1
8855 W 18135040 2048 1
8856 W 18137088 2048 1
8857 W 18139136 2048 1
8858 W 18141184 2048 1
8859 W 18143232 2048 1
8860 W 18145280 2048 1
8861 W 18147328 2048 1
8862 W 18149376 2048 1
8863 W 18151424 2048 1
8864 W 18153472 2048 1
8865 W 18155520 2048 1
8866 W 18157568 2048 1
8867 W 18159616 2048 1
8868 W 18161664 2048 1
8869 W 18163712 2048 1
8870 W 18165760 2048 1
8871 W 18167808 2048 1
8872 W 18169856 2048 1
8873 W 18171904 2048 1
8874 W 18173952 2048 1
8875 W 18176000 2048 1
8876 W 18178048 2048 1
8877 W 18180096 2048 1
8878 W 18182144 2048 1
8879 W 18184192 2048 1
8880 W 18186240 2048 1
8881 W 18188288 2048 1
8882 W 18190336 2048 1
8883 W 18192384 2048 1
8884 W 18194432 2048 1
8885 W 18196480 2048 1
8886 W 18198528 2048 1
8887 W 18200576 2048 1
8888 W 18202624 2048 1
8889 W 18204672 2048 1
8890 W 18206720 2048 1
8891 W 18208768 2048 1
8892 W 18210816 2048 1
8893 W 18212864 2048 1
8894 W 18214912 2048 1
8895 W 18216960 2048 1
8896 W 18219008 2048 1
8897 W 18221056 2048 1
8898 W 18223104 2048 1
8899 W 18225152 2048 1
8900 W 18227200 2048 1
8901 W 18229248 2048 1
8902 W 18231296 2048 1
8903 W 18233344 2048 1
8904 W 18235392 2048 1
8905 W 18237440 2048 1
8906 W 18239488 2048 1
8907 W 18241536 2048 1
8908 W 18243584 2048 1
8909 W 18245632 2048 1
8910 W 18247680 2048 1
8911 W 18249728 2048 1
8912 W 18251776 2048 1
8913 W 18253824 2048 1
8914 W 18255872 2048 1
8915 W 18257920 2048 1
8916 W 18259968 2048 1
8917 W 18262016 2048 1
8918 W 18264064 2048 1
8919 W 18266112 2048 1
8920 W 18268160 2048 1
8921 W 18270208 2048 1
8922 W 18272256 2048 1
8923 W 18274304 2048 1
8924 W 18276352 2048 1
8925 W 18278400 2048 1
8926 W 18280448 2048 1
8927 W 18282496 2048 1
8928 W 18284544 2048 1
8929 W 18286592 2048 1
8930 W 18288640 2048 1
8931 W 18290688 2048 1
8932 W 18292736 2048 1
8933 W 18294784 2048 1
8934 W 18296832 2048 1
8935 W 18298880 2048 1
8936 W 18300928 2048 1
8937 W 18302976 2048 1
8938 W 18305024 2048 1
8939 W 18307072 2048 1
8940 W 18309120 2048 1
8941 W 18311168 2048 1
8942 W 18313216 2048 1
8943 W 18315264 2048 1
8944 W 18317312 2048 1
8945 W 18319360 2048 1
8946 W 18321408 2048 1
8947 W 18323456 2048 1
8948 W 18325504 2048 1
8949 W 18327552 2048 1
8950 W 18329600 2048 1
8951 W 18331648 2048 1
8952 W 18333696 2048 1
8953 W 18335744 2048 1
8954 W 18337792 2048 1
8955 W 18339840 2048 1
8956 W 18341888 2048 1
8957 W 18343936 2048 1
8958 W 18345984 2048 1
8959 W 18348032 2048 1
8960 W 18350080 2048 1
8961 W 18352128 2048 1
8962 W 18354176 2048 1
8963 W 18356224 2048 1
8964 W 18358272 2048 1
8965 W 18360320 2048 1
8966 W 18362368 2048 1
8967 W 18364416 2048 1
8968 W 18366464 2048 1
8969 W 18368512 2048 1
8970 W 18370560 2048 1
8971 W 18372608 2048 1
8972 W 18374656 2048 1
8973 W 18376704 2048 1
8974 W 18378752 2048 1
8975 W 18380800 2048 1
8976 W 18382848 2048 1
8977 W 18384896 2048 1
8978 W 18386944 2048 1
8979 W 18388992 2048 1
8980 W 18391040 2048 1
8981 W 18393088 2048 1
8982 W 18395136 2048 1
8983 W 18397184 2048 1
8984 W 18399232 2048 1
8985 W 18401280 2048 1
8986 W 18403328 2048 1
8987 W 18405376 2048 1
8988 W 18407424 2048 1
8989 W 18409472 2048 1
8990 W 18411520 2048 1
8991 W 18413568 2048 1
8992 W 18415616 2048 1
8993 W 18417664 2048 1
8994 W 18419712 2048 1
8995 W 18421760 2048 1
8996 W 18423808 2048 1
8997 W 18425856 2048 1
8998 W 18427904 2048 1
8999 W 18429952 2048 1
9000 W 18432000 2048 1
9001 W 18434048 2048 1
9002 W 18436096 2048 1
9003 W 18438144 2048 1
9004 W 18440192 2048 1
9005 W 18442240 2048 1
9006 W 18444288 2048 1
9007 W 18446336 2048 1
9008 W 18448384 2048 1
9009 W 18450432 2048 1
9010 W 18452480 2048 1
9011 W 18454528 2048 1
9012 W 18456576 2048 1
9013 W 18458624 2048 1
9014 W 18460672 2048 1
9015 W 18462720 2048 1
9016 W 18464768 2048 1
9017 W 18466816 2048 1
9018 W 18468864 2048 1
9019 W 18470912 2048 1
9020 W 18472960 2048 1
9021 W 18475008 2048 1
9022 W 18477056 2048 1
9023 W 18479104 2048 1
9024 W 18481152 2048 1
9025 W 18483200 2048 1
9026 W 18485248 2048 1
9027 W 18487296 2048 1
9028 W 18489344 2048 1
9029 W 18491392 2048 1
9030 W 18493440 2048 1
9031 W 18495488 2048 1
9032 W 18497536 2048 1
9033 W 18499584 2048 1
9034 W 18501632 2048 1
9035 W 18503680 2048 1
9036 W 18505728 2048 1
9037 W 18507776 2048 1
9038 W 18509824 2048 1
9039 W 18511872 2048 1
9040 W 18513920 2048 1
9041 W 18515968 2048 1
9042 W 18518016 2048 1
9043 W 18520064 2048 1
9044 W 18522112 2048 1
9045 W 18524160 2048 1
9046 W 18526208 2048 1
9047 W 18528256 2048 1
9048 W 18530304 2048 1
9049 W 18532352 2048 1
9050 W 18534400 2048 1
9051 W 18536448 2048 1
9052 W 18538496 2048 1
9053 W 18540544 2048 1
9054 W 18542592 2048 1
9055 W 18544640 2048 1
9056 W 18546688 2048 1
9057 W 18548736 2048 1
9058 W 18550784 2048 1
9059 W 18552832 2048 1
9060 W 18554880 2048 1
9061 W 18556928 2048 1
9062 W 18558976 2048 1
9063 W 18561024 2048 1
9064 W 18563072 2048 1
9065 W 18565120 2048 1
9066 W 18567168 2048 1
9067 W 18569216 2048 1
9068 W 18571264 2048 1
9069 W 18573312 2048 1
9070 W 18575360 2048 1
9071 W 18577408 2048 1
9072 W 18579456 2048 1
9073 W 18581504 2048 1
9074 W 18583552 2048 1
9075 W 18585600 2048 1
9076 W 18587648 2048 1
9077 W 18589696 2048 1
9078 W 18591744 2048 1
9079 W 18593792 2048 1
9080 W 18595840 2048 1
9081 W 18597888 2048 1
9082 W 18599936 2048 1
9083 W 18601984 2048 1
9084 W 18604032 2048 1
9085 W 18606080 2048 1
9086 W 18608128 2048 1
9087 W 18610176 2048 1
9088 W 18612224 2048 1
9089 W 18614272 2048 1
9090 W 18616320 2048 1
9091 W 18618368 2048 1
9092 W 18620416 2048 1
9093 W 18622464 2048 1
9094 W 18624512 2048 1
9095 W 18626560 2048 1
9096 W 18628608 2048 1
9097 W 18630656 2048 1
9098 W 18632704 2048 1
9099 W 18634752 2048 1
9100 W 18636800 2048 1
9101 W 18638848 2048 1
9102 W 18640896 2048 1
9103 W 18642944 2048 1
9104 W 18644992 2048 1
9105 W 18647040 2048 1
9106 W 18649088 2048 1
9107 W 18651136 2048 1
9108 W 18653184 2048 1
9109 W 18655232 2048 1
9110 W 18657280 2048 1
9111 W 18659328 2048 1
9112 W 18661376 2048 1
9113 W 18663424 2048 1
9114 W 18665472 2048 1
9115 W 18667520 2048 1
9116 W 18669568 2048 1
9117 W 18671616 2048 1
9118 W 18673664 2048 1
9119 W 18675712 2048 1
9120 W 18677760 2048 1
9121 W 18679808 2048 1
9122 W 18681856 2048 1
9123 W 18683904 2048 1
9124 W 18685952 2048 1
9125 W 18688000 2048 1
9126 W 18690048 2048 1
9127 W 18692096 2048 1
9128 W 18694144 2048 1
9129 W 18696192 2048 1
9130 W 18698240 2048 1
9131 W 18700288 2048 1
9132 W 18702336 2048 1
9133 W 18704384 2048 1
9134 W 18706432 2048 1
9135 W 18708480 2048 1
9136 W 18710528 2048 1
9137 W 18712576 2048 1
9138 W 18714624 2048 1
9139 W 18716672 2048 1
9140 W 18718720 2048 1
9141 W 18720768 2048 1
9142 W 18722816 2048 1
9143 W 18724864 2048 1
9144 W 18726912 2048 1
9145 W 18728960 2048 1
9146 W 18731008 2048 1
9147 W 18733056 2048 1
9148 W 18735104 2048 1
9149 W 18737152 2048 1
9150 W 18739200 2048 1
9151 W 18741248 2048 1
9152 W 18743296 2048 1
9153 W 18745344 2048 1
9154 W 18747392 2048 1
9155 W 18749440 2048 1
9156 W 18751488 2048 1
9157 W 18753536 2048 1
9158 W 18755584 2048 1
9159 W 18757632 2048 1
9160 W 18759680 2048 1
9161 W 18761728 2048 1
9162 W 18763776 2048 1
9163 W 18765824 2048 1
9164 W 18767872 2048 1
9165 W 18769920 2048 1
9166 W 18771968 2048 1
9167 W 18774016 2048 1
9168 W 18776064 2048 1
9169 W 18778112 2048 1
9170 W 18780160 2048 1
9171 W 18782208 2048 1
9172 W 18784256 2048 1
9173 W 18786304 2048 1
9174 W 18788352 2048 1
9175 W 18790400 2048 1
9176 W 18792448 2048 1
9177 W 18794496 2048 1
9178 W 18796544 2048 1
9179 W 18798592 2048 1
9180 W 18800640 2048 1
9181 W 18802688 2048 1
9182 W 18804736 2048 1
9183 W 18806784 2048 1
9184 W 18808832 2048 1
9185 W 18810880 2048 1
9186 W 18812928 2048 1
9187 W 18814976 2048 1
9188 W 18817024 2048 1
9189 W 18819072 2048 1
9190 W 18821120 2048 1
9191 W 18823168 2048 1
9192 W 18825216 2048 1
9193 W 18827264 2048 1
9194 W 18829312 2048 1
9195 W 18831360 2048 1
9196 W 18833408 2048 1
9197 W 18835456 2048 1
9198 W 18837504 2048 1
9199 W 18839552 2048 1
9200 W 18841600 2048 1
9201 W 18843648 2048 1
9202 W 18845696 2048 1
9203 W 18847744 2048 1
9204 W 18849792 2048 1
9205 W 18851840 2048 1
9206 W 18853888 2048 1
9207 W 18855936 2048 1
9208 W 18857984 2048 1
9209 W 18860032 2048 1
9210 W 18862080 2048 1
9211 W 18864128 2048 1
9212 W 18866176 2048 1
9213 W 18868224 2048 1
9214 W 18870272 2048 1
9215 W 18872320 2048 1
9216 W 18874368 2048 1
9217 W 18876416 2048 1
9218 W 18878464 2048 1
9219 W 18880512 2048 1
9220 W 18882560 2048 1
9221 W 18884608 2048 1
9222 W 18886656 2048 1
9223 W 18888704 2048 1
9224 W 18890752 2048 1
9225 W 18892800 2048 1
9226 W 18894848 2048 1
9227 W 18896896 2048 1
9228 W 18898944 2048 1
9229 W 18900992 2048 1
9230 W 18903040 2048 1
9231 W 18905088 2048 1
9232 W 18907136 2048 1
9233 W 18909184 2048 1
9234 W 18911232 2048 1
9235 W 18913280 2048 1
9236 W 18915328 2048 1
9237 W 18917376 2048 1
9238 W 18919424 2048 1
9239 W 18921472 2048 1
9240 W 18923520 2048 1
9241 W 18925568 2048 1
9242 W 18927616 2048 1
9243 W 18929664 2048 1
9244 W 18931712 2048 1
9245 W 18933760 2048 1
9246 W 18935808 2048 1
9247 W 18937856 2048 1
9248 W 18939904 2048 1
9249 W 18941952 2048 1
9250 W 18944000 2048 1
9251 W 18946048 2048 1
9252 W 18948096 2048 1
9253 W 18950144 2048 1
9254 W 18952192 2048 1
9255 W 18954240 2048 1
9256 W 18956288 2048 1
9257 W 18958336 2048 1
9258 W 18960384 2048 1
9259 W 18962432 2048 1
9260 W 18964480 2048 1
9261 W 18966528 2048 1
9262 W 18968576 2048 1
9263 W 18970624 2048 1
9264 W 18972672 2048 1
9265 W 18974720 2048 1
9266 W 18976768 2048 1
9267 W 18978816 2048 1
9268 W 18980864 2048 1
9269 W 18982912 2048 1
9270 W 18984960 2048 1
9271 W 18987008 2048 1
9272 W 18989056 2048 1
9273 W 18991104 2048 1
9274 W 18993152 2048 1
9275 W 18995200 2048 1
9276 W 18997248 2048 1
9277 W 18999296 2048 1
9278 W 19001344 2048 1
9279 W 19003392 2048 1
9280 W 19005440 2048 1
9281 W 19007488 2048 1
9282 W 19009536 2048 1
9283 W 19011584 2048 1
9284 W 19013632 2048 1
9285 W 19015680 2048 1
9286 W 19017728 2048 1
9287 W 19019776 2048 1
9288 W 19021824 2048 1
9289 W 19023872 2048 1
9290 W 19025920 2048 1
9291 W 19027968 2048 1
9292 W 19030016 2048 1
9293 W 19032064 2048 1
9294 W 19034112 2048 1
9295 W 19036160 2048 1
9296 W 19038208 2048 1
9297 W 19040256 2048 1
9298 W 19042304 2048 1
9299 W 19044352 2048 1
9300 W 19046400 2048 1
9301 W 19048448 2048 1
9302 W 19050496 2048 1
9303 W 19052544 2048 1
9304 W 19054592 2048 1
9305 W 19056640 2048 1
9306 W 19058688 2048 1
9307 W 19060736 2048 1
9308 W 19062784 2048 1
9309 W 19064832 2048 1
9310 W 19066880 2048 1
9311 W 19068928 2048 1
9312 W 19070976 2048 1
9313 W 19073024 2048 1
9314 W 19075072 2048 1
9315 W 19077120 2048 1
9316 W 19079168 2048 1
9317 W 19081216 2048 1
9318 W 19083264 2048 1
9319 W 19085312 2048 1
9320 W 19087360 2048 1
9321 W 19089408 2048 1
9322 W 19091456 2048 1
9323 W 19093504 2048 1
9324 W 19095552 2048 1
9325 W 19097600 2048 1
9326 W 19099648 2048 1
9327 W 19101696 2048 1
9328 W 19103744 2048 1
9329 W 19105792 2048 1
9330 W 19107840 2048 1
9331 W 19109888 2048 1
9332 W 19111936 2048 1
9333 W 19113984 2048 1
9334 W 19116032 2048 1
9335 W 19118080 2048 1
9336 W 19120128 2048 1
9337 W 19122176 2048 1
9338 W 19124224 2048 1
9339 W 19126272 2048 1
9340 W 19128320 2048 1
9341 W 19130368 2048 1
9342 W 19132416 2048 1
9343 W 19134464 2048 1
9344 W 19136512 2048 1
9345 W 19138560 2048 1
9346 W 19140608 2048 1
9347 W 19142656 2048 1
9348 W 19144704 2048 1
9349 W 19146752 2048 1
9350 W 19148800 2048 1
9351 W 19150848 2048 1
9352 W 19152896 2048 1
9353 W 19154944 2048 1
9354 W 19156992 2048 1
9355 W 19159040 2048 1
9356 W 19161088 2048 1
9357 W 19163136 2048 1
9358 W 19165184 2048 1
9359 W 19167232 2048 1
9360 W 19169280 2048 1
9361 W 19171328 2048 1
9362 W 19173376 2048 1
9363 W 19175424 2048 1
9364 W 19177472 2048 1
9365 W 19179520 2048 1
9366 W 19181568 2048 1
9367 W 19183616 2048 1
9368 W 19185664 2048 1
9369 W 19187712 2048 1
9370 W 19189760 2048 1
9371 W 19191808 2048 1
9372 W 19193856 2048 1
9373 W 19195904 2048 1
9374 W 19197952 2048 1
9375 W 19200000 2048 1
9376 W 19202048 2048 1
9377 W 19204096 2048 1
9378 W 19206144 2048 1
9379 W 19208192 2048 1
9380 W 19210240 2048 1
9381 W 19212288 2048 1
9382 W 19214336 2048 1
9383 W 19216384 2048 1
9384 W 19218432 2048 1
9385 W 19220480 2048 1
9386 W 19222528 2048 1
9387 W 19224576 2048 1
9388 W 19226624 2048 1
9389 W 19228672 2048 1
9390 W 19230720 2048 1
9391 W 19232768 2048 1
9392 W 19234816 2048 1
9393 W 19236864 2048 1
9394 W 19238912 2048 1
9395 W 19240960 2048 1
9396 W 19243008 2048 1
9397 W 19245056 2048 1
9398 W 19247104 2048 1
9399 W 19249152 2048 1
9400 W 19251200 2048 1
9401 W 19253248 2048 1
9402 W 19255296 2048 1
9403 W 19257344 2048 1
9404 W 19259392 2048 1
9405 W 19261440 2048 1
9406 W 19263488 2048 1
9407 W 19265536 2048 1
9408 W 19267584 2048 1
9409 W 19269632 2048 1
9410 W 19271680 2048 1
9411 W 19273728 2048 1
9412 W 19275776 2048 1
9413 W 19277824 2048 1
9414 W 19279872 2048 1
9415 W 19281920 2048 1
9416 W 19283968 2048 1
9417 W 19286016 2048 1
9418 W 19288064 2048 1
9419 W 19290112 2048 1
9420 W 19292160 2048 1
9421 W 19294208 2048 1
9422 W 19296256 2048 1
9423 W 19298304 2048 1
9424 W 19300352 2048 1
9425 W 19302400 2048 1
9426 W 19304448 2048 1
9427 W 19306496 2048 1
9428 W 19308544 2048 1
9429 W 19310592 2048 1
9430 W 19312640 2048 1
9431 W 19314688 2048 1
9432 W 19316736 2048 1
9433 W 19318784 2048 1
9434 W 19320832 2048 1
9435 W 19322880 2048 1
9436 W 19324928 2048 1
9437 W 19326976 2048 1
9438 W 19329024 2048 1
9439 W 19331072 2048 1
9440 W 19333120 2048 1
9441 W 19335168 2048 1
9442 W 19337216 2048 1
9443 W 19339264 2048 1
9444 W 19341312 2048 1
9445 W 19343360 2048 1
9446 W 19345408 2048 1
9447 W 19347456 2048 1
9448 W 19349504 2048 1
9449 W 19351552 2048 1
9450 W 19353600 2048 1
9451 W 19355648 2048 1
9452 W 19357696 2048 1
9453 W 19359744 2048 1
9454 W 19361792 2048 1
9455 W 19363840 2048 1
9456 W 19365888 2048 1
9457 W 19367936 2048 1
9458 W 19369984 2048 1
9459 W 19372032 2048 1
9460 W 19374080 2048 1
9461 W 19376128 2048 1
9462 W 19378176 2048 1
9463 W 19380224 2048 1
9464 W 19382272 2048 1
9465 W 19384320 2048 1
9466 W 19386368 2048 1
9467 W 19388416 2048 1
9468 W 19390464 2048 1
9469 W 19392512 2048 1
9470 W 19394560 2048 1
9471 W 19396608 2048 1
9472 W 19398656 2048 1
9473 W 19400704 2048 1
9474 W 19402752 2048 1
9475 W 19404800 2048 1
9476 W 19406848 2048 1
9477 W 19408896 2048 1
9478 W 19410944 2048 1
9479 W 19412992 2048 1
9480 W 19415040 2048 1
9481 W 19417088 2048 1
9482 W 19419136 2048 1
9483 W 19421184 2048 1
9484 W 19423232 2048 1
9485 W 19425280 2048 1
9486 W 19427328 2048 1
9487 W 19429376 2048 1
9488 W 19431424 2048 1
9489 W 19433472 2048 1
9490 W 19435520 2048 1
9491 W 19437568 2048 1
9492 W 19439616 2048 1
9493 W 19441664 2048 1
9494 W 19443712 2048 1
9495 W 19445760 2048 1
9496 W 19447808 2048 1
9497 W 19449856 2048 1
9498 W 19451904 2048 1
9499 W 19453952 2048 1
9500 W 19456000 2048 1
9501 W 19458048 2048 1
9502 W 19460096 2048 1
9503 W 19462144 2048 1
9504 W 19464192 2048 1
9505 W 19466240 2048 1
9506 W 19468288 2048 1
9507 W 19470336 2048 1
9508 W 19472384 2048 1
9509 W 19474432 2048 1
9510 W 19476480 2048 1
9511 W 19478528 2048 1
9512 W 19480576 2048 1
9513 W 19482624 2048 1
9514 W 19484672 2048 1
9515 W 19486720 2048 1
9516 W 19488768 2048 1
9517 W 19490816 2048 1
9518 W 19492864 2048 1
9519 W 19494912 2048 1
9520 W 19496960 2048 1
9521 W 19499008 2048 1
9522 W 19501056 2048 1
9523 W 19503104 2048 1
9524 W 19505152 2048 1
9525 W 19507200 2048 1
9526 W 19509248 2048 1
9527 W 19511296 2048 1
9528 W 19513344 2048 1
9529 W 19515392 2048 1
9530 W 19517440 2048 1
9531 W 19519488 2048 1
9532 W 19521536 2048 1
9533 W 19523584 2048 1
9534 W 19525632 2048 1
9535 W 19527680 2048 1
9536 W 19529728 2048 1
9537 W 19531776 2048 1
9538 W 19533824 2048 1
9539 W 19535872 2048 1
9540 W 19537920 2048 1
9541 W 19539968 2048 1
9542 W 19542016 2048 1
9543 W 19544064 2048 1
9544 W 19546112 2048 1
9545 W 19548160 2048 1
9546 W 19550208 2048 1
9547 W 19552256 2048 1
9548 W 19554304 2048 1
9549 W 19556352 2048 1
9550 W 19558400 2048 1
9551 W 19560448 2048 1
9552 W 19562496 2048 1
9553 W 19564544 2048 1
9554 W 19566592 2048 1
9555 W 19568640 2048 1
9556 W 19570688 2048 1
9557 W 19572736 2048 1
9558 W 19574784 2048 1
9559 W 19576832 2048 1
9560 W 19578880 2048 1
9561 W 19580928 2048 1
9562 W 19582976 2048 1
9563 W 19585024 2048 1
9564 W 19587072 2048 1
9565 W 19589120 2048 1
9566 W 19591168 2048 1
9567 W 19593216 2048 1
9568 W 19595264 2048 1
9569 W 19597312 2048 1
9570 W 19599360 2048 1
9571 W 19601408 2048 1
9572 W 19603456 2048 1
9573 W 19605504 2048 1
9574 W 19607552 2048 1
9575 W 19609600 2048 1
9576 W 19611648 2048 1
9577 W 19613696 2048 1
9578 W 19615744 2048 1
9579 W 19617792 2048 1
9580 W 19619840 2048 1
9581 W 19621888 2048 1
9582 W 19623936 2048 1
9583 W 19625984 2048 1
9584 W 19628032 2048 1
9585 W 19630080 2048 1
9586 W 19632128 2048 1
9587 W 19634176 2048 1
9588 W 19636224 2048 1
9589 W 19638272 2048 1
9590 W 19640320 2048 1
9591 W 19642368 2048 1
9592 W 19644416 2048 1
9593 W 19646464 2048 1
9594 W 19648512 2048 1
9595 W 19650560 2048 1
9596 W 19652608 2048 1
9597 W 19654656 2048 1
9598 W 19656704 2048 1
9599 W 19658752 2048 1
9600 W 19660800 2048 1
9601 W 19662848 2048 1
9602 W 19664896 2048 1
9603 W 19666944 2048 1
9604 W 19668992 2048 1
9605 W 19671040 2048 1
9606 W 19673088 2048 1
9607 W 19675136 2048 1
9608 W 19677184 2048 1
9609 W 19679232 2048 1
9610 W 19681280 2048 1
9611 W 19683328 2048 1
9612 W 19685376 2048 1
9613 W 19687424 2048 1
9614 W 19689472 2048 1
9615 W 19691520 2048 1
9616 W 19693568 2048 1
9617 W 19695616 2048 1
9618 W 19697664 2048 1
9619 W 19699712 2048 1
9620 W 19701760 2048 1
9621 W 19703808 2048 1
9622 W 19705856 2048 1
9623 W 19707904 2048 1
9624 W 19709952 2048 1
9625 W 19712000 2048 1
9626 W 19714048 2048 1
9627 W 19716096 2048 1
9628 W 19718144 2048 1
9629 W 19720192 2048 1
9630 W 19722240 2048 1
9631 W 19724288 2048 1
9632 W 19726336 2048 1
9633 W 19728384 2048 1
9634 W 19730432 2048 1
9635 W 19732480 2048 1
9636 W 19734528 2048 1
9637 W 19736576 2048 1
9638 W 19738624 2048 1
9639 W 19740672 2048 1
9640 W 19742720 2048 1
9641 W 19744768 2048 1
9642 W 19746816 2048 1
9643 W 19748864 2048 1
9644 W 19750912 2048 1
9645 W 19752960 2048 1
9646 W 19755008 2048 1
9647 W 19757056 2048 1
9648 W 19759104 2048 1
9649 W 19761152 2048 1
9650 W 19763200 2048 1
9651 W 19765248 2048 1
9652 W 19767296 2048 1
9653 W 19769344 2048 1
9654 W 19771392 2048 1
9655 W 19773440 2048 1
9656 W 19775488 2048 1
9657 W 19777536 2048 1
9658 W 19779584 2048 1
9659 W 19781632 2048 1
9660 W 19783680 2048 1
9661 W 19785728 2048 1
9662 W 19787776 2048 1
9663 W 19789824 2048 1
9664 W 19791872 2048 1
9665 W 19793920 2048 1
9666 W 19795968 2048 1
9667 W 19798016 2048 1
9668 W 19800064 2048 1
9669 W 19802112 2048 1
9670 W 19804160 2048 1
9671 W 19806208 2048 1
9672 W 19808256 2048 1
9673 W 19810304 2048 1
9674 W 19812352 2048 1
9675 W 19814400 2048 1
9676 W 19816448 2048 1
9677 W 19818496 2048 1
9678 W 19820544 2048 1
9679 W 19822592 2048 1
9680 W 19824640 2048 1
9681 W 19826688 2048 1
9682 W 19828736 2048 1
9683 W 19830784 2048 1
9684 W 19832832 2048 1
9685 W 19834880 2048 1
9686 W 19836928 2048 1
9687 W 19838976 2048 1
9688 W 19841024 2048 1
9689 W 19843072 2048 1
9690 W 19845120 2048 1
9691 W 19847168 2048 1
9692 W 19849216 2048 1
9693 W 19851264 2048 1
9694 W 19853312 2048 1
9695 W 19855360 2048 1
9696 W 19857408 2048 1
9697 W 19859456 2048 1
9698 W 19861504 2048 1
9699 W 19863552 2048 1
9700 W 19865600 2048 1
9701 W 19867648 2048 1
9702 W 19869696 2048 1
9703 W 19871744 2048 1
9704 W 19873792 2048 1
9705 W 19875840 2048 1
9706 W 19877888 2048 1
9707 W 19879936 2048 1
9708 W 19881984 2048 1
9709 W 19884032 2048 1
9710 W 19886080 2048 1
9711 W 19888128 2048 1
9712 W 19890176 2048 1
9713 W 19892224 2048 1
9714 W 19894272 2048 1
9715 W 19896320 2048 1
9716 W 19898368 2048 1
9717 W 19900416 2048 1
9718 W 19902464 2048 1
9719 W 19904512 2048 1
9720 W 19906560 2048 1
9721 W 19908608 2048 1
9722 W 19910656 2048 1
9723 W 19912704 2048 1
9724 W 19914752 2048 1
9725 W 19916800 2048 1
9726 W 19918848 2048 1
9727 W 19920896 2048 1
9728 W 19922944 2048 1
9729 W 19924992 2048 1
9730 W 19927040 2048 1
9731 W 19929088 2048 1
9732 W 19931136 2048 1
9733 W 19933184 2048 1
9734 W 19935232 2048 1
9735 W 19937280 2048 1
9736 W 19939328 2048 1
9737 W 19941376 2048 1
9738 W 19943424 2048 1
9739 W 19945472 2048 1
9740 W 19947520 2048 1
9741 W 19949568 2048 1
9742 W 19951616 2048 1
9743 W 19953664 2048 1
9744 W 19955712 2048 1
9745 W 19957760 2048 1
9746 W 19959808 2048 1
9747 W 19961856 2048 1
9748 W 19963904 2048 1
9749 W 19965952 2048 1
9750 W 19968000 2048 1
9751 W 19970048 2048 1
9752 W 19972096 2048 1
9753 W 19974144 2048 1
9754 W 19976192 2048 1
9755 W 19978240 2048 1
9756 W 19980288 2048 1
9757 W 19982336 2048 1
9758 W 19984384 2048 1
9759 W 19986432 2048 1
9760 W 19988480 2048 1
9761 W 19990528 2048 1
9762 W 19992576 2048 1
9763 W 19994624 2048 1
9764 W 19996672 2048 1
9765 W 19998720 2048 1
9766 W 20000768 2048 1
9767 W 20002816 2048 1
9768 W 20004864 2048 1
9769 W 20006912 2048 1
9770 W 20008960 2048 1
9771 W 20011008 2048 1
9772 W 20013056 2048 1
9773 W 20015104 2048 1
9774 W 20017152 2048 1
9775 W 20019200 2048 1
9776 W 20021248 2048 1
9777 W 20023296 2048 1
9778 W 20025344 2048 1
9779 W 20027392 2048 1
9780 W 20029440 2048 1
9781 W 20031488 2048 1
9782 W 20033536 2048 1
9783 W 20035584 2048 1
9784 W 20037632 2048 1
9785 W 20039680 2048 1
9786 W 20041728 2048 1
9787 W 20043776 2048 1
9788 W 20045824 2048 1
9789 W 20047872 2048 1
9790 W 20049920 2048 1
9791 W 20051968 2048 1
9792 W 20054016 2048 1
9793 W 20056064 2048 1
9794 W 20058112 2048 1
9795 W 20060160 2048 1
9796 W 20062208 2048 1
9797 W 20064256 2048 1
9798 W 20066304 2048 1
9799 W 20068352 2048 1
9800 W 20070400 2048 1
9801 W 20072448 2048 1
9802 W 20074496 2048 1
9803 W 20076544 2048 1
9804 W 20078592 2048 1
9805 W 20080640 2048 1
9806 W 20082688 2048 1
9807 W 20084736 2048 1
9808 W 20086784 2048 1
9809 W 20088832 2048 1
9810 W 20090880 2048 1
9811 W 20092928 2048 1
9812 W 20094976 2048 1
9813 W 20097024 2048 1
9814 W 20099072 2048 1
9815 W 20101120 2048 1
9816 W 20103168 2048 1
9817 W 20105216 2048 1
9818 W 20107264 2048 1
9819 W 20109312 2048 1
9820 W 20111360 2048 1
9821 W 20113408 2048 1
9822 W 20115456 2048 1
9823 W 20117504 2048 1
9824 W 20119552 2048 1
9825 W 20121600 2048 1
9826 W 20123648 2048 1
9827 W 20125696 2048 1
9828 W 20127744 2048 1
9829 W 20129792 2048 1
9830 W 20131840 2048 1
9831 W 20133888 2048 1
9832 W 20135936 2048 1
9833 W 20137984 2048 1
9834 W 20140032 2048 1
9835 W 20142080 2048 1
9836 W 20144128 2048 1
9837 W 20146176 2048 1
9838 W 20148224 2048 1
9839 W 20150272 2048 1
9840 W 20152320 2048 1
9841 W 20154368 2048 1
9842 W 20156416 2048 1
9843 W 20158464 2048 1
9844 W 20160512 2048 1
9845 W 20162560 2048 1
9846 W 20164608 2048 1
9847 W 20166656 2048 1
9848 W 20168704 2048 1
9849 W 20170752 2048 1
9850 W 20172800 2048 1
9851 W 20174848 2048 1
9852 W 20176896 2048 1
9853 W 20178944 2048 1
9854 W 20180992 2048 1
9855 W 20183040 2048 1
9856 W 20185088 2048 1
9857 W 20187136 2048 1
9858 W 20189184 2048 1
9859 W 20191232 2048 1
9860 W 20193280 2048 1
9861 W 20195328 2048 1
9862 W 20197376 2048 1
9863 W 20199424 2048 1
9864 W 20201472 2048 1
9865 W 20203520 2048 1
9866 W 20205568 2048 1
9867 W 20207616 2048 1
9868 W 20209664 2048 1
9869 W 20211712 2048 1
9870 W 20213760 2048 1
9871 W 20215808 2048 1
9872 W 20217856 2048 1
9873 W 20219904 2048 1
9874 W 20221952 2048 1
9875 W 20224000 2048 1
9876 W 20226048 2048 1
9877 W 20228096 2048 1
9878 W 20230144 2048 1
9879 W 20232192 2048 1
9880 W 20234240 2048 1
9881 W 20236288 2048 1
9882 W 20238336 2048 1
9883 W 20240384 2048 1
9884 W 20242432 2048 1
9885 W 20244480 2048 1
9886 W 20246528 2048 1
9887 W 20248576 2048 1
9888 W 20250624 2048 1
9889 W 20252672 2048 1
9890 W 20254720 2048 1
9891 W 20256768 2048 1
9892 W 20258816 2048 1
9893 W 20260864 2048 1
9894 W 20262912 2048 1
9895 W 20264960 2048 1
9896 W 20267008 2048 1
9897 W 20269056 2048 1
9898 W 20271104 2048 1
9899 W 20273152 2048 1
9900 W 20275200 2048 1
9901 W 20277248 2048 1
9902 W 20279296 2048 1
9903 W 20281344 2048 1
9904 W 20283392 2048 1
9905 W 20285440 2048 1
9906 W 20287488 2048 1
9907 W 20289536 2048 1
9908 W 20291584 2048 1
9909 W 20293632 2048 1
9910 W 20295680 2048 1
9911 W 20297728 2048 1
9912 W 20299776 2048 1
9913 W 20301824 2048 1
9914 W 20303872 2048 1
9915 W 20305920 2048 1
9916 W 20307968 2048 1
9917 W 20310016 2048 1
9918 W 20312064 2048 1
9919 W 20314112 2048 1
9920 W 20316160 2048 1
9921 W 20318208 2048 1
9922 W 20320256 2048 1
9923 W 20322304 2048 1
9924 W 20324352 2048 1
9925 W 20326400 2048 1
9926 W 20328448 2048 1
9927 W 20330496 2048 1
9928 W 20332544 2048 1
9929 W 20334592 2048 1
9930 W 20336640 2048 1
9931 W 20338688 2048 1
9932 W 20340736 2048 1
9933 W 20342784 2048 1
9934 W 20344832 2048 1
9935 W 20346880 2048 1
9936 W 20348928 2048 1
9937 W 20350976 2048 1
9938 W 20353024 2048 1
9939 W 20355072 2048 1
9940 W 20357120 2048 1
9941 W 20359168 2048 1
9942 W 20361216 2048 1
9943 W 20363264 2048 1
9944 W 20365312 2048 1
9945 W 20367360 2048 1
9946 W 20369408 2048 1
9947 W 20371456 2048 1
9948 W 20373504 2048 1
9949 W 20375552 2048 1
9950 W 20377600 2048 1
9951 W 20379648 2048 1
9952 W 20381696 2048 1
9953 W 20383744 2048 1
9954 W 20385792 2048 1
9955 W 20387840 2048 1
9956 W 20389888 2048 1
9957 W 20391936 2048 1
9958 W 20393984 2048 1
9959 W 20396032 2048 1
9960 W 20398080 2048 1
9961 W 20400128 2048 1
9962 W 20402176 2048 1
9963 W 20404224 2048 1
9964 W 20406272 2048 1
9965 W 20408320 2048 1
9966 W 20410368 2048 1
9967 W 20412416 2048 1
9968 W 20414464 2048 1
9969 W 20416512 2048 1
9970 W 20418560 2048 1
9971 W 20420608 2048 1
9972 W 20422656 2048 1
9973 W 20424704 2048 1
9974 W 20426752 2048 1
9975 W 20428800 2048 1
9976 W 20430848 2048 1
9977 W 20432896 2048 1
9978 W 20434944 2048 1
9979 W 20436992 2048 1
9980 W 20439040 2048 1
9981 W 20441088 2048 1
9982 W 20443136 2048 1
9983 W 20445184 2048 1
9984 W 20447232 2048 1
9985 W 20449280 2048 1
9986 W 20451328 2048 1
9987 W 20453376 2048 1
9988 W 20455424 2048 1
9989 W 20457472 2048 1
9990 W 20459520 2048 1
9991 W 20461568 2048 1
9992 W 20463616 2048 1
9993 W 20465664 2048 1
9994 W 20467712 2048 1
9995 W 20469760 2048 1
9996 W 20471808 2048 1
9997 W 20473856 2048 1
9998 W 20475904 2048 1
9999 W 20477952 2048 1
10000 W 20480000 2048 1
10001 W 20482048 2048 1
10002 W 20484096 2048 1
10003 W 20486144 2048 1
10004 W 20488192 2048 1
10005 W 20490240 2048 1
10006 W 20492288 2048 1
10007 W 20494336 2048 1
10008 W 20496384 2048 1
10009 W 20498432 2048 1
10010 W 20500480 2048 1
10011 W 20502528 2048 1
10012 W 20504576 2048 1
10013 W 20506624 2048 1
10014 W 20508672 2048 1
10015 W 20510720 2048 1
10016 W 20512768 2048 1
10017 W 20514816 2048 1
10018 W 20516864 2048 1
10019 W 20518912 2048 1
10020 W 20520960 2048 1
10021 W 20523008 2048 1
10022 W 20525056 2048 1
10023 W 20527104 2048 1
10024 W 20529152 2048 1
10025 W 20531200 2048 1
10026 W 20533248 2048 1
10027 W 20535296 2048 1
10028 W 20537344 2048 1
10029 W 20539392 2048 1
10030 W 20541440 2048 1
10031 W 20543488 2048 1
10032 W 20545536 2048 1
10033 W 20547584 2048 1
10034 W 20549632 2048 1
10035 W 20551680 2048 1
10036 W 20553728 2048 1
10037 W 20555776 2048 1
10038 W 20557824 2048 1
10039 W 20559872 2048 1
10040 W 20561920 2048 1
10041 W 20563968 2048 1
10042 W 20566016 2048 1
10043 W 20568064 2048 1
10044 W 20570112 2048 1
10045 W 20572160 2048 1
10046 W 20574208 2048 1
10047 W 20576256 2048 1
10048 W 20578304 2048 1
10049 W 20580352 2048 1
10050 W 20582400 2048 1
10051 W 20584448 2048 1
10052 W 20586496 2048 1
10053 W 20588544 2048 1
10054 W 20590592 2048 1
10055 W 20592640 2048 1
10056 W 20594688 2048 1
10057 W 20596736 2048 1
10058 W 20598784 2048 1
10059 W 20600832 2048 1
10060 W 20602880 2048 1
10061 W 20604928 2048 1
10062 W 20606976 2048 1
10063 W 20609024 2048 1
10064 W 20611072 2048 1
10065 W 20613120 2048 1
10066 W 20615168 2048 1
10067 W 20617216 2048 1
10068 W 20619264 2048 1
10069 W 20621312 2048 1
10070 W 20623360 2048 1
10071 W 20625408 2048 1
10072 W 20627456 2048 1
10073 W 20629504 2048 1
10074 W 20631552 2048 1
10075 W 20633600 2048 1
10076 W 20635648 2048 1
10077 W 20637696 2048 1
10078 W 20639744 2048 1
10079 W 20641792 2048 1
10080 W 20643840 2048 1
10081 W 20645888 2048 1
10082 W 20647936 2048 1
10083 W 20649984 2048 1
10084 W 20652032 2048 1
10085 W 20654080 2048 1
10086 W 20656128 2048 1
10087 W 20658176 2048 1
10088 W 20660224 2048 1
10089 W 20662272 2048 1
10090 W 20664320 2048 1
10091 W 20666368 2048 1
10092 W 20668416 2048 1
10093 W 20670464 2048 1
10094 W 20672512 2048 1
10095 W 20674560 2048 1
10096 W 20676608 2048 1
10097 W 20678656 2048 1
10098 W 20680704 2048 1
10099 W 20682752 2048 1
10100 W 20684800 2048 1
10101 W 20686848 2048 1
10102 W 20688896 2048 1
10103 W 20690944 2048 1
10104 W 20692992 2048 1
10105 W 20695040 2048 1
10106 W 20697088 2048 1
10107 W 20699136 2048 1
10108 W 20701184 2048 1
10109 W 20703232 2048 1
10110 W 20705280 2048 1
10111 W 20707328 2048 1
10112 W 20709376 2048 1
10113 W 20711424 2048 1
10114 W 20713472 2048 1
10115 W 20715520 2048 1
10116 W 20717568 2048 1
10117 W 20719616 2048 1
10118 W 20721664 2048 1
10119 W 20723712 2048 1
10120 W 20725760 2048 1
10121 W 20727808 2048 1
10122 W 20729856 2048 1
10123 W 20731904 2048 1
10124 W 20733952 2048 1
10125 W 20736000 2048 1
10126 W 20738048 2048 1
10127 W 20740096 2048 1
10128 W 20742144 2048 1
10129 W 20744192 2048 1
10130 W 20746240 2048 1
10131 W 20748288 2048 1
10132 W 20750336 2048 1
10133 W 20752384 2048 1
10134 W 20754432 2048 1
10135 W 20756480 2048 1
10136 W 20758528 2048 1
10137 W 20760576 2048 1
10138 W 20762624 2048 1
10139 W 20764672 2048 1
10140 W 20766720 2048 1
10141 W 20768768 2048 1
10142 W 20770816 2048 1
10143 W 20772864 2048 1
10144 W 20774912 2048 1
10145 W 20776960 2048 1
10146 W 20779008 2048 1
10147 W 20781056 2048 1
10148 W 20783104 2048 1
10149 W 20785152 2048 1
10150 W 20787200 2048 1
10151 W 20789248 2048 1
10152 W 20791296 2048 1
10153 W 20793344 2048 1
10154 W 20795392 2048 1
10155 W 20797440 2048 1
10156 W 20799488 2048 1
10157 W 20801536 2048 1
10158 W 20803584 2048 1
10159 W 20805632 2048 1
10160 W 20807680 2048 1
10161 W 20809728 2048 1
10162 W 20811776 2048 1
10163 W 20813824 2048 1
10164 W 20815872 2048 1
10165 W 20817920 2048 1
10166 W 20819968 2048 1
10167 W 20822016 2048 1
10168 W 20824064 2048 1
10169 W 20826112 2048 1
10170 W 20828160 2048 1
10171 W 20830208 2048 1
10172 W 20832256 2048 1
10173 W 20834304 2048 1
10174 W 20836352 2048 1
10175 W 20838400 2048 1
10176 W 20840448 2048 1
10177 W 20842496 2048 1
10178 W 20844544 2048 1
10179 W 20846592 2048 1
10180 W 20848640 2048 1
10181 W 20850688 2048 1
10182 W 20852736 2048 1
10183 W 20854784 2048 1
10184 W 20856832 2048 1
10185 W 20858880 2048 1
10186 W 20860928 2048 1
10187 W 20862976 2048 1
10188 W 20865024 2048 1
10189 W 20867072 2048 1
10190 W 20869120 2048 1
10191 W 20871168 2048 1
10192 W 20873216 2048 1
10193 W 20875264 2048 1
10194 W 20877312 2048 1
10195 W 20879360 2048 1
10196 W 20881408 2048 1
10197 W 20883456 2048 1
10198 W 20885504 2048 1
10199 W 20887552 2048 1
10200 W 20889600 2048 1
10201 W 20891648 2048 1
10202 W 20893696 2048 1
10203 W 20895744 2048 1
10204 W 20897792 2048 1
10205 W 20899840 2048 1
10206 W 20901888 2048 1
10207 W 20903936 2048 1
10208 W 20905984 2048 1
10209 W 20908032 2048 1
10210 W 20910080 2048 1
10211 W 20912128 2048 1
10212 W 20914176 2048 1
10213 W 20916224 2048 1
10214 W 20918272 2048 1
10215 W 20920320 2048 1
10216 W 20922368 2048 1
10217 W 20924416 2048 1
10218 W 20926464 2048 1
10219 W 20928512 2048 1
10220 W 20930560 2048 1
10221 W 20932608 2048 1
10222 W 20934656 2048 1
10223 W 20936704 2048 1
10224 W 20938752 2048 1
10225 W 20940800 2048 1
10226 W 20942848 2048 1
10227 W 20944896 2048 1
10228 W 20946944 2048 1
10229 W 20948992 2048 1
10230 W 20951040 2048 1
10231 W 20953088 2048 1
10232 W 20955136 2048 1
10233 W 20957184 2048 1
10234 W 20959232 2048 1
10235 W 20961280 2048 1
10236 W 20963328 2048 1
10237 W 20965376 2048 1
10238 W 20967424 2048 1
10239 W 20969472 2048 1
10240 W 20971520 2048 1
10241 W 20973568 2048 1
10242 W 20975616 2048 1
10243 W 20977664 2048 1
10244 W 20979712 2048 1
10245 W 20981760 2048 1
10246 W 20983808 2048 1
10247 W 20985856 2048 1
10248 W 20987904 2048 1
10249 W 20989952 2048 1
10250 W 20992000 2048 1
10251 W 20994048 2048 1
10252 W 20996096 2048 1
10253 W 20998144 2048 1
10254 W 21000192 2048 1
10255 W 21002240 2048 1
10256 W 21004288 2048 1
10257 W 21006336 2048 1
10258 W 21008384 2048 1
10259 W 21010432 2048 1
10260 W 21012480 2048 1
10261 W 21014528 2048 1
10262 W 21016576 2048 1
10263 W 21018624 2048 1
10264 W 21020672 2048 1
10265 W 21022720 2048 1
10266 W 21024768 2048 1
10267 W 21026816 2048 1
10268 W 21028864 2048 1
10269 W 21030912 2048 1
10270 W 21032960 2048 1
10271 W 21035008 2048 1
10272 W 21037056 2048 1
10273 W 21039104 2048 1
10274 W 21041152 2048 1
10275 W 21043200 2048 1
10276 W 21045248 2048 1
10277 W 21047296 2048 1
10278 W 21049344 2048 1
10279 W 21051392 2048 1
10280 W 21053440 2048 1
10281 W 21055488 2048 1
10282 W 21057536 2048 1
10283 W 21059584 2048 1
10284 W 21061632 2048 1
10285 W 21063680 2048 1
10286 W 21065728 2048 1
10287 W 21067776 2048 1
10288 W 21069824 2048 1
10289 W 21071872 2048 1
10290 W 21073920 2048 1
10291 W 21075968 2048 1
10292 W 21078016 2048 1
10293 W 21080064 2048 1
10294 W 21082112 2048 1
10295 W 21084160 2048 1
10296 W 21086208 2048 1
10297 W 21088256 2048 1
10298 W 21090304 2048 1
10299 W 21092352 2048 1
10300 W 21094400 2048 1
10301 W 21096448 2048 1
10302 W 21098496 2048 1
10303 W 21100544 2048 1
10304 W 21102592 2048 1
10305 W 21104640 2048 1
10306 W 21106688 2048 1
10307 W 21108736 2048 1
10308 W 21110784 2048 1
10309 W 21112832 2048 1
10310 W 21114880 2048 1
10311 W 21116928 2048 1
10312 W 21118976 2048 1
10313 W 21121024 2048 1
10314 W 21123072 2048 1
10315 W 21125120 2048 1
10316 W 21127168 2048 1
10317 W 21129216 2048 1
10318 W 21131264 2048 1
10319 W 21133312 2048 1
10320 W 21135360 2048 1
10321 W 21137408 2048 1
10322 W 21139456 2048 1
10323 W 21141504 2048 1
10324 W 21143552 2048 1
10325 W 21145600 2048 1
10326 W 21147648 2048 1
10327 W 21149696 2048 1
10328 W 21151744 2048 1
10329 W 21153792 2048 1
10330 W 21155840 2048 1
10331 W 21157888 2048 1
10332 W 21159936 2048 1
10333 W 21161984 2048 1
10334 W 21164032 2048 1
10335 W 21166080 2048 1
10336 W 21168128 2048 1
10337 W 21170176 2048 1
10338 W 21172224 2048 1
10339 W 21174272 2048 1
10340 W 21176320 2048 1
10341 W 21178368 2048 1
10342 W 21180416 2048 1
10343 W 21182464 2048 1
10344 W 21184512 2048 1
10345 W 21186560 2048 1
10346 W 21188608 2048 1
10347 W 21190656 2048 1
10348 W 21192704 2048 1
10349 W 21194752 2048 1
10350 W 21196800 2048 1
10351 W 21198848 2048 1
10352 W 21200896 2048 1
10353 W 21202944 2048 1
10354 W 21204992 2048 1
10355 W 21207040 2048 1
10356 W 21209088 2048 1
10357 W 21211136 2048 1
10358 W 21213184 2048 1
10359 W 21215232 2048 1
10360 W 21217280 2048 1
10361 W 21219328 2048 1
10362 W 21221376 2048 1
10363 W 21223424 2048 1
10364 W 21225472 2048 1
10365 W 21227520 2048 1
10366 W 21229568 2048 1
10367 W 21231616 2048 1
10368 W 21233664 2048 1
10369 W 21235712 2048 1
10370 W 21237760 2048 1
10371 W 21239808 2048 1
10372 W 21241856 2048 1
10373 W 21243904 2048 1
10374 W 21245952 2048 1
10375 W 21248000 2048 1
10376 W 21250048 2048 1
10377 W 21252096 2048 1
10378 W 21254144 2048 1
10379 W 21256192 2048 1
10380 W 21258240 2048 1
10381 W 21260288 2048 1
10382 W 21262336 2048 1
10383 W 21264384 2048 1
10384 W 21266432 2048 1
10385 W 21268480 2048 1
10386 W 21270528 2048 1
10387 W 21272576 2048 1
10388 W 21274624 2048 1
10389 W 21276672 2048 1
10390 W 21278720 2048 1
10391 W 21280768 2048 1
10392 W 21282816 2048 1
10393 W 21284864 2048 1
10394 W 21286912 2048 1
10395 W 21288960 2048 1
10396 W 21291008 2048 1
10397 W 21293056 2048 1
10398 W 21295104 2048 1
10399 W 21297152 2048 1
10400 W 21299200 2048 1
10401 W 21301248 2048 1
10402 W 21303296 2048 1
10403 W 21305344 2048 1
10404 W 21307392 2048 1
10405 W 21309440 2048 1
10406 W 21311488 2048 1
10407 W 21313536 2048 1
10408 W 21315584 2048 1
10409 W 21317632 2048 1
10410 W 21319680 2048 1
10411 W 21321728 2048 1
10412 W 21323776 2048 1
10413 W 21325824 2048 1
10414 W 21327872 2048 1
10415 W 21329920 2048 1
10416 W 21331968 2048 1
10417 W 21334016 2048 1
10418 W 21336064 2048 1
10419 W 21338112 2048 1
10420 W 21340160 2048 1
10421 W 21342208 2048 1
10422 W 21344256 2048 1
10423 W 21346304 2048 1
10424 W 21348352 2048 1
10425 W 21350400 2048 1
10426 W 21352448 2048 1
10427 W 21354496 2048 1
10428 W 21356544 2048 1
10429 W 21358592 2048 1
10430 W 21360640 2048 1
10431 W 21362688 2048 1
10432 W 21364736 2048 1
10433 W 21366784 2048 1
10434 W 21368832 2048 1
10435 W 21370880 2048 1
10436 W 21372928 2048 1
10437 W 21374976 2048 1
10438 W 21377024 2048 1
10439 W 21379072 2048 1
10440 W 21381120 2048 1
10441 W 21383168 2048 1
10442 W 21385216 2048 1
10443 W 21387264 2048 1
10444 W 21389312 2048 1
10445 W 21391360 2048 1
10446 W 21393408 2048 1
10447 W 21395456 2048 1
10448 W 21397504 2048 1
10449 W 21399552 2048 1
10450 W 21401600 2048 1
10451 W 21403648 2048 1
10452 W 21405696 2048 1
10453 W 21407744 2048 1
10454 W 21409792 2048 1
10455 W 21411840 2048 1
10456 W 21413888 2048 1
10457 W 21415936 2048 1
10458 W 21417984 2048 1
10459 W 21420032 2048 1
10460 W 21422080 2048 1
10461 W 21424128 2048 1
10462 W 21426176 2048 1
10463 W 21428224 2048 1
10464 W 21430272 2048 1
10465 W 21432320 2048 1
10466 W 21434368 2048 1
10467 W 21436416 2048 1
10468 W 21438464 2048 1
10469 W 21440512 2048 1
10470 W 21442560 2048 1
10471 W 21444608 2048 1
10472 W 21446656 2048 1
10473 W 21448704 2048 1
10474 W 21450752 2048 1
10475 W 21452800 2048 1
10476 W 21454848 2048 1
10477 W 21456896 2048 1
10478 W 21458944 2048 1
10479 W 21460992 2048 1
10480 W 21463040 2048 1
10481 W 21465088 2048 1
10482 W 21467136 2048 1
10483 W 21469184 2048 1
10484 W 21471232 2048 1
10485 W 21473280 2048 1
10486 W 21475328 2048 1
10487 W 21477376 2048 1
10488 W 21479424 2048 1
10489 W 21481472 2048 1
10490 W 21483520 2048 1
10491 W 21485568 2048 1
10492 W 21487616 2048 1
10493 W 21489664 2048 1
10494 W 21491712 2048 1
10495 W 21493760 2048 1
10496 W 21495808 2048 1
10497 W 21497856 2048 1
10498 W 21499904 2048 1
10499 W 21501952 2048 1
10500 W 21504000 2048 1
10501 W 21506048 2048 1
10502 W 21508096 2048 1
10503 W 21510144 2048 1
10504 W 21512192 2048 1
10505 W 21514240 2048 1
10506 W 21516288 2048 1
10507 W 21518336 2048 1
10508 W 21520384 2048 1
10509 W 21522432 2048 1
10510 W 21524480 2048 1
10511 W 21526528 2048 1
10512 W 21528576 2048 1
10513 W 21530624 2048 1
10514 W 21532672 2048 1
10515 W 21534720 2048 1
10516 W 21536768 2048 1
10517 W 21538816 2048 1
10518 W 21540864 2048 1
10519 W 21542912 2048 1
10520 W 21544960 2048 1
10521 W 21547008 2048 1
10522 W 21549056 2048 1
10523 W 21551104 2048 1
10524 W 21553152 2048 1
10525 W 21555200 2048 1
10526 W 21557248 2048 1
10527 W 21559296 2048 1
10528 W 21561344 2048 1
10529 W 21563392 2048 1
10530 W 21565440 2048 1
10531 W 21567488 2048 1
10532 W 21569536 2048 1
10533 W 21571584 2048 1
10534 W 21573632 2048 1
10535 W 21575680 2048 1
10536 W 21577728 2048 1
10537 W 21579776 2048 1
10538 W 21581824 2048 1
10539 W 21583872 2048 1
10540 W 21585920 2048 1
10541 W 21587968 2048 1
10542 W 21590016 2048 1
10543 W 21592064 2048 1
10544 W 21594112 2048 1
10545 W 21596160 2048 1
10546 W 21598208 2048 1
10547 W 21600256 2048 1
10548 W 21602304 2048 1
10549 W 21604352 2048 1
10550 W 21606400 2048 1
10551 W 21608448 2048 1
10552 W 21610496 2048 1
10553 W 21612544 2048 1
10554 W 21614592 2048 1
10555 W 21616640 2048 1
10556 W 21618688 2048 1
10557 W 21620736 2048 1
10558 W 21622784 2048 1
10559 W 21624832 2048 1
10560 W 21626880 2048 1
10561 W 21628928 2048 1
10562 W 21630976 2048 1
10563 W 21633024 2048 1
10564 W 21635072 2048 1
10565 W 21637120 2048 1
10566 W 21639168 2048 1
10567 W 21641216 2048 1
10568 W 21643264 2048 1
10569 W 21645312 2048 1
10570 W 21647360 2048 1
10571 W 21649408 2048 1
10572 W 21651456 2048 1
10573 W 21653504 2048 1
10574 W 21655552 2048 1
10575 W 21657600 2048 1
10576 W 21659648 2048 1
10577 W 21661696 2048 1
10578 W 21663744 2048 1
10579 W 21665792 2048 1
10580 W 21667840 2048 1
10581 W 21669888 2048 1
10582 W 21671936 2048 1
10583 W 21673984 2048 1
10584 W 21676032 2048 1
10585 W 21678080 2048 1
10586 W 21680128 2048 1
10587 W 21682176 2048 1
10588 W 21684224 2048 1
10589 W 21686272 2048 1
10590 W 21688320 2048 1
10591 W 21690368 2048 1
10592 W 21692416 2048 1
10593 W 21694464 2048 1
10594 W 21696512 2048 1
10595 W 21698560 2048 1
10596 W 21700608 2048 1
10597 W 21702656 2048 1
10598 W 21704704 2048 1
10599 W 21706752 2048 1
10600 W 21708800 2048 1
10601 W 21710848 2048 1
10602 W 21712896 2048 1
10603 W 21714944 2048 1
10604 W 21716992 2048 1
10605 W 21719040 2048 1
10606 W 21721088 2048 1
10607 W 21723136 2048 1
10608 W 21725184 2048 1
10609 W 21727232 2048 1
10610 W 21729280 2048 1
10611 W 21731328 2048 1
10612 W 21733376 2048 1
10613 W 21735424 2048 1
10614 W 21737472 2048 1
10615 W 21739520 2048 1
10616 W 21741568 2048 1
10617 W 21743616 2048 1
10618 W 21745664 2048 1
10619 W 21747712 2048 1
10620 W 21749760 2048 1
10621 W 21751808 2048 1
10622 W 21753856 2048 1
10623 W 21755904 2048 1
10624 W 21757952 2048 1
10625 W 21760000 2048 1
10626 W 21762048 2048 1
10627 W 21764096 2048 1
10628 W 21766144 2048 1
10629 W 21768192 2048 1
10630 W 21770240 2048 1
10631 W 21772288 2048 1
10632 W 21774336 2048 1
10633 W 21776384 2048 1
10634 W 21778432 2048 1
10635 W 21780480 2048 1
10636 W 21782528 2048 1
10637 W 21784576 2048 1
10638 W 21786624 2048 1
10639 W 21788672 2048 1
10640 W 21790720 2048 1
10641 W 21792768 2048 1
10642 W 21794816 2048 1
10643 W 21796864 2048 1
10644 W 21798912 2048 1
10645 W 21800960 2048 1
10646 W 21803008 2048 1
10647 W 21805056 2048 1
10648 W 21807104 2048 1
10649 W 21809152 2048 1
10650 W 21811200 2048 1
10651 W 21813248 2048 1
10652 W 21815296 2048 1
10653 W 21817344 2048 1
10654 W 21819392 2048 1
10655 W 21821440 2048 1
10656 W 21823488 2048 1
10657 W 21825536 2048 1
10658 W 21827584 2048 1
10659 W 21829632 2048 1
10660 W 21831680 2048 1
10661 W 21833728 2048 1
10662 W 21835776 2048 1
10663 W 21837824 2048 1
10664 W 21839872 2048 1
10665 W 21841920 2048 1
10666 W 21843968 2048 1
10667 W 21846016 2048 1
10668 W 21848064 2048 1
10669 W 21850112 2048 1
10670 W 21852160 2048 1
10671 W 21854208 2048 1
10672 W 21856256 2048 1
10673 W 21858304 2048 1
10674 W 21860352 2048 1
10675 W 21862400 2048 1
10676 W 21864448 2048 1
10677 W 21866496 2048 1
10678 W 21868544 2048 1
10679 W 21870592 2048 1
10680 W 21872640 2048 1
10681 W 21874688 2048 1
10682 W 21876736 2048 1
10683 W 21878784 2048 1
10684 W 21880832 2048 1
10685 W 21882880 2048 1
10686 W 21884928 2048 1
10687 W 21886976 2048 1
10688 W 21889024 2048 1
10689 W 21891072 2048 1
10690 W 21893120 2048 1
10691 W 21895168 2048 1
10692 W 21897216 2048 1
10693 W 21899264 2048 1
10694 W 21901312 2048 1
10695 W 21903360 2048 1
10696 W 21905408 2048 1
10697 W 21907456 2048 1
10698 W 21909504 2048 1
10699 W 21911552 2048 1
10700 W 21913600 2048 1
10701 W 21915648 2048 1
10702 W 21917696 2048 1
10703 W 21919744 2048 1
10704 W 21921792 2048 1
10705 W 21923840 2048 1
10706 W 21925888 2048 1
10707 W 21927936 2048 1
10708 W 21929984 2048 1
10709 W 21932032 2048 1
10710 W 21934080 2048 1
10711 W 21936128 2048 1
10712 W 21938176 2048 1
10713 W 21940224 2048 1
10714 W 21942272 2048 1
10715 W 21944320 2048 1
10716 W 21946368 2048 1
10717 W 21948416 2048 1
10718 W 21950464 2048 1
10719 W 21952512 2048 1
10720 W 21954560 2048 1
10721 W 21956608 2048 1
10722 W 21958656 2048 1
10723 W 21960704 2048 1
10724 W 21962752 2048 1
10725 W 21964800 2048 1
10726 W 21966848 2048 1
10727 W 21968896 2048 1
10728 W 21970944 2048 1
10729 W 21972992 2048 1
10730 W 21975040 2048 1
10731 W 21977088 2048 1
10732 W 21979136 2048 1
10733 W 21981184 2048 1
10734 W 21983232 2048 1
10735 W 21985280 2048 1
10736 W 21987328 2048 1
10737 W 21989376 2048 1
10738 W 21991424 2048 1
10739 W 21993472 2048 1
10740 W 21995520 2048 1
10741 W 21997568 2048 1
10742 W 21999616 2048 1
10743 W 22001664 2048 1
10744 W 22003712 2048 1
10745 W 22005760 2048 1
10746 W 22007808 2048 1
10747 W 22009856 2048 1
10748 W 22011904 2048 1
10749 W 22013952 2048 1
10750 W 22016000 2048 1
10751 W 22018048 2048 1
10752 W 22020096 2048 1
10753 W 22022144 2048 1
10754 W 22024192 2048 1
10755 W 22026240 2048 1
10756 W 22028288 2048 1
10757 W 22030336 2048 1
10758 W 22032384 2048 1
10759 W 22034432 2048 1
10760 W 22036480 2048 1
10761 W 22038528 2048 1
10762 W 22040576 2048 1
10763 W 22042624 2048 1
10764 W 22044672 2048 1
10765 W 22046720 2048 1
10766 W 22048768 2048 1
10767 W 22050816 2048 1
10768 W 22052864 2048 1
10769 W 22054912 2048 1
10770 W 22056960 2048 1
10771 W 22059008 2048 1
10772 W 22061056 2048 1
10773 W 22063104 2048 1
10774 W 22065152 2048 1
10775 W 22067200 2048 1
10776 W 22069248 2048 1
10777 W 22071296 2048 1
10778 W 22073344 2048 1
10779 W 22075392 2048 1
10780 W 22077440 2048 1
10781 W 22079488 2048 1
10782 W 22081536 2048 1
10783 W 22083584 2048 1
10784 W 22085632 2048 1
10785 W 22087680 2048 1
10786 W 22089728 2048 1
10787 W 22091776 2048 1
10788 W 22093824 2048 1
10789 W 22095872 2048 1
10790 W 22097920 2048 1
10791 W 22099968 2048 1
10792 W 22102016 2048 1
10793 W 22104064 2048 1
10794 W 22106112 2048 1
10795 W 22108160 2048 1
10796 W 22110208 2048 1
10797 W 22112256 2048 1
10798 W 22114304 2048 1
10799 W 22116352 2048 1
10800 W 22118400 2048 1
10801 W 22120448 2048 1
10802 W 22122496 2048 1
10803 W 22124544 2048 1
10804 W 22126592 2048 1
10805 W 22128640 2048 1
10806 W 22130688 2048 1
10807 W 22132736 2048 1
10808 W 22134784 2048 1
10809 W 22136832 2048 1
10810 W 22138880 2048 1
10811 W 22140928 2048 1
10812 W 22142976 2048 1
10813 W 22145024 2048 1
10814 W 22147072 2048 1
10815 W 22149120 2048 1
10816 W 22151168 2048 1
10817 W 22153216 2048 1
10818 W 22155264 2048 1
10819 W 22157312 2048 1
10820 W 22159360 2048 1
10821 W 22161408 2048 1
10822 W 22163456 2048 1
10823 W 22165504 2048 1
10824 W 22167552 2048 1
10825 W 22169600 2048 1
10826 W 22171648 2048 1
10827 W 22173696 2048 1
10828 W 22175744 2048 1
10829 W 22177792 2048 1
10830 W 22179840 2048 1
10831 W 22181888 2048 1
10832 W 22183936 2048 1
10833 W 22185984 2048 1
10834 W 22188032 2048 1
10835 W 22190080 2048 1
10836 W 22192128 2048 1
10837 W 22194176 2048 1
10838 W 22196224 2048 1
10839 W 22198272 2048 1
10840 W 22200320 2048 1
10841 W 22202368 2048 1
10842 W 22204416 2048 1
10843 W 22206464 2048 1
10844 W 22208512 2048 1
10845 W 22210560 2048 1
10846 W 22212608 2048 1
10847 W 22214656 2048 1
10848 W 22216704 2048 1
10849 W 22218752 2048 1
10850 W 22220800 2048 1
10851 W 22222848 2048 1
10852 W 22224896 2048 1
10853 W 22226944 2048 1
10854 W 22228992 2048 1
10855 W 22231040 2048 1
10856 W 22233088 2048 1
10857 W 22235136 2048 1
10858 W 22237184 2048 1
10859 W 22239232 2048 1
10860 W 22241280 2048 1
10861 W 22243328 2048 1
10862 W 22245376 2048 1
10863 W 22247424 2048 1
10864 W 22249472 2048 1
10865 W 22251520 2048 1
10866 W 22253568 2048 1
10867 W 22255616 2048 1
10868 W 22257664 2048 1
10869 W 22259712 2048 1
10870 W 22261760 2048 1
10871 W 22263808 2048 1
10872 W 22265856 2048 1
10873 W 22267904 2048 1
10874 W 22269952 2048 1
10875 W 22272000 2048 1
10876 W 22274048 2048 1
10877 W 22276096 2048 1
10878 W 22278144 2048 1
10879 W 22280192 2048 1
10880 W 22282240 2048 1
10881 W 22284288 2048 1
10882 W 22286336 2048 1
10883 W 22288384 2048 1
10884 W 22290432 2048 1
10885 W 22292480 2048 1
10886 W 22294528 2048 1
10887 W 22296576 2048 1
10888 W 22298624 2048 1
10889 W 22300672 2048 1
10890 W 22302720 2048 1
10891 W 22304768 2048 1
10892 W 22306816 2048 1
10893 W 22308864 2048 1
10894 W 22310912 2048 1
10895 W 22312960 2048 1
10896 W 22315008 2048 1
10897 W 22317056 2048 1
10898 W 22319104 2048 1
10899 W 22321152 2048 1
10900 W 22323200 2048 1
10901 W 22325248 2048 1
10902 W 22327296 2048 1
10903 W 22329344 2048 1
10904 W 22331392 2048 1
10905 W 22333440 2048 1
10906 W 22335488 2048 1
10907 W 22337536 2048 1
10908 W 22339584 2048 1
10909 W 22341632 2048 1
10910 W 22343680 2048 1
10911 W 22345728 2048 1
10912 W 22347776 2048 1
10913 W 22349824 2048 1
10914 W 22351872 2048 1
10915 W 22353920 2048 1
10916 W 22355968 2048 1
10917 W 22358016 2048 1
10918 W 22360064 2048 1
10919 W 22362112 2048 1
10920 W 22364160 2048 1
10921 W 22366208 2048 1
10922 W 22368256 2048 1
10923 W 22370304 2048 1
10924 W 22372352 2048 1
10925 W 22374400 2048 1
10926 W 22376448 2048 1
10927 W 22378496 2048 1
10928 W 22380544 2048 1
10929 W 22382592 2048 1
10930 W 22384640 2048 1
10931 W 22386688 2048 1
10932 W 22388736 2048 1
10933 W 22390784 2048 1
10934 W 22392832 2048 1
10935 W 22394880 2048 1
10936 W 22396928 2048 1
10937 W 22398976 2048 1
10938 W 22401024 2048 1
10939 W 22403072 2048 1
10940 W 22405120 2048 1
10941 W 22407168 2048 1
10942 W 22409216 2048 1
10943 W 22411264 2048 1
10944 W 22413312 2048 1
10945 W 22415360 2048 1
10946 W 22417408 2048 1
10947 W 22419456 2048 1
10948 W 22421504 2048 1
10949 W 22423552 2048 1
10950 W 22425600 2048 1
10951 W 22427648 2048 1
10952 W 22429696 2048 1
10953 W 22431744 2048 1
10954 W 22433792 2048 1
10955 W 22435840 2048 1
10956 W 22437888 2048 1
10957 W 22439936 2048 1
10958 W 22441984 2048 1
10959 W 22444032 2048 1
10960 W 22446080 2048 1
10961 W 22448128 2048 1
10962 W 22450176 2048 1
10963 W 22452224 2048 1
10964 W 22454272 2048 1
10965 W 22456320 2048 1
10966 W 22458368 2048 1
10967 W 22460416 2048 1
10968 W 22462464 2048 1
10969 W 22464512 2048 1
10970 W 22466560 2048 1
10971 W 22468608 2048 1
10972 W 22470656 2048 1
10973 W 22472704 2048 1
10974 W 22474752 2048 1
10975 W 22476800 2048 1
10976 W 22478848 2048 1
10977 W 22480896 2048 1
10978 W 22482944 2048 1
10979 W 22484992 2048 1
10980 W 22487040 2048 1
10981 W 22489088 2048 1
10982 W 22491136 2048 1
10983 W 22493184 2048 1
10984 W 22495232 2048 1
10985 W 22497280 2048 1
10986 W 22499328 2048 1
10987 W 22501376 2048 1
10988 W 22503424 2048 1
10989 W 22505472 2048 1
10990 W 22507520 2048 1
10991 W 22509568 2048 1
10992 W 22511616 2048 1
10993 W 22513664 2048 1
10994 W 22515712 2048 1
10995 W 22517760 2048 1
10996 W 22519808 2048 1
10997 W 22521856 2048 1
10998 W 22523904 2048 1
10999 W 22525952 2048 1
11000 W 22528000 2048 1
11001 W 22530048 2048 1
11002 W 22532096 2048 1
11003 W 22534144 2048 1
11004 W 22536192 2048 1
11005 W 22538240 2048 1
11006 W 22540288 2048 1
11007 W 22542336 2048 1
11008 W 22544384 2048 1
11009 W 22546432 2048 1
11010 W 22548480 2048 1
11011 W 22550528 2048 1
11012 W 22552576 2048 1
11013 W 22554624 2048 1
11014 W 22556672 2048 1
11015 W 22558720 2048 1
11016 W 22560768 2048 1
11017 W 22562816 2048 1
11018 W 22564864 2048 1
11019 W 22566912 2048 1
11020 W 22568960 2048 1
11021 W 22571008 2048 1
11022 W 22573056 2048 1
11023 W 22575104 2048 1
11024 W 22577152 2048 1
11025 W 22579200 2048 1
11026 W 22581248 2048 1
11027 W 22583296 2048 1
11028 W 22585344 2048 1
11029 W 22587392 2048 1
11030 W 22589440 2048 1
11031 W 22591488 2048 1
11032 W 22593536 2048 1
11033 W 22595584 2048 1
11034 W 22597632 2048 1
11035 W 22599680 2048 1
11036 W 22601728 2048 1
11037 W 22603776 2048 1
11038 W 22605824 2048 1
11039 W 22607872 2048 1
11040 W 22609920 2048 1
11041 W 22611968 2048 1
11042 W 22614016 2048 1
11043 W 22616064 2048 1
11044 W 22618112 2048 1
11045 W 22620160 2048 1
11046 W 22622208 2048 1
11047 W 22624256 2048 1
11048 W 22626304 2048 1
11049 W 22628352 2048 1
11050 W 22630400 2048 1
11051 W 22632448 2048 1
11052 W 22634496 2048 1
11053 W 22636544 2048 1
11054 W 22638592 2048 1
11055 W 22640640 2048 1
11056 W 22642688 2048 1
11057 W 22644736 2048 1
11058 W 22646784 2048 1
11059 W 22648832 2048 1
11060 W 22650880 2048 1
11061 W 22652928 2048 1
11062 W 22654976 2048 1
11063 W 22657024 2048 1
11064 W 22659072 2048 1
11065 W 22661120 2048 1
11066 W 22663168 2048 1
11067 W 22665216 2048 1
11068 W 22667264 2048 1
11069 W 22669312 2048 1
11070 W 22671360 2048 1
11071 W 22673408 2048 1
11072 W 22675456 2048 1
11073 W 22677504 2048 1
11074 W 22679552 2048 1
11075 W 22681600 2048 1
11076 W 22683648 2048 1
11077 W 22685696 2048 1
11078 W 22687744 2048 1
11079 W 22689792 2048 1
11080 W 22691840 2048 1
11081 W 22693888 2048 1
11082 W 22695936 2048 1
11083 W 22697984 2048 1
11084 W 22700032 2048 1
11085 W 22702080 2048 1
11086 W 22704128 2048 1
11087 W 22706176 2048 1
11088 W 22708224 2048 1
11089 W 22710272 2048 1
11090 W 22712320 2048 1
11091 W 22714368 2048 1
11092 W 22716416 2048 1
11093 W 22718464 2048 1
11094 W 22720512 2048 1
11095 W 22722560 2048 1
11096 W 22724608 2048 1
11097 W 22726656 2048 1
11098 W 22728704 2048 1
11099 W 22730752 2048 1
11100 W 22732800 2048 1
11101 W 22734848 2048 1
11102 W 22736896 2048 1
11103 W 22738944 2048 1
11104 W 22740992 2048 1
11105 W 22743040 2048 1
11106 W 22745088 2048 1
11107 W 22747136 2048 1
11108 W 22749184 2048 1
11109 W 22751232 2048 1
11110 W 22753280 2048 1
11111 W 22755328 2048 1
11112 W 22757376 2048 1
11113 W 22759424 2048 1
11114 W 22761472 2048 1
11115 W 22763520 2048 1
11116 W 22765568 2048 1
11117 W 22767616 2048 1
11118 W 22769664 2048 1
11119 W 22771712 2048 1
11120 W 22773760 2048 1
11121 W 22775808 2048 1
11122 W 22777856 2048 1
11123 W 22779904 2048 1
11124 W 22781952 2048 1
11125 W 22784000 2048 1
11126 W 22786048 2048 1
11127 W 22788096 2048 1
11128 W 22790144 2048 1
11129 W 22792192 2048 1
11130 W 22794240 2048 1
11131 W 22796288 2048 1
11132 W 22798336 2048 1
11133 W 22800384 2048 1
11134 W 22802432 2048 1
11135 W 22804480 2048 1
11136 W 22806528 2048 1
11137 W 22808576 2048 1
11138 W 22810624 2048 1
11139 W 22812672 2048 1
11140 W 22814720 2048 1
11141 W 22816768 2048 1
11142 W 22818816 2048 1
11143 W 22820864 2048 1
11144 W 22822912 2048 1
11145 W 22824960 2048 1
11146 W 22827008 2048 1
11147 W 22829056 2048 1
11148 W 22831104 2048 1
11149 W 22833152 2048 1
11150 W 22835200 2048 1
11151 W 22837248 2048 1
11152 W 22839296 2048 1
11153 W 22841344 2048 1
11154 W 22843392 2048 1
11155 W 22845440 2048 1
11156 W 22847488 2048 1
11157 W 22849536 2048 1
11158 W 22851584 2048 1
11159 W 22853632 2048 1
11160 W 22855680 2048 1
11161 W 22857728 2048 1
11162 W 22859776 2048 1
11163 W 22861824 2048 1
11164 W 22863872 2048 1
11165 W 22865920 2048 1
11166 W 22867968 2048 1
11167 W 22870016 2048 1
11168 W 22872064 2048 1
11169 W 22874112 2048 1
11170 W 22876160 2048 1
11171 W 22878208 2048 1
11172 W 22880256 2048 1
11173 W 22882304 2048 1
11174 W 22884352 2048 1
11175 W 22886400 2048 1
11176 W 22888448 2048 1
11177 W 22890496 2048 1
11178 W 22892544 2048 1
11179 W 22894592 2048 1
11180 W 22896640 2048 1
11181 W 22898688 2048 1
11182 W 22900736 2048 1
11183 W 22902784 2048 1
11184 W 22904832 2048 1
11185 W 22906880 2048 1
11186 W 22908928 2048 1
11187 W 22910976 2048 1
11188 W 22913024 2048 1
11189 W 22915072 2048 1
11190 W 22917120 2048 1
11191 W 22919168 2048 1
11192 W 22921216 2048 1
11193 W 22923264 2048 1
11194 W 22925312 2048 1
11195 W 22927360 2048 1
11196 W 22929408 2048 1
11197 W 22931456 2048 1
11198 W 22933504 2048 1
11199 W 22935552 2048 1
11200 W 22937600 2048 1
11201 W 22939648 2048 1
11202 W 22941696 2048 1
11203 W 22943744 2048 1
11204 W 22945792 2048 1
11205 W 22947840 2048 1
11206 W 22949888 2048 1
11207 W 22951936 2048 1
11208 W 22953984 2048 1
11209 W 22956032 2048 1
11210 W 22958080 2048 1
11211 W 22960128 2048 1
11212 W 22962176 2048 1
11213 W 22964224 2048 1
11214 W 22966272 2048 1
11215 W 22968320 2048 1
11216 W 22970368 2048 1
11217 W 22972416 2048 1
11218 W 22974464 2048 1
11219 W 22976512 2048 1
11220 W 22978560 2048 1
11221 W 22980608 2048 1
11222 W 22982656 2048 1
11223 W 22984704 2048 1
11224 W 22986752 2048 1
11225 W 22988800 2048 1
11226 W 22990848 2048 1
11227 W 22992896 2048 1
11228 W 22994944 2048 1
11229 W 22996992 2048 1
11230 W 22999040 2048 1
11231 W 23001088 2048 1
11232 W 23003136 2048 1
11233 W 23005184 2048 1
11234 W 23007232 2048 1
11235 W 23009280 2048 1
11236 W 23011328 2048 1
11237 W 23013376 2048 1
11238 W 23015424 2048 1
11239 W 23017472 2048 1
11240 W 23019520 2048 1
11241 W 23021568 2048 1
11242 W 23023616 2048 1
11243 W 23025664 2048 1
11244 W 23027712 2048 1
11245 W 23029760 2048 1
11246 W 23031808 2048 1
11247 W 23033856 2048 1
11248 W 23035904 2048 1
11249 W 23037952 2048 1
11250 W 23040000 2048 1
11251 W 23042048 2048 1
11252 W 23044096 2048 1
11253 W 23046144 2048 1
11254 W 23048192 2048 1
11255 W 23050240 2048 1
11256 W 23052288 2048 1
11257 W 23054336 2048 1
11258 W 23056384 2048 1
11259 W 23058432 2048 1
11260 W 23060480 2048 1
11261 W 23062528 2048 1
11262 W 23064576 2048 1
11263 W 23066624 2048 1
11264 W 23068672 2048 1
11265 W 23070720 2048 1
11266 W 23072768 2048 1
11267 W 23074816 2048 1
11268 W 23076864 2048 1
11269 W 23078912 2048 1
11270 W 23080960 2048 1
11271 W 23083008 2048 1
11272 W 23085056 2048 1
11273 W 23087104 2048 1
11274 W 23089152 2048 1
11275 W 23091200 2048 1
11276 W 23093248 2048 1
11277 W 23095296 2048 1
11278 W 23097344 2048 1
11279 W 23099392 2048 1
11280 W 23101440 2048 1
11281 W 23103488 2048 1
11282 W 23105536 2048 1
11283 W 23107584 2048 1
11284 W 23109632 2048 1
11285 W 23111680 2048 1
11286 W 23113728 2048 1
11287 W 23115776 2048 1
11288 W 23117824 2048 1
11289 W 23119872 2048 1
11290 W 23121920 2048 1
11291 W 23123968 2048 1
11292 W 23126016 2048 1
11293 W 23128064 2048 1
11294 W 23130112 2048 1
11295 W 23132160 2048 1
11296 W 23134208 2048 1
11297 W 23136256 2048 1
11298 W 23138304 2048 1
11299 W 23140352 2048 1
11300 W 23142400 2048 1
11301 W 23144448 2048 1
11302 W 23146496 2048 1
11303 W 23148544 2048 1
11304 W 23150592 2048 1
11305 W 23152640 2048 1
11306 W 23154688 2048 1
11307 W 23156736 2048 1
11308 W 23158784 2048 1
11309 W 23160832 2048 1
11310 W 23162880 2048 1
11311 W 23164928 2048 1
11312 W 23166976 2048 1
11313 W 23169024 2048 1
11314 W 23171072 2048 1
11315 W 23173120 2048 1
11316 W 23175168 2048 1
11317 W 23177216 2048 1
11318 W 23179264 2048 1
11319 W 23181312 2048 1
11320 W 23183360 2048 1
11321 W 23185408 2048 1
11322 W 23187456 2048 1
11323 W 23189504 2048 1
11324 W 23191552 2048 1
11325 W 23193600 2048 1
11326 W 23195648 2048 1
11327 W 23197696 2048 1
11328 W 23199744 2048 1
11329 W 23201792 2048 1
11330 W 23203840 2048 1
11331 W 23205888 2048 1
11332 W 23207936 2048 1
11333 W 23209984 2048 1
11334 W 23212032 2048 1
11335 W 23214080 2048 1
11336 W 23216128 2048 1
11337 W 23218176 2048 1
11338 W 23220224 2048 1
11339 W 23222272 2048 1
11340 W 23224320 2048 1
11341 W 23226368 2048 1
11342 W 23228416 2048 1
11343 W 23230464 2048 1
11344 W 23232512 2048 1
11345 W 23234560 2048 1
11346 W 23236608 2048 1
11347 W 23238656 2048 1
11348 W 23240704 2048 1
11349 W 23242752 2048 1
11350 W 23244800 2048 1
11351 W 23246848 2048 1
11352 W 23248896 2048 1
11353 W 23250944 2048 1
11354 W 23252992 2048 1
11355 W 23255040 2048 1
11356 W 23257088 2048 1
11357 W 23259136 2048 1
11358 W 23261184 2048 1
11359 W 23263232 2048 1
11360 W 23265280 2048 1
11361 W 23267328 2048 1
11362 W 23269376 2048 1
11363 W 23271424 2048 1
11364 W 23273472 2048 1
11365 W 23275520 2048 1
11366 W 23277568 2048 1
11367 W 23279616 2048 1
11368 W 23281664 2048 1
11369 W 23283712 2048 1
11370 W 23285760 2048 1
11371 W 23287808 2048 1
11372 W 23289856 2048 1
11373 W 23291904 2048 1
11374 W 23293952 2048 1
11375 W 23296000 2048 1
11376 W 23298048 2048 1
11377 W 23300096 2048 1
11378 W 23302144 2048 1
11379 W 23304192 2048 1
11380 W 23306240 2048 1
11381 W 23308288 2048 1
11382 W 23310336 2048 1
11383 W 23312384 2048 1
11384 W 23314432 2048 1
11385 W 23316480 2048 1
11386 W 23318528 2048 1
11387 W 23320576 2048 1
11388 W 23322624 2048 1
11389 W 23324672 2048 1
11390 W 23326720 2048 1
11391 W 23328768 2048 1
11392 W 23330816 2048 1
11393 W 23332864 2048 1
11394 W 23334912 2048 1
11395 W 23336960 2048 1
11396 W 23339008 2048 1
11397 W 23341056 2048 1
11398 W 23343104 2048 1
11399 W 23345152 2048 1
11400 W 23347200 2048 1
11401 W 23349248 2048 1
11402 W 23351296 2048 1
11403 W 23353344 2048 1
11404 W 23355392 2048 1
11405 W 23357440 2048 1
11406 W 23359488 2048 1
11407 W 23361536 2048 1
11408 W 23363584 2048 1
11409 W 23365632 2048 1
11410 W 23367680 2048 1
11411 W 23369728 2048 1
11412 W 23371776 2048 1
11413 W 23373824 2048 1
11414 W 23375872 2048 1
11415 W 23377920 2048 1
11416 W 23379968 2048 1
11417 W 23382016 2048 1
11418 W 23384064 2048 1
11419 W 23386112 2048 1
11420 W 23388160 2048 1
11421 W 23390208 2048 1
11422 W 23392256 2048 1
11423 W 23394304 2048 1
11424 W 23396352 2048 1
11425 W 23398400 2048 1
11426 W 23400448 2048 1
11427 W 23402496 2048 1
11428 W 23404544 2048 1
11429 W 23406592 2048 1
11430 W 23408640 2048 1
11431 W 23410688 2048 1
11432 W 23412736 2048 1
11433 W 23414784 2048 1
11434 W 23416832 2048 1
11435 W 23418880 2048 1
11436 W 23420928 2048 1
11437 W 23422976 2048 1
11438 W 23425024 2048 1
11439 W 23427072 2048 1
11440 W 23429120 2048 1
11441 W 23431168 2048 1
11442 W 23433216 2048 1
11443 W 23435264 2048 1
11444 W 23437312 2048 1
11445 W 23439360 2048 1
11446 W 23441408 2048 1
11447 W 23443456 2048 1
11448 W 23445504 2048 1
11449 W 23447552 2048 1
11450 W 23449600 2048 1
11451 W 23451648 2048 1
11452 W 23453696 2048 1
11453 W 23455744 2048 1
11454 W 23457792 2048 1
11455 W 23459840 2048 1
11456 W 23461888 2048 1
11457 W 23463936 2048 1
11458 W 23465984 2048 1
11459 W 23468032 2048 1
11460 W 23470080 2048 1
11461 W 23472128 2048 1
11462 W 23474176 2048 1
11463 W 23476224 2048 1
11464 W 23478272 2048 1
11465 W 23480320 2048 1
11466 W 23482368 2048 1
11467 W 23484416 2048 1
11468 W 23486464 2048 1
11469 W 23488512 2048 1
11470 W 23490560 2048 1
11471 W 23492608 2048 1
11472 W 23494656 2048 1
11473 W 23496704 2048 1
11474 W 23498752 2048 1
11475 W 23500800 2048 1
11476 W 23502848 2048 1
11477 W 23504896 2048 1
11478 W 23506944 2048 1
11479 W 23508992 2048 1
11480 W 23511040 2048 1
11481 W 23513088 2048 1
11482 W 23515136 2048 1
11483 W 23517184 2048 1
11484 W 23519232 2048 1
11485 W 23521280 2048 1
11486 W 23523328 2048 1
11487 W 23525376 2048 1
11488 W 23527424 2048 1
11489 W 23529472 2048 1
11490 W 23531520 2048 1
11491 W 23533568 2048 1
11492 W 23535616 2048 1
11493 W 23537664 2048 1
11494 W 23539712 2048 1
11495 W 23541760 2048 1
11496 W 23543808 2048 1
11497 W 23545856 2048 1
11498 W 23547904 2048 1
11499 W 23549952 2048 1
11500 W 23552000 2048 1
11501 W 23554048 2048 1
11502 W 23556096 2048 1
11503 W 23558144 2048 1
11504 W 23560192 2048 1
11505 W 23562240 2048 1
11506 W 23564288 2048 1
11507 W 23566336 2048 1
11508 W 23568384 2048 1
11509 W 23570432 2048 1
11510 W 23572480 2048 1
11511 W 23574528 2048 1
11512 W 23576576 2048 1
11513 W 23578624 2048 1
11514 W 23580672 2048 1
11515 W 23582720 2048 1
11516 W 23584768 2048 1
11517 W 23586816 2048 1
11518 W 23588864 2048 1
11519 W 23590912 2048 1
11520 W 23592960 2048 1
11521 W 23595008 2048 1
11522 W 23597056 2048 1
11523 W 23599104 2048 1
11524 W 23601152 2048 1
11525 W 23603200 2048 1
11526 W 23605248 2048 1
11527 W 23607296 2048 1
11528 W 23609344 2048 1
11529 W 23611392 2048 1
11530 W 23613440 2048 1
11531 W 23615488 2048 1
11532 W 23617536 2048 1
11533 W 23619584 2048 1
11534 W 23621632 2048 1
11535 W 23623680 2048 1
11536 W 23625728 2048 1
11537 W 23627776 2048 1
11538 W 23629824 2048 1
11539 W 23631872 2048 1
11540 W 23633920 2048 1
11541 W 23635968 2048 1
11542 W 23638016 2048 1
11543 W 23640064 2048 1
11544 W 23642112 2048 1
11545 W 23644160 2048 1
11546 W 23646208 2048 1
11547 W 23648256 2048 1
11548 W 23650304 2048 1
11549 W 23652352 2048 1
11550 W 23654400 2048 1
11551 W 23656448 2048 1
11552 W 23658496 2048 1
11553 W 23660544 2048 1
11554 W 23662592 2048 1
11555 W 23664640 2048 1
11556 W 23666688 2048 1
11557 W 23668736 2048 1
11558 W 23670784 2048 1
11559 W 23672832 2048 1
11560 W 23674880 2048 1
11561 W 23676928 2048 1
11562 W 23678976 2048 1
11563 W 23681024 2048 1
11564 W 23683072 2048 1
11565 W 23685120 2048 1
11566 W 23687168 2048 1
11567 W 23689216 2048 1
11568 W 23691264 2048 1
11569 W 23693312 2048 1
11570 W 23695360 2048 1
11571 W 23697408 2048 1
11572 W 23699456 2048 1
11573 W 23701504 2048 1
11574 W 23703552 2048 1
11575 W 23705600 2048 1
11576 W 23707648 2048 1
11577 W 23709696 2048 1
11578 W 23711744 2048 1
11579 W 23713792 2048 1
11580 W 23715840 2048 1
11581 W 23717888 2048 1
11582 W 23719936 2048 1
11583 W 23721984 2048 1
11584 W 23724032 2048 1
11585 W 23726080 2048 1
11586 W 23728128 2048 1
11587 W 23730176 2048 1
11588 W 23732224 2048 1
11589 W 23734272 2048 1
11590 W 23736320 2048 1
11591 W 23738368 2048 1
11592 W 23740416 2048 1
11593 W 23742464 2048 1
11594 W 23744512 2048 1
11595 W 23746560 2048 1
11596 W 23748608 2048 1
11597 W 23750656 2048 1
11598 W 23752704 2048 1
11599 W 23754752 2048 1
11600 W 23756800 2048 1
11601 W 23758848 2048 1
11602 W 23760896 2048 1
11603 W 23762944 2048 1
11604 W 23764992 2048 1
11605 W 23767040 2048 1
11606 W 23769088 2048 1
11607 W 23771136 2048 1
11608 W 23773184 2048 1
11609 W 23775232 2048 1
11610 W 23777280 2048 1
11611 W 23779328 2048 1
11612 W 23781376 2048 1
11613 W 23783424 2048 1
11614 W 23785472 2048 1
11615 W 23787520 2048 1
11616 W 23789568 2048 1
11617 W 23791616 2048 1
11618 W 23793664 2048 1
11619 W 23795712 2048 1
11620 W 23797760 2048 1
11621 W 23799808 2048 1
11622 W 23801856 2048 1
11623 W 23803904 2048 1
11624 W 23805952 2048 1
11625 W 23808000 2048 1
11626 W 23810048 2048 1
11627 W 23812096 2048 1
11628 W 23814144 2048 1
11629 W 23816192 2048 1
11630 W 23818240 2048 1
11631 W 23820288 2048 1
11632 W 23822336 2048 1
11633 W 23824384 2048 1
11634 W 23826432 2048 1
11635 W 23828480 2048 1
11636 W 23830528 2048 1
11637 W 23832576 2048 1
11638 W 23834624 2048 1
11639 W 23836672 2048 1
11640 W 23838720 2048 1
11641 W 23840768 2048 1
11642 W 23842816 2048 1
11643 W 23844864 2048 1
11644 W 23846912 2048 1
11645 W 23848960 2048 1
11646 W 23851008 2048 1
11647 W 23853056 2048 1
11648 W 23855104 2048 1
11649 W 23857152 2048 1
11650 W 23859200 2048 1
11651 W 23861248 2048 1
11652 W 23863296 2048 1
11653 W 23865344 2048 1
11654 W 23867392 2048 1
11655 W 23869440 2048 1
11656 W 23871488 2048 1
11657 W 23873536 2048 1
11658 W 23875584 2048 1
11659 W 23877632 2048 1
11660 W 23879680 2048 1
11661 W 23881728 2048 1
11662 W 23883776 2048 1
11663 W 23885824 2048 1
11664 W 23887872 2048 1
11665 W 23889920 2048 1
11666 W 23891968 2048 1
11667 W 23894016 2048 1
11668 W 23896064 2048 1
11669 W 23898112 2048 1
11670 W 23900160 2048 1
11671 W 23902208 2048 1
11672 W 23904256 2048 1
11673 W 23906304 2048 1
11674 W 23908352 2048 1
11675 W 23910400 2048 1
11676 W 23912448 2048 1
11677 W 23914496 2048 1
11678 W 23916544 2048 1
11679 W 23918592 2048 1
11680 W 23920640 2048 1
11681 W 23922688 2048 1
11682 W 23924736 2048 1
11683 W 23926784 2048 1
11684 W 23928832 2048 1
11685 W 23930880 2048 1
11686 W 23932928 2048 1
11687 W 23934976 2048 1
11688 W 23937024 2048 1
11689 W 23939072 2048 1
11690 W 23941120 2048 1
11691 W 23943168 2048 1
11692 W 23945216 2048 1
11693 W 23947264 2048 1
11694 W 23949312 2048 1
11695 W 23951360 2048 1
11696 W 23953408 2048 1
11697 W 23955456 2048 1
11698 W 23957504 2048 1
11699 W 23959552 2048 1
11700 W 23961600 2048 1
11701 W 23963648 2048 1
11702 W 23965696 2048 1
11703 W 23967744 2048 1
11704 W 23969792 2048 1
11705 W 23971840 2048 1
11706 W 23973888 2048 1
11707 W 23975936 2048 1
11708 W 23977984 2048 1
11709 W 23980032 2048 1
11710 W 23982080 2048 1
11711 W 23984128 2048 1
11712 W 23986176 2048 1
11713 W 23988224 2048 1
11714 W 23990272 2048 1
11715 W 23992320 2048 1
11716 W 23994368 2048 1
11717 W 23996416 2048 1
11718 W 23998464 2048 1
11719 W 24000512 2048 1
11720 W 24002560 2048 1
11721 W 24004608 2048 1
11722 W 24006656 2048 1
11723 W 24008704 2048 1
11724 W 24010752 2048 1
11725 W 24012800 2048 1
11726 W 24014848 2048 1
11727 W 24016896 2048 1
11728 W 24018944 2048 1
11729 W 24020992 2048 1
11730 W 24023040 2048 1
11731 W 24025088 2048 1
11732 W 24027136 2048 1
11733 W 24029184 2048 1
11734 W 24031232 2048 1
11735 W 24033280 2048 1
11736 W 24035328 2048 1
11737 W 24037376 2048 1
11738 W 24039424 2048 1
11739 W 24041472 2048 1
11740 W 24043520 2048 1
11741 W 24045568 2048 1
11742 W 24047616 2048 1
11743 W 24049664 2048 1
11744 W 24051712 2048 1
11745 W 24053760 2048 1
11746 W 24055808 2048 1
11747 W 24057856 2048 1
11748 W 24059904 2048 1
11749 W 24061952 2048 1
11750 W 24064000 2048 1
11751 W 24066048 2048 1
11752 W 24068096 2048 1
11753 W 24070144 2048 1
11754 W 24072192 2048 1
11755 W 24074240 2048 1
11756 W 24076288 2048 1
11757 W 24078336 2048 1
11758 W 24080384 2048 1
11759 W 24082432 2048 1
11760 W 24084480 2048 1
11761 W 24086528 2048 1
11762 W 24088576 2048 1
11763 W 24090624 2048 1
11764 W 24092672 2048 1
11765 W 24094720 2048 1
11766 W 24096768 2048 1
11767 W 24098816 2048 1
11768 W 24100864 2048 1
11769 W 24102912 2048 1
11770 W 24104960 2048 1
11771 W 24107008 2048 1
11772 W 24109056 2048 1
11773 W 24111104 2048 1
11774 W 24113152 2048 1
11775 W 24115200 2048 1
11776 W 24117248 2048 1
11777 W 24119296 2048 1
11778 W 24121344 2048 1
11779 W 24123392 2048 1
11780 W 24125440 2048 1
11781 W 24127488 2048 1
11782 W 24129536 2048 1
11783 W 24131584 2048 1
11784 W 24133632 2048 1
11785 W 24135680 2048 1
11786 W 24137728 2048 1
11787 W 24139776 2048 1
11788 W 24141824 2048 1
11789 W 24143872 2048 1
11790 W 24145920 2048 1
11791 W 24147968 2048 1
11792 W 24150016 2048 1
11793 W 24152064 2048 1
11794 W 24154112 2048 1
11795 W 24156160 2048 1
11796 W 24158208 2048 1
11797 W 24160256 2048 1
11798 W 24162304 2048 1
11799 W 24164352 2048 1
11800 W 24166400 2048 1
11801 W 24168448 2048 1
11802 W 24170496 2048 1
11803 W 24172544 2048 1
11804 W 24174592 2048 1
11805 W 24176640 2048 1
11806 W 24178688 2048 1
11807 W 24180736 2048 1
11808 W 24182784 2048 1
11809 W 24184832 2048 1
11810 W 24186880 2048 1
11811 W 24188928 2048 1
11812 W 24190976 2048 1
11813 W 24193024 2048 1
11814 W 24195072 2048 1
11815 W 24197120 2048 1
11816 W 24199168 2048 1
11817 W 24201216 2048 1
11818 W 24203264 2048 1
11819 W 24205312 2048 1
11820 W 24207360 2048 1
11821 W 24209408 2048 1
11822 W 24211456 2048 1
11823 W 24213504 2048 1
11824 W 24215552 2048 1
11825 W 24217600 2048 1
11826 W 24219648 2048 1
11827 W 24221696 2048 1
11828 W 24223744 2048 1
11829 W 24225792 2048 1
11830 W 24227840 2048 1
11831 W 24229888 2048 1
11832 W 24231936 2048 1
11833 W 24233984 2048 1
11834 W 24236032 2048 1
11835 W 24238080 2048 1
11836 W 24240128 2048 1
11837 W 24242176 2048 1
11838 W 24244224 2048 1
11839 W 24246272 2048 1
11840 W 24248320 2048 1
11841 W 24250368 2048 1
11842 W 24252416 2048 1
11843 W 24254464 2048 1
11844 W 24256512 2048 1
11845 W 24258560 2048 1
11846 W 24260608 2048 1
11847 W 24262656 2048 1
11848 W 24264704 2048 1
11849 W 24266752 2048 1
11850 W 24268800 2048 1
11851 W 24270848 2048 1
11852 W 24272896 2048 1
11853 W 24274944 2048 1
11854 W 24276992 2048 1
11855 W 24279040 2048 1
11856 W 24281088 2048 1
11857 W 24283136 2048 1
11858 W 24285184 2048 1
11859 W 24287232 2048 1
11860 W 24289280 2048 1
11861 W 24291328 2048 1
11862 W 24293376 2048 1
11863 W 24295424 2048 1
11864 W 24297472 2048 1
11865 W 24299520 2048 1
11866 W 24301568 2048 1
11867 W 24303616 2048 1
11868 W 24305664 2048 1
11869 W 24307712 2048 1
11870 W 24309760 2048 1
11871 W 24311808 2048 1
11872 W 24313856 2048 1
11873 W 24315904 2048 1
11874 W 24317952 2048 1
11875 W 24320000 2048 1
11876 W 24322048 2048 1
11877 W 24324096 2048 1
11878 W 24326144 2048 1
11879 W 24328192 2048 1
11880 W 24330240 2048 1
11881 W 24332288 2048 1
11882 W 24334336 2048 1
11883 W 24336384 2048 1
11884 W 24338432 2048 1
11885 W 24340480 2048 1
11886 W 24342528 2048 1
11887 W 24344576 2048 1
11888 W 24346624 2048 1
11889 W 24348672 2048 1
11890 W 24350720 2048 1
11891 W 24352768 2048 1
11892 W 24354816 2048 1
11893 W 24356864 2048 1
11894 W 24358912 2048 1
11895 W 24360960 2048 1
11896 W 24363008 2048 1
11897 W 24365056 2048 1
11898 W 24367104 2048 1
11899 W 24369152 2048 1
11900 W 24371200 2048 1
11901 W 24373248 2048 1
11902 W 24375296 2048 1
11903 W 24377344 2048 1
11904 W 24379392 2048 1
11905 W 24381440 2048 1
11906 W 24383488 2048 1
11907 W 24385536 2048 1
11908 W 24387584 2048 1
11909 W 24389632 2048 1
11910 W 24391680 2048 1
11911 W 24393728 2048 1
11912 W 24395776 2048 1
11913 W 24397824 2048 1
11914 W 24399872 2048 1
11915 W 24401920 2048 1
11916 W 24403968 2048 1
11917 W 24406016 2048 1
11918 W 24408064 2048 1
11919 W 24410112 2048 1
11920 W 24412160 2048 1
11921 W 24414208 2048 1
11922 W 24416256 2048 1
11923 W 24418304 2048 1
11924 W 24420352 2048 1
11925 W 24422400 2048 1
11926 W 24424448 2048 1
11927 W 24426496 2048 1
11928 W 24428544 2048 1
11929 W 24430592 2048 1
11930 W 24432640 2048 1
11931 W 24434688 2048 1
11932 W 24436736 2048 1
11933 W 24438784 2048 1
11934 W 24440832 2048 1
11935 W 24442880 2048 1
11936 W 24444928 2048 1
11937 W 24446976 2048 1
11938 W 24449024 2048 1
11939 W 24451072 2048 1
11940 W 24453120 2048 1
11941 W 24455168 2048 1
11942 W 24457216 2048 1
11943 W 24459264 2048 1
11944 W 24461312 2048 1
11945 W 24463360 2048 1
11946 W 24465408 2048 1
11947 W 24467456 2048 1
11948 W 24469504 2048 1
11949 W 24471552 2048 1
11950 W 24473600 2048 1
11951 W 24475648 2048 1
11952 W 24477696 2048 1
11953 W 24479744 2048 1
11954 W 24481792 2048 1
11955 W 24483840 2048 1
11956 W 24485888 2048 1
11957 W 24487936 2048 1
11958 W 24489984 2048 1
11959 W 24492032 2048 1
11960 W 24494080 2048 1
11961 W 24496128 2048 1
11962 W 24498176 2048 1
11963 W 24500224 2048 1
11964 W 24502272 2048 1
11965 W 24504320 2048 1
11966 W 24506368 2048 1
11967 W 24508416 2048 1
11968 W 24510464 2048 1
11969 W 24512512 2048 1
11970 W 24514560 2048 1
11971 W 24516608 2048 1
11972 W 24518656 2048 1
11973 W 24520704 2048 1
11974 W 24522752 2048 1
11975 W 24524800 2048 1
11976 W 24526848 2048 1
11977 W 24528896 2048 1
11978 W 24530944 2048 1
11979 W 24532992 2048 1
11980 W 24535040 2048 1
11981 W 24537088 2048 1
11982 W 24539136 2048 1
11983 W 24541184 2048 1
11984 W 24543232 2048 1
11985 W 24545280 2048 1
11986 W 24547328 2048 1
11987 W 24549376 2048 1
11988 W 24551424 2048 1
11989 W 24553472 2048 1
11990 W 24555520 2048 1
11991 W 24557568 2048 1
11992 W 24559616 2048 1
11993 W 24561664 2048 1
11994 W 24563712 2048 1
11995 W 24565760 2048 1
11996 W 24567808 2048 1
11997 W 24569856 2048 1
11998 W 24571904 2048 1
11999 W 24573952 2048 1
12000 W 24576000 2048 1
12001 W 24578048 2048 1
12002 W 24580096 2048 1
12003 W 24582144 2048 1
12004 W 24584192 2048 1
12005 W 24586240 2048 1
12006 W 24588288 2048 1
12007 W 24590336 2048 1
12008 W 24592384 2048 1
12009 W 24594432 2048 1
12010 W 24596480 2048 1
12011 W 24598528 2048 1
12012 W 24600576 2048 1
12013 W 24602624 2048 1
12014 W 24604672 2048 1
12015 W 24606720 2048 1
12016 W 24608768 2048 1
12017 W 24610816 2048 1
12018 W 24612864 2048 1
12019 W 24614912 2048 1
12020 W 24616960 2048 1
12021 W 24619008 2048 1
12022 W 24621056 2048 1
12023 W 24623104 2048 1
12024 W 24625152 2048 1
12025 W 24627200 2048 1
12026 W 24629248 2048 1
12027 W 24631296 2048 1
12028 W 24633344 2048 1
12029 W 24635392 2048 1
12030 W 24637440 2048 1
12031 W 24639488 2048 1
12032 W 24641536 2048 1
12033 W 24643584 2048 1
12034 W 24645632 2048 1
12035 W 24647680 2048 1
12036 W 24649728 2048 1
12037 W 24651776 2048 1
12038 W 24653824 2048 1
12039 W 24655872 2048 1
12040 W 24657920 2048 1
12041 W 24659968 2048 1
12042 W 24662016 2048 1
12043 W 24664064 2048 1
12044 W 24666112 2048 1
12045 W 24668160 2048 1
12046 W 24670208 2048 1
12047 W 24672256 2048 1
12048 W 24674304 2048 1
12049 W 24676352 2048 1
12050 W 24678400 2048 1
12051 W 24680448 2048 1
12052 W 24682496 2048 1
12053 W 24684544 2048 1
12054 W 24686592 2048 1
12055 W 24688640 2048 1
12056 W 24690688 2048 1
12057 W 24692736 2048 1
12058 W 24694784 2048 1
12059 W 24696832 2048 1
12060 W 24698880 2048 1
12061 W 24700928 2048 1
12062 W 24702976 2048 1
12063 W 24705024 2048 1
12064 W 24707072 2048 1
12065 W 24709120 2048 1
12066 W 24711168 2048 1
12067 W 24713216 2048 1
12068 W 24715264 2048 1
12069 W 24717312 2048 1
12070 W 24719360 2048 1
12071 W 24721408 2048 1
12072 W 24723456 2048 1
12073 W 24725504 2048 1
12074 W 24727552 2048 1
12075 W 24729600 2048 1
12076 W 24731648 2048 1
12077 W 24733696 2048 1
12078 W 24735744 2048 1
12079 W 24737792 2048 1
12080 W 24739840 2048 1
12081 W 24741888 2048 1
12082 W 24743936 2048 1
12083 W 24745984 2048 1
12084 W 24748032 2048 1
12085 W 24750080 2048 1
12086 W 24752128 2048 1
12087 W 24754176 2048 1
12088 W 24756224 2048 1
12089 W 24758272 2048 1
12090 W 24760320 2048 1
12091 W 24762368 2048 1
12092 W 24764416 2048 1
12093 W 24766464 2048 1
12094 W 24768512 2048 1
12095 W 24770560 2048 1
12096 W 24772608 2048 1
12097 W 24774656 2048 1
12098 W 24776704 2048 1
12099 W 24778752 2048 1
12100 W 24780800 2048 1
12101 W 24782848 2048 1
12102 W 24784896 2048 1
12103 W 24786944 2048 1
12104 W 24788992 2048 1
12105 W 24791040 2048 1
12106 W 24793088 2048 1
12107 W 24795136 2048 1
12108 W 24797184 2048 1
12109 W 24799232 2048 1
12110 W 24801280 2048 1
12111 W 24803328 2048 1
12112 W 24805376 2048 1
12113 W 24807424 2048 1
12114 W 24809472 2048 1
12115 W 24811520 2048 1
12116 W 24813568 2048 1
12117 W 24815616 2048 1
12118 W 24817664 2048 1
12119 W 24819712 2048 1
12120 W 24821760 2048 1
12121 W 24823808 2048 1
12122 W 24825856 2048 1
12123 W 24827904 2048 1
12124 W 24829952 2048 1
12125 W 24832000 2048 1
12126 W 24834048 2048 1
12127 W 24836096 2048 1
12128 W 24838144 2048 1
12129 W 24840192 2048 1
12130 W 24842240 2048 1
12131 W 24844288 2048 1
12132 W 24846336 2048 1
12133 W 24848384 2048 1
12134 W 24850432 2048 1
12135 W 24852480 2048 1
12136 W 24854528 2048 1
12137 W 24856576 2048 1
12138 W 24858624 2048 1
12139 W 24860672 2048 1
12140 W 24862720 2048 1
12141 W 24864768 2048 1
12142 W 24866816 2048 1
12143 W 24868864 2048 1
12144 W 24870912 2048 1
12145 W 24872960 2048 1
12146 W 24875008 2048 1
12147 W 24877056 2048 1
12148 W 24879104 2048 1
12149 W 24881152 2048 1
12150 W 24883200 2048 1
12151 W 24885248 2048 1
12152 W 24887296 2048 1
12153 W 24889344 2048 1
12154 W 24891392 2048 1
12155 W 24893440 2048 1
12156 W 24895488 2048 1
12157 W 24897536 2048 1
12158 W 24899584 2048 1
12159 W 24901632 2048 1
12160 W 24903680 2048 1
12161 W 24905728 2048 1
12162 W 24907776 2048 1
12163 W 24909824 2048 1
12164 W 24911872 2048 1
12165 W 24913920 2048 1
12166 W 24915968 2048 1
12167 W 24918016 2048 1
12168 W 24920064 2048 1
12169 W 24922112 2048 1
12170 W 24924160 2048 1
12171 W 24926208 2048 1
12172 W 24928256 2048 1
12173 W 24930304 2048 1
12174 W 24932352 2048 1
12175 W 24934400 2048 1
12176 W 24936448 2048 1
12177 W 24938496 2048 1
12178 W 24940544 2048 1
12179 W 24942592 2048 1
12180 W 24944640 2048 1
12181 W 24946688 2048 1
12182 W 24948736 2048 1
12183 W 24950784 2048 1
12184 W 24952832 2048 1
12185 W 24954880 2048 1
12186 W 24956928 2048 1
12187 W 24958976 2048 1
12188 W 24961024 2048 1
12189 W 24963072 2048 1
12190 W 24965120 2048 1
12191 W 24967168 2048 1
12192 W 24969216 2048 1
12193 W 24971264 2048 1
12194 W 24973312 2048 1
12195 W 24975360 2048 1
12196 W 24977408 2048 1
12197 W 24979456 2048 1
12198 W 24981504 2048 1
12199 W 24983552 2048 1
12200 W 24985600 2048 1
12201 W 24987648 2048 1
12202 W 24989696 2048 1
12203 W 24991744 2048 1
12204 W 24993792 2048 1
12205 W 24995840 2048 1
12206 W 24997888 2048 1
12207 W 24999936 2048 1
12208 W 25001984 2048 1
12209 W 25004032 2048 1
12210 W 25006080 2048 1
12211 W 25008128 2048 1
12212 W 25010176 2048 1
12213 W 25012224 2048 1
12214 W 25014272 2048 1
12215 W 25016320 2048 1
12216 W 25018368 2048 1
12217 W 25020416 2048 1
12218 W 25022464 2048 1
12219 W 25024512 2048 1
12220 W 25026560 2048 1
12221 W 25028608 2048 1
12222 W 25030656 2048 1
12223 W 25032704 2048 1
12224 W 25034752 2048 1
12225 W 25036800 2048 1
12226 W 25038848 2048 1
12227 W 25040896 2048 1
12228 W 25042944 2048 1
12229 W 25044992 2048 1
12230 W 25047040 2048 1
12231 W 25049088 2048 1
12232 W 25051136 2048 1
12233 W 25053184 2048 1
12234 W 25055232 2048 1
12235 W 25057280 2048 1
12236 W 25059328 2048 1
12237 W 25061376 2048 1
12238 W 25063424 2048 1
12239 W 25065472 2048 1
12240 W 25067520 2048 1
12241 W 25069568 2048 1
12242 W 25071616 2048 1
12243 W 25073664 2048 1
12244 W 25075712 2048 1
12245 W 25077760 2048 1
12246 W 25079808 2048 1
12247 W 25081856 2048 1
12248 W 25083904 2048 1
12249 W 25085952 2048 1
12250 W 25088000 2048 1
12251 W 25090048 2048 1
12252 W 25092096 2048 1
12253 W 25094144 2048 1
12254 W 25096192 2048 1
12255 W 25098240 2048 1
12256 W 25100288 2048 1
12257 W 25102336 2048 1
12258 W 25104384 2048 1
12259 W 25106432 2048 1
12260 W 25108480 2048 1
12261 W 25110528 2048 1
12262 W 25112576 2048 1
12263 W 25114624 2048 1
12264 W 25116672 2048 1
12265 W 25118720 2048 1
12266 W 25120768 2048 1
12267 W 25122816 2048 1
12268 W 25124864 2048 1
12269 W 25126912 2048 1
12270 W 25128960 2048 1
12271 W 25131008 2048 1
12272 W 25133056 2048 1
12273 W 25135104 2048 1
12274 W 25137152 2048 1
12275 W 25139200 2048 1
12276 W 25141248 2048 1
12277 W 25143296 2048 1
12278 W 25145344 2048 1
12279 W 25147392 2048 1
12280 W 25149440 2048 1
12281 W 25151488 2048 1
12282 W 25153536 2048 1
12283 W 25155584 2048 1
12284 W 25157632 2048 1
12285 W 25159680 2048 1
12286 W 25161728 2048 1
12287 W 25163776 2048 1
12288 W 25165824 2048 1
12289 W 25167872 2048 1
12290 W 25169920 2048 1
12291 W 25171968 2048 1
12292 W 25174016 2048 1
12293 W 25176064 2048 1
12294 W 25178112 2048 1
12295 W 25180160 2048 1
12296 W 25182208 2048 1
12297 W 25184256 2048 1
12298 W 25186304 2048 1
12299 W 25188352 2048 1
12300 W 25190400 2048 1
12301 W 25192448 2048 1
12302 W 25194496 2048 1
12303 W 25196544 2048 1
12304 W 25198592 2048 1
12305 W 25200640 2048 1
12306 W 25202688 2048 1
12307 W 25204736 2048 1
12308 W 25206784 2048 1
12309 W 25208832 2048 1
12310 W 25210880 2048 1
12311 W 25212928 2048 1
12312 W 25214976 2048 1
12313 W 25217024 2048 1
12314 W 25219072 2048 1
12315 W 25221120 2048 1
12316 W 25223168 2048 1
12317 W 25225216 2048 1
12318 W 25227264 2048 1
12319 W 25229312 2048 1
12320 W 25231360 2048 1
12321 W 25233408 2048 1
12322 W 25235456 2048 1
12323 W 25237504 2048 1
12324 W 25239552 2048 1
12325 W 25241600 2048 1
12326 W 25243648 2048 1
12327 W 25245696 2048 1
12328 W 25247744 2048 1
12329 W 25249792 2048 1
12330 W 25251840 2048 1
12331 W 25253888 2048 1
12332 W 25255936 2048 1
12333 W 25257984 2048 1
12334 W 25260032 2048 1
12335 W 25262080 2048 1
12336 W 25264128 2048 1
12337 W 25266176 2048 1
12338 W 25268224 2048 1
12339 W 25270272 2048 1
12340 W 25272320 2048 1
12341 W 25274368 2048 1
12342 W 25276416 2048 1
12343 W 25278464 2048 1
12344 W 25280512 2048 1
12345 W 25282560 2048 1
12346 W 25284608 2048 1
12347 W 25286656 2048 1
12348 W 25288704 2048 1
12349 W 25290752 2048 1
12350 W 25292800 2048 1
12351 W 25294848 2048 1
12352 W 25296896 2048 1
12353 W 25298944 2048 1
12354 W 25300992 2048 1
12355 W 25303040 2048 1
12356 W 25305088 2048 1
12357 W 25307136 2048 1
12358 W 25309184 2048 1
12359 W 25311232 2048 1
12360 W 25313280 2048 1
12361 W 25315328 2048 1
12362 W 25317376 2048 1
12363 W 25319424 2048 1
12364 W 25321472 2048 1
12365 W 25323520 2048 1
12366 W 25325568 2048 1
12367 W 25327616 2048 1
12368 W 25329664 2048 1
12369 W 25331712 2048 1
12370 W 25333760 2048 1
12371 W 25335808 2048 1
12372 W 25337856 2048 1
12373 W 25339904 2048 1
12374 W 25341952 2048 1
12375 W 25344000 2048 1
12376 W 25346048 2048 1
12377 W 25348096 2048 1
12378 W 25350144 2048 1
12379 W 25352192 2048 1
12380 W 25354240 2048 1
12381 W 25356288 2048 1
12382 W 25358336 2048 1
12383 W 25360384 2048 1
12384 W 25362432 2048 1
12385 W 25364480 2048 1
12386 W 25366528 2048 1
12387 W 25368576 2048 1
12388 W 25370624 2048 1
12389 W 25372672 2048 1
12390 W 25374720 2048 1
12391 W 25376768 2048 1
12392 W 25378816 2048 1
12393 W 25380864 2048 1
12394 W 25382912 2048 1
12395 W 25384960 2048 1
12396 W 25387008 2048 1
12397 W 25389056 2048 1
12398 W 25391104 2048 1
12399 W 25393152 2048 1
12400 W 25395200 2048 1
12401 W 25397248 2048 1
12402 W 25399296 2048 1
12403 W 25401344 2048 1
12404 W 25403392 2048 1
12405 W 25405440 2048 1
12406 W 25407488 2048 1
12407 W 25409536 2048 1
12408 W 25411584 2048 1
12409 W 25413632 2048 1
12410 W 25415680 2048 1
12411 W 25417728 2048 1
12412 W 25419776 2048 1
12413 W 25421824 2048 1
12414 W 25423872 2048 1
12415 W 25425920 2048 1
12416 W 25427968 2048 1
12417 W 25430016 2048 1
12418 W 25432064 2048 1
12419 W 25434112 2048 1
12420 W 25436160 2048 1
12421 W 25438208 2048 1
12422 W 25440256 2048 1
12423 W 25442304 2048 1
12424 W 25444352 2048 1
12425 W 25446400 2048 1
12426 W 25448448 2048 1
12427 W 25450496 2048 1
12428 W 25452544 2048 1
12429 W 25454592 2048 1
12430 W 25456640 2048 1
12431 W 25458688 2048 1
12432 W 25460736 2048 1
12433 W 25462784 2048 1
12434 W 25464832 2048 1
12435 W 25466880 2048 1
12436 W 25468928 2048 1
12437 W 25470976 2048 1
12438 W 25473024 2048 1
12439 W 25475072 2048 1
12440 W 25477120 2048 1
12441 W 25479168 2048 1
12442 W 25481216 2048 1
12443 W 25483264 2048 1
12444 W 25485312 2048 1
12445 W 25487360 2048 1
12446 W 25489408 2048 1
12447 W 25491456 2048 1
12448 W 25493504 2048 1
12449 W 25495552 2048 1
12450 W 25497600 2048 1
12451 W 25499648 2048 1
12452 W 25501696 2048 1
12453 W 25503744 2048 1
12454 W 25505792 2048 1
12455 W 25507840 2048 1
12456 W 25509888 2048 1
12457 W 25511936 2048 1
12458 W 25513984 2048 1
12459 W 25516032 2048 1
12460 W 25518080 2048 1
12461 W 25520128 2048 1
12462 W 25522176 2048 1
12463 W 25524224 2048 1
12464 W 25526272 2048 1
12465 W 25528320 2048 1
12466 W 25530368 2048 1
12467 W 25532416 2048 1
12468 W 25534464 2048 1
12469 W 25536512 2048 1
12470 W 25538560 2048 1
12471 W 25540608 2048 1
12472 W 25542656 2048 1
12473 W 25544704 2048 1
12474 W 25546752 2048 1
12475 W 25548800 2048 1
12476 W 25550848 2048 1
12477 W 25552896 2048 1
12478 W 25554944 2048 1
12479 W 25556992 2048 1
12480 W 25559040 2048 1
12481 W 25561088 2048 1
12482 W 25563136 2048 1
12483 W 25565184 2048 1
12484 W 25567232 2048 1
12485 W 25569280 2048 1
12486 W 25571328 2048 1
12487 W 25573376 2048 1
12488 W 25575424 2048 1
12489 W 25577472 2048 1
12490 W 25579520 2048 1
12491 W 25581568 2048 1
12492 W 25583616 2048 1
12493 W 25585664 2048 1
12494 W 25587712 2048 1
12495 W 25589760 2048 1
12496 W 25591808 2048 1
12497 W 25593856 2048 1
12498 W 25595904 2048 1
12499 W 25597952 2048 1
12500 W 25600000 2048 1
12501 W 25602048 2048 1
12502 W 25604096 2048 1
12503 W 25606144 2048 1
12504 W 25608192 2048 1
12505 W 25610240 2048 1
12506 W 25612288 2048 1
12507 W 25614336 2048 1
12508 W 25616384 2048 1
12509 W 25618432 2048 1
12510 W 25620480 2048 1
12511 W 25622528 2048 1
12512 W 25624576 2048 1
12513 W 25626624 2048 1
12514 W 25628672 2048 1
12515 W 25630720 2048 1
12516 W 25632768 2048 1
12517 W 25634816 2048 1
12518 W 25636864 2048 1
12519 W 25638912 2048 1
12520 W 25640960 2048 1
12521 W 25643008 2048 1
12522 W 25645056 2048 1
12523 W 25647104 2048 1
12524 W 25649152 2048 1
12525 W 25651200 2048 1
12526 W 25653248 2048 1
12527 W 25655296 2048 1
12528 W 25657344 2048 1
12529 W 25659392 2048 1
12530 W 25661440 2048 1
12531 W 25663488 2048 1
12532 W 25665536 2048 1
12533 W 25667584 2048 1
12534 W 25669632 2048 1
12535 W 25671680 2048 1
12536 W 25673728 2048 1
12537 W 25675776 2048 1
12538 W 25677824 2048 1
12539 W 25679872 2048 1
12540 W 25681920 2048 1
12541 W 25683968 2048 1
12542 W 25686016 2048 1
12543 W 25688064 2048 1
12544 W 25690112 2048 1
12545 W 25692160 2048 1
12546 W 25694208 2048 1
12547 W 25696256 2048 1
12548 W 25698304 2048 1
12549 W 25700352 2048 1
12550 W 25702400 2048 1
12551 W 25704448 2048 1
12552 W 25706496 2048 1
12553 W 25708544 2048 1
12554 W 25710592 2048 1
12555 W 25712640 2048 1
12556 W 25714688 2048 1
12557 W 25716736 2048 1
12558 W 25718784 2048 1
12559 W 25720832 2048 1
12560 W 25722880 2048 1
12561 W 25724928 2048 1
12562 W 25726976 2048 1
12563 W 25729024 2048 1
12564 W 25731072 2048 1
12565 W 25733120 2048 1
12566 W 25735168 2048 1
12567 W 25737216 2048 1
12568 W 25739264 2048 1
12569 W 25741312 2048 1
12570 W 25743360 2048 1
12571 W 25745408 2048 1
12572 W 25747456 2048 1
12573 W 25749504 2048 1
12574 W 25751552 2048 1
12575 W 25753600 2048 1
12576 W 25755648 2048 1
12577 W 25757696 2048 1
12578 W 25759744 2048 1
12579 W 25761792 2048 1
12580 W 25763840 2048 1
12581 W 25765888 2048 1
12582 W 25767936 2048 1
12583 W 25769984 2048 1
12584 W 25772032 2048 1
12585 W 25774080 2048 1
12586 W 25776128 2048 1
12587 W 25778176 2048 1
12588 W 25780224 2048 1
12589 W 25782272 2048 1
12590 W 25784320 2048 1
12591 W 25786368 2048 1
12592 W 25788416 2048 1
12593 W 25790464 2048 1
12594 W 25792512 2048 1
12595 W 25794560 2048 1
12596 W 25796608 2048 1
12597 W 25798656 2048 1
12598 W 25800704 2048 1
12599 W 25802752 2048 1
12600 W 25804800 2048 1
12601 W 25806848 2048 1
12602 W 25808896 2048 1
12603 W 25810944 2048 1
12604 W 25812992 2048 1
12605 W 25815040 2048 1
12606 W 25817088 2048 1
12607 W 25819136 2048 1
12608 W 25821184 2048 1
12609 W 25823232 2048 1
12610 W 25825280 2048 1
12611 W 25827328 2048 1
12612 W 25829376 2048 1
12613 W 25831424 2048 1
12614 W 25833472 2048 1
12615 W 25835520 2048 1
12616 W 25837568 2048 1
12617 W 25839616 2048 1
12618 W 25841664 2048 1
12619 W 25843712 2048 1
12620 W 25845760 2048 1
12621 W 25847808 2048 1
12622 W 25849856 2048 1
12623 W 25851904 2048 1
12624 W 25853952 2048 1
12625 W 25856000 2048 1
12626 W 25858048 2048 1
12627 W 25860096 2048 1
12628 W 25862144 2048 1
12629 W 25864192 2048 1
12630 W 25866240 2048 1
12631 W 25868288 2048 1
12632 W 25870336 2048 1
12633 W 25872384 2048 1
12634 W 25874432 2048 1
12635 W 25876480 2048 1
12636 W 25878528 2048 1
12637 W 25880576 2048 1
12638 W 25882624 2048 1
12639 W 25884672 2048 1
12640 W 25886720 2048 1
12641 W 25888768 2048 1
12642 W 25890816 2048 1
12643 W 25892864 2048 1
12644 W 25894912 2048 1
12645 W 25896960 2048 1
12646 W 25899008 2048 1
12647 W 25901056 2048 1
12648 W 25903104 2048 1
12649 W 25905152 2048 1
12650 W 25907200 2048 1
12651 W 25909248 2048 1
12652 W 25911296 2048 1
12653 W 25913344 2048 1
12654 W 25915392 2048 1
12655 W 25917440 2048 1
12656 W 25919488 2048 1
12657 W 25921536 2048 1
12658 W 25923584 2048 1
12659 W 25925632 2048 1
12660 W 25927680 2048 1
12661 W 25929728 2048 1
12662 W 25931776 2048 1
12663 W 25933824 2048 1
12664 W 25935872 2048 1
12665 W 25937920 2048 1
12666 W 25939968 2048 1
12667 W 25942016 2048 1
12668 W 25944064 2048 1
12669 W 25946112 2048 1
12670 W 25948160 2048 1
12671 W 25950208 2048 1
12672 W 25952256 2048 1
12673 W 25954304 2048 1
12674 W 25956352 2048 1
12675 W 25958400 2048 1
12676 W 25960448 2048 1
12677 W 25962496 2048 1
12678 W 25964544 2048 1
12679 W 25966592 2048 1
12680 W 25968640 2048 1
12681 W 25970688 2048 1
12682 W 25972736 2048 1
12683 W 25974784 2048 1
12684 W 25976832 2048 1
12685 W 25978880 2048 1
12686 W 25980928 2048 1
12687 W 25982976 2048 1
12688 W 25985024 2048 1
12689 W 25987072 2048 1
12690 W 25989120 2048 1
12691 W 25991168 2048 1
12692 W 25993216 2048 1
12693 W 25995264 2048 1
12694 W 25997312 2048 1
12695 W 25999360 2048 1
12696 W 26001408 2048 1
12697 W 26003456 2048 1
12698 W 26005504 2048 1
12699 W 26007552 2048 1
12700 W 26009600 2048 1
12701 W 26011648 2048 1
12702 W 26013696 2048 1
12703 W 26015744 2048 1
12704 W 26017792 2048 1
12705 W 26019840 2048 1
12706 W 26021888 2048 1
12707 W 26023936 2048 1
12708 W 26025984 2048 1
12709 W 26028032 2048 1
12710 W 26030080 2048 1
12711 W 26032128 2048 1
12712 W 26034176 2048 1
12713 W 26036224 2048 1
12714 W 26038272 2048 1
12715 W 26040320 2048 1
12716 W 26042368 2048 1
12717 W 26044416 2048 1
12718 W 26046464 2048 1
12719 W 26048512 2048 1
12720 W 26050560 2048 1
12721 W 26052608 2048 1
12722 W 26054656 2048 1
12723 W 26056704 2048 1
12724 W 26058752 2048 1
12725 W 26060800 2048 1
12726 W 26062848 2048 1
12727 W 26064896 2048 1
12728 W 26066944 2048 1
12729 W 26068992 2048 1
12730 W 26071040 2048 1
12731 W 26073088 2048 1
12732 W 26075136 2048 1
12733 W 26077184 2048 1
12734 W 26079232 2048 1
12735 W 26081280 2048 1
12736 W 26083328 2048 1
12737 W 26085376 2048 1
12738 W 26087424 2048 1
12739 W 26089472 2048 1
12740 W 26091520 2048 1
12741 W 26093568 2048 1
12742 W 26095616 2048 1
12743 W 26097664 2048 1
12744 W 26099712 2048 1
12745 W 26101760 2048 1
12746 W 26103808 2048 1
12747 W 26105856 2048 1
12748 W 26107904 2048 1
12749 W 26109952 2048 1
12750 W 26112000 2048 1
12751 W 26114048 2048 1
12752 W 26116096 2048 1
12753 W 26118144 2048 1
12754 W 26120192 2048 1
12755 W 26122240 2048 1
12756 W 26124288 2048 1
12757 W 26126336 2048 1
12758 W 26128384 2048 1
12759 W 26130432 2048 1
12760 W 26132480 2048 1
12761 W 26134528 2048 1
12762 W 26136576 2048 1
12763 W 26138624 2048 1
12764 W 26140672 2048 1
12765 W 26142720 2048 1
12766 W 26144768 2048 1
12767 W 26146816 2048 1
12768 W 26148864 2048 1
12769 W 26150912 2048 1
12770 W 26152960 2048 1
12771 W 26155008 2048 1
12772 W 26157056 2048 1
12773 W 26159104 2048 1
12774 W 26161152 2048 1
12775 W 26163200 2048 1
12776 W 26165248 2048 1
12777 W 26167296 2048 1
12778 W 26169344 2048 1
12779 W 26171392 2048 1
12780 W 26173440 2048 1
12781 W 26175488 2048 1
12782 W 26177536 2048 1
12783 W 26179584 2048 1
12784 W 26181632 2048 1
12785 W 26183680 2048 1
12786 W 26185728 2048 1
12787 W 26187776 2048 1
12788 W 26189824 2048 1
12789 W 26191872 2048 1
12790 W 26193920 2048 1
12791 W 26195968 2048 1
12792 W 26198016 2048 1
12793 W 26200064 2048 1
12794 W 26202112 2048 1
12795 W 26204160 2048 1
12796 W 26206208 2048 1
12797 W 26208256 2048 1
12798 W 26210304 2048 1
12799 W 26212352 2048 1
12800 W 26214400 2048 1
12801 W 26216448 2048 1
12802 W 26218496 2048 1
12803 W 26220544 2048 1
12804 W 26222592 2048 1
12805 W 26224640 2048 1
12806 W 26226688 2048 1
12807 W 26228736 2048 1
12808 W 26230784 2048 1
12809 W 26232832 2048 1
12810 W 26234880 2048 1
12811 W 26236928 2048 1
12812 W 26238976 2048 1
12813 W 26241024 2048 1
12814 W 26243072 2048 1
12815 W 26245120 2048 1
12816 W 26247168 2048 1
12817 W 26249216 2048 1
12818 W 26251264 2048 1
12819 W 26253312 2048 1
12820 W 26255360 2048 1
12821 W 26257408 2048 1
12822 W 26259456 2048 1
12823 W 26261504 2048 1
12824 W 26263552 2048 1
12825 W 26265600 2048 1
12826 W 26267648 2048 1
12827 W 26269696 2048 1
12828 W 26271744 2048 1
12829 W 26273792 2048 1
12830 W 26275840 2048 1
12831 W 26277888 2048 1
12832 W 26279936 2048 1
12833 W 26281984 2048 1
12834 W 26284032 2048 1
12835 W 26286080 2048 1
12836 W 26288128 2048 1
12837 W 26290176 2048 1
12838 W 26292224 2048 1
12839 W 26294272 2048 1
12840 W 26296320 2048 1
12841 W 26298368 2048 1
12842 W 26300416 2048 1
12843 W 26302464 2048 1
12844 W 26304512 2048 1
12845 W 26306560 2048 1
12846 W 26308608 2048 1
12847 W 26310656 2048 1
12848 W 26312704 2048 1
12849 W 26314752 2048 1
12850 W 26316800 2048 1
12851 W 26318848 2048 1
12852 W 26320896 2048 1
12853 W 26322944 2048 1
12854 W 26324992 2048 1
12855 W 26327040 2048 1
12856 W 26329088 2048 1
12857 W 26331136 2048 1
12858 W 26333184 2048 1
12859 W 26335232 2048 1
12860 W 26337280 2048 1
12861 W 26339328 2048 1
12862 W 26341376 2048 1
12863 W 26343424 2048 1
12864 W 26345472 2048 1
12865 W 26347520 2048 1
12866 W 26349568 2048 1
12867 W 26351616 2048 1
12868 W 26353664 2048 1
12869 W 26355712 2048 1
12870 W 26357760 2048 1
12871 W 26359808 2048 1
12872 W 26361856 2048 1
12873 W 26363904 2048 1
12874 W 26365952 2048 1
12875 W 26368000 2048 1
12876 W 26370048 2048 1
12877 W 26372096 2048 1
12878 W 26374144 2048 1
12879 W 26376192 2048 1
12880 W 26378240 2048 1
12881 W 26380288 2048 1
12882 W 26382336 2048 1
12883 W 26384384 2048 1
12884 W 26386432 2048 1
12885 W 26388480 2048 1
12886 W 26390528 2048 1
12887 W 26392576 2048 1
12888 W 26394624 2048 1
12889 W 26396672 2048 1
12890 W 26398720 2048 1
12891 W 26400768 2048 1
12892 W 26402816 2048 1
12893 W 26404864 2048 1
12894 W 26406912 2048 1
12895 W 26408960 2048 1
12896 W 26411008 2048 1
12897 W 26413056 2048 1
12898 W 26415104 2048 1
12899 W 26417152 2048 1
12900 W 26419200 2048 1
12901 W 26421248 2048 1
12902 W 26423296 2048 1
12903 W 26425344 2048 1
12904 W 26427392 2048 1
12905 W 26429440 2048 1
12906 W 26431488 2048 1
12907 W 26433536 2048 1
12908 W 26435584 2048 1
12909 W 26437632 2048 1
12910 W 26439680 2048 1
12911 W 26441728 2048 1
12912 W 26443776 2048 1
12913 W 26445824 2048 1
12914 W 26447872 2048 1
12915 W 26449920 2048 1
12916 W 26451968 2048 1
12917 W 26454016 2048 1
12918 W 26456064 2048 1
12919 W 26458112 2048 1
12920 W 26460160 2048 1
12921 W 26462208 2048 1
12922 W 26464256 2048 1
12923 W 26466304 2048 1
12924 W 26468352 2048 1
12925 W 26470400 2048 1
12926 W 26472448 2048 1
12927 W 26474496 2048 1
12928 W 26476544 2048 1
12929 W 26478592 2048 1
12930 W 26480640 2048 1
12931 W 26482688 2048 1
12932 W 26484736 2048 1
12933 W 26486784 2048 1
12934 W 26488832 2048 1
12935 W 26490880 2048 1
12936 W 26492928 2048 1
12937 W 26494976 2048 1
12938 W 26497024 2048 1
12939 W 26499072 2048 1
12940 W 26501120 2048 1
12941 W 26503168 2048 1
12942 W 26505216 2048 1
12943 W 26507264 2048 1
12944 W 26509312 2048 1
12945 W 26511360 2048 1
12946 W 26513408 2048 1
12947 W 26515456 2048 1
12948 W 26517504 2048 1
12949 W 26519552 2048 1
12950 W 26521600 2048 1
12951 W 26523648 2048 1
12952 W 26525696 2048 1
12953 W 26527744 2048 1
12954 W 26529792 2048 1
12955 W 26531840 2048 1
12956 W 26533888 2048 1
12957 W 26535936 2048 1
12958 W 26537984 2048 1
12959 W 26540032 2048 1
12960 W 26542080 2048 1
12961 W 26544128 2048 1
12962 W 26546176 2048 1
12963 W 26548224 2048 1
12964 W 26550272 2048 1
12965 W 26552320 2048 1
12966 W 26554368 2048 1
12967 W 26556416 2048 1
12968 W 26558464 2048 1
12969 W 26560512 2048 1
12970 W 26562560 2048 1
12971 W 26564608 2048 1
12972 W 26566656 2048 1
12973 W 26568704 2048 1
12974 W 26570752 2048 1
12975 W 26572800 2048 1
12976 W 26574848 2048 1
12977 W 26576896 2048 1
12978 W 26578944 2048 1
12979 W 26580992 2048 1
12980 W 26583040 2048 1
12981 W 26585088 2048 1
12982 W 26587136 2048 1
12983 W 26589184 2048 1
12984 W 26591232 2048 1
12985 W 26593280 2048 1
12986 W 26595328 2048 1
12987 W 26597376 2048 1
12988 W 26599424 2048 1
12989 W 26601472 2048 1
12990 W 26603520 2048 1
12991 W 26605568 2048 1
12992 W 26607616 2048 1
12993 W 26609664 2048 1
12994 W 26611712 2048 1
12995 W 26613760 2048 1
12996 W 26615808 2048 1
12997 W 26617856 2048 1
12998 W 26619904 2048 1
12999 W 26621952 2048 1
13000 W 26624000 2048 1
13001 W 26626048 2048 1
13002 W 26628096 2048 1
13003 W 26630144 2048 1
13004 W 26632192 2048 1
13005 W 26634240 2048 1
13006 W 26636288 2048 1
13007 W 26638336 2048 1
13008 W 26640384 2048 1
13009 W 26642432 2048 1
13010 W 26644480 2048 1
13011 W 26646528 2048 1
13012 W 26648576 2048 1
13013 W 26650624 2048 1
13014 W 26652672 2048 1
13015 W 26654720 2048 1
13016 W 26656768 2048 1
13017 W 26658816 2048 1
13018 W 26660864 2048 1
13019 W 26662912 2048 1
13020 W 26664960 2048 1
13021 W 26667008 2048 1
13022 W 26669056 2048 1
13023 W 26671104 2048 1
13024 W 26673152 2048 1
13025 W 26675200 2048 1
13026 W 26677248 2048 1
13027 W 26679296 2048 1
13028 W 26681344 2048 1
13029 W 26683392 2048 1
13030 W 26685440 2048 1
13031 W 26687488 2048 1
13032 W 26689536 2048 1
13033 W 26691584 2048 1
13034 W 26693632 2048 1
13035 W 26695680 2048 1
13036 W 26697728 2048 1
13037 W 26699776 2048 1
13038 W 26701824 2048 1
13039 W 26703872 2048 1
13040 W 26705920 2048 1
13041 W 26707968 2048 1
13042 W 26710016 2048 1
13043 W 26712064 2048 1
13044 W 26714112 2048 1
13045 W 26716160 2048 1
13046 W 26718208 2048 1
13047 W 26720256 2048 1
13048 W 26722304 2048 1
13049 W 26724352 2048 1
13050 W 26726400 2048 1
13051 W 26728448 2048 1
13052 W 26730496 2048 1
13053 W 26732544 2048 1
13054 W 26734592 2048 1
13055 W 26736640 2048 1
13056 W 26738688 2048 1
13057 W 26740736 2048 1
13058 W 26742784 2048 1
13059 W 26744832 2048 1
13060 W 26746880 2048 1
13061 W 26748928 2048 1
13062 W 26750976 2048 1
13063 W 26753024 2048 1
13064 W 26755072 2048 1
13065 W 26757120 2048 1
13066 W 26759168 2048 1
13067 W 26761216 2048 1
13068 W 26763264 2048 1
13069 W 26765312 2048 1
13070 W 26767360 2048 1
13071 W 26769408 2048 1
13072 W 26771456 2048 1
13073 W 26773504 2048 1
13074 W 26775552 2048 1
13075 W 26777600 2048 1
13076 W 26779648 2048 1
13077 W 26781696 2048 1
13078 W 26783744 2048 1
13079 W 26785792 2048 1
13080 W 26787840 2048 1
13081 W 26789888 2048 1
13082 W 26791936 2048 1
13083 W 26793984 2048 1
13084 W 26796032 2048 1
13085 W 26798080 2048 1
13086 W 26800128 2048 1
13087 W 26802176 2048 1
13088 W 26804224 2048 1
13089 W 26806272 2048 1
13090 W 26808320 2048 1
13091 W 26810368 2048 1
13092 W 26812416 2048 1
13093 W 26814464 2048 1
13094 W 26816512 2048 1
13095 W 26818560 2048 1
13096 W 26820608 2048 1
13097 W 26822656 2048 1
13098 W 26824704 2048 1
13099 W 26826752 2048 1
13100 W 26828800 2048 1
13101 W 26830848 2048 1
13102 W 26832896 2048 1
13103 W 26834944 2048 1
13104 W 26836992 2048 1
13105 W 26839040 2048 1
13106 W 26841088 2048 1
13107 W 26843136 2048 1
13108 W 26845184 2048 1
13109 W 26847232 2048 1
13110 W 26849280 2048 1
13111 W 26851328 2048 1
13112 W 26853376 2048 1
13113 W 26855424 2048 1
13114 W 26857472 2048 1
13115 W 26859520 2048 1
13116 W 26861568 2048 1
13117 W 26863616 2048 1
13118 W 26865664 2048 1
13119 W 26867712 2048 1
13120 W 26869760 2048 1
13121 W 26871808 2048 1
13122 W 26873856 2048 1
13123 W 26875904 2048 1
13124 W 26877952 2048 1
13125 W 26880000 2048 1
13126 W 26882048 2048 1
13127 W 26884096 2048 1
13128 W 26886144 2048 1
13129 W 26888192 2048 1
13130 W 26890240 2048 1
13131 W 26892288 2048 1
13132 W 26894336 2048 1
13133 W 26896384 2048 1
13134 W 26898432 2048 1
13135 W 26900480 2048 1
13136 W 26902528 2048 1
13137 W 26904576 2048 1
13138 W 26906624 2048 1
13139 W 26908672 2048 1
13140 W 26910720 2048 1
13141 W 26912768 2048 1
13142 W 26914816 2048 1
13143 W 26916864 2048 1
13144 W 26918912 2048 1
13145 W 26920960 2048 1
13146 W 26923008 2048 1
13147 W 26925056 2048 1
13148 W 26927104 2048 1
13149 W 26929152 2048 1
13150 W 26931200 2048 1
13151 W 26933248 2048 1
13152 W 26935296 2048 1
13153 W 26937344 2048 1
13154 W 26939392 2048 1
13155 W 26941440 2048 1
13156 W 26943488 2048 1
13157 W 26945536 2048 1
13158 W 26947584 2048 1
13159 W 26949632 2048 1
13160 W 26951680 2048 1
13161 W 26953728 2048 1
13162 W 26955776 2048 1
13163 W 26957824 2048 1
13164 W 26959872 2048 1
13165 W 26961920 2048 1
13166 W 26963968 2048 1
13167 W 26966016 2048 1
13168 W 26968064 2048 1
13169 W 26970112 2048 1
13170 W 26972160 2048 1
13171 W 26974208 2048 1
13172 W 26976256 2048 1
13173 W 26978304 2048 1
13174 W 26980352 2048 1
13175 W 26982400 2048 1
13176 W 26984448 2048 1
13177 W 26986496 2048 1
13178 W 26988544 2048 1
13179 W 26990592 2048 1
13180 W 26992640 2048 1
13181 W 26994688 2048 1
13182 W 26996736 2048 1
13183 W 26998784 2048 1
13184 W 27000832 2048 1
13185 W 27002880 2048 1
13186 W 27004928 2048 1
13187 W 27006976 2048 1
13188 W 27009024 2048 1
13189 W 27011072 2048 1
13190 W 27013120 2048 1
13191 W 27015168 2048 1
13192 W 27017216 2048 1
13193 W 27019264 2048 1
13194 W 27021312 2048 1
13195 W 27023360 2048 1
13196 W 27025408 2048 1
13197 W 27027456 2048 1
13198 W 27029504 2048 1
13199 W 27031552 2048 1
13200 W 27033600 2048 1
13201 W 27035648 2048 1
13202 W 27037696 2048 1
13203 W 27039744 2048 1
13204 W 27041792 2048 1
13205 W 27043840 2048 1
13206 W 27045888 2048 1
13207 W 27047936 2048 1
13208 W 27049984 2048 1
13209 W 27052032 2048 1
13210 W 27054080 2048 1
13211 W 27056128 2048 1
13212 W 27058176 2048 1
13213 W 27060224 2048 1
13214 W 27062272 2048 1
13215 W 27064320 2048 1
13216 W 27066368 2048 1
13217 W 27068416 2048 1
13218 W 27070464 2048 1
13219 W 27072512 2048 1
13220 W 27074560 2048 1
13221 W 27076608 2048 1
13222 W 27078656 2048 1
13223 W 27080704 2048 1
13224 W 27082752 2048 1
13225 W 27084800 2048 1
13226 W 27086848 2048 1
13227 W 27088896 2048 1
13228 W 27090944 2048 1
13229 W 27092992 2048 1
13230 W 27095040 2048 1
13231 W 27097088 2048 1
13232 W 27099136 2048 1
13233 W 27101184 2048 1
13234 W 27103232 2048 1
13235 W 27105280 2048 1
13236 W 27107328 2048 1
13237 W 27109376 2048 1
13238 W 27111424 2048 1
13239 W 27113472 2048 1
13240 W 27115520 2048 1
13241 W 27117568 2048 1
13242 W 27119616 2048 1
13243 W 27121664 2048 1
13244 W 27123712 2048 1
13245 W 27125760 2048 1
13246 W 27127808 2048 1
13247 W 27129856 2048 1
13248 W 27131904 2048 1
13249 W 27133952 2048 1
13250 W 27136000 2048 1
13251 W 27138048 2048 1
13252 W 27140096 2048 1
13253 W 27142144 2048 1
13254 W 27144192 2048 1
13255 W 27146240 2048 1
13256 W 27148288 2048 1
13257 W 27150336 2048 1
13258 W 27152384 2048 1
13259 W 27154432 2048 1
13260 W 27156480 2048 1
13261 W 27158528 2048 1
13262 W 27160576 2048 1
13263 W 27162624 2048 1
13264 W 27164672 2048 1
13265 W 27166720 2048 1
13266 W 27168768 2048 1
13267 W 27170816 2048 1
13268 W 27172864 2048 1
13269 W 27174912 2048 1
13270 W 27176960 2048 1
13271 W 27179008 2048 1
13272 W 27181056 2048 1
13273 W 27183104 2048 1
13274 W 27185152 2048 1
13275 W 27187200 2048 1
13276 W 27189248 2048 1
13277 W 27191296 2048 1
13278 W 27193344 2048 1
13279 W 27195392 2048 1
13280 W 27197440 2048 1
13281 W 27199488 2048 1
13282 W 27201536 2048 1
13283 W 27203584 2048 1
13284 W 27205632 2048 1
13285 W 27207680 2048 1
13286 W 27209728 2048 1
13287 W 27211776 2048 1
13288 W 27213824 2048 1
13289 W 27215872 2048 1
13290 W 27217920 2048 1
13291 W 27219968 2048 1
13292 W 27222016 2048 1
13293 W 27224064 2048 1
13294 W 27226112 2048 1
13295 W 27228160 2048 1
13296 W 27230208 2048 1
13297 W 27232256 2048 1
13298 W 27234304 2048 1
13299 W 27236352 2048 1
13300 W 27238400 2048 1
13301 W 27240448 2048 1
13302 W 27242496 2048 1
13303 W 27244544 2048 1
13304 W 27246592 2048 1
13305 W 27248640 2048 1
13306 W 27250688 2048 1
13307 W 27252736 2048 1
13308 W 27254784 2048 1
13309 W 27256832 2048 1
13310 W 27258880 2048 1
13311 W 27260928 2048 1
13312 W 27262976 2048 1
13313 W 27265024 2048 1
13314 W 27267072 2048 1
13315 W 27269120 2048 1
13316 W 27271168 2048 1
13317 W 27273216 2048 1
13318 W 27275264 2048 1
13319 W 27277312 2048 1
13320 W 27279360 2048 1
13321 W 27281408 2048 1
13322 W 27283456 2048 1
13323 W 27285504 2048 1
13324 W 27287552 2048 1
13325 W 27289600 2048 1
13326 W 27291648 2048 1
13327 W 27293696 2048 1
13328 W 27295744 2048 1
13329 W 27297792 2048 1
13330 W 27299840 2048 1
13331 W 27301888 2048 1
13332 W 27303936 2048 1
13333 W 27305984 2048 1
13334 W 27308032 2048 1
13335 W 27310080 2048 1
13336 W 27312128 2048 1
13337 W 27314176 2048 1
13338 W 27316224 2048 1
13339 W 27318272 2048 1
13340 W 27320320 2048 1
13341 W 27322368 2048 1
13342 W 27324416 2048 1
13343 W 27326464 2048 1
13344 W 27328512 2048 1
13345 W 27330560 2048 1
13346 W 27332608 2048 1
13347 W 27334656 2048 1
13348 W 27336704 2048 1
13349 W 27338752 2048 1
13350 W 27340800 2048 1
13351 W 27342848 2048 1
13352 W 27344896 2048 1
13353 W 27346944 2048 1
13354 W 27348992 2048 1
13355 W 27351040 2048 1
13356 W 27353088 2048 1
13357 W 27355136 2048 1
13358 W 27357184 2048 1
13359 W 27359232 2048 1
13360 W 27361280 2048 1
13361 W 27363328 2048 1
13362 W 27365376 2048 1
13363 W 27367424 2048 1
13364 W 27369472 2048 1
13365 W 27371520 2048 1
13366 W 27373568 2048 1
13367 W 27375616 2048 1
13368 W 27377664 2048 1
13369 W 27379712 2048 1
13370 W 27381760 2048 1
13371 W 27383808 2048 1
13372 W 27385856 2048 1
13373 W 27387904 2048 1
13374 W 27389952 2048 1
13375 W 27392000 2048 1
13376 W 27394048 2048 1
13377 W 27396096 2048 1
13378 W 27398144 2048 1
13379 W 27400192 2048 1
13380 W 27402240 2048 1
13381 W 27404288 2048 1
13382 W 27406336 2048 1
13383 W 27408384 2048 1
13384 W 27410432 2048 1
13385 W 27412480 2048 1
13386 W 27414528 2048 1
13387 W 27416576 2048 1
13388 W 27418624 2048 1
13389 W 27420672 2048 1
13390 W 27422720 2048 1
13391 W 27424768 2048 1
13392 W 27426816 2048 1
13393 W 27428864 2048 1
13394 W 27430912 2048 1
13395 W 27432960 2048 1
13396 W 27435008 2048 1
13397 W 27437056 2048 1
13398 W 27439104 2048 1
13399 W 27441152 2048 1
13400 W 27443200 2048 1
13401 W 27445248 2048 1
13402 W 27447296 2048 1
13403 W 27449344 2048 1
13404 W 27451392 2048 1
13405 W 27453440 2048 1
13406 W 27455488 2048 1
13407 W 27457536 2048 1
13408 W 27459584 2048 1
13409 W 27461632 2048 1
13410 W 27463680 2048 1
13411 W 27465728 2048 1
13412 W 27467776 2048 1
13413 W 27469824 2048 1
13414 W 27471872 2048 1
13415 W 27473920 2048 1
13416 W 27475968 2048 1
13417 W 27478016 2048 1
13418 W 27480064 2048 1
13419 W 27482112 2048 1
13420 W 27484160 2048 1
13421 W 27486208 2048 1
13422 W 27488256 2048 1
13423 W 27490304 2048 1
13424 W 27492352 2048 1
13425 W 27494400 2048 1
13426 W 27496448 2048 1
13427 W 27498496 2048 1
13428 W 27500544 2048 1
13429 W 27502592 2048 1
13430 W 27504640 2048 1
13431 W 27506688 2048 1
13432 W 27508736 2048 1
13433 W 27510784 2048 1
13434 W 27512832 2048 1
13435 W 27514880 2048 1
13436 W 27516928 2048 1
13437 W 27518976 2048 1
13438 W 27521024 2048 1
13439 W 27523072 2048 1
13440 W 27525120 2048 1
13441 W 27527168 2048 1
13442 W 27529216 2048 1
13443 W 27531264 2048 1
13444 W 27533312 2048 1
13445 W 27535360 2048 1
13446 W 27537408 2048 1
13447 W 27539456 2048 1
13448 W 27541504 2048 1
13449 W 27543552 2048 1
13450 W 27545600 2048 1
13451 W 27547648 2048 1
13452 W 27549696 2048 1
13453 W 27551744 2048 1
13454 W 27553792 2048 1
13455 W 27555840 2048 1
13456 W 27557888 2048 1
13457 W 27559936 2048 1
13458 W 27561984 2048 1
13459 W 27564032 2048 1
13460 W 27566080 2048 1
13461 W 27568128 2048 1
13462 W 27570176 2048 1
13463 W 27572224 2048 1
13464 W 27574272 2048 1
13465 W 27576320 2048 1
13466 W 27578368 2048 1
13467 W 27580416 2048 1
13468 W 27582464 2048 1
13469 W 27584512 2048 1
13470 W 27586560 2048 1
13471 W 27588608 2048 1
13472 W 27590656 2048 1
13473 W 27592704 2048 1
13474 W 27594752 2048 1
13475 W 27596800 2048 1
13476 W 27598848 2048 1
13477 W 27600896 2048 1
13478 W 27602944 2048 1
13479 W 27604992 2048 1
13480 W 27607040 2048 1
13481 W 27609088 2048 1
13482 W 27611136 2048 1
13483 W 27613184 2048 1
13484 W 27615232 2048 1
13485 W 27617280 2048 1
13486 W 27619328 2048 1
13487 W 27621376 2048 1
13488 W 27623424 2048 1
13489 W 27625472 2048 1
13490 W 27627520 2048 1
13491 W 27629568 2048 1
13492 W 27631616 2048 1
13493 W 27633664 2048 1
13494 W 27635712 2048 1
13495 W 27637760 2048 1
13496 W 27639808 2048 1
13497 W 27641856 2048 1
13498 W 27643904 2048 1
13499 W 27645952 2048 1
13500 W 27648000 2048 1
13501 W 27650048 2048 1
13502 W 27652096 2048 1
13503 W 27654144 2048 1
13504 W 27656192 2048 1
13505 W 27658240 2048 1
13506 W 27660288 2048 1
13507 W 27662336 2048 1
13508 W 27664384 2048 1
13509 W 27666432 2048 1
13510 W 27668480 2048 1
13511 W 27670528 2048 1
13512 W 27672576 2048 1
13513 W 27674624 2048 1
13514 W 27676672 2048 1
13515 W 27678720 2048 1
13516 W 27680768 2048 1
13517 W 27682816 2048 1
13518 W 27684864 2048 1
13519 W 27686912 2048 1
13520 W 27688960 2048 1
13521 W 27691008 2048 1
13522 W 27693056 2048 1
13523 W 27695104 2048 1
13524 W 27697152 2048 1
13525 W 27699200 2048 1
13526 W 27701248 2048 1
13527 W 27703296 2048 1
13528 W 27705344 2048 1
13529 W 27707392 2048 1
13530 W 27709440 2048 1
13531 W 27711488 2048 1
13532 W 27713536 2048 1
13533 W 27715584 2048 1
13534 W 27717632 2048 1
13535 W 27719680 2048 1
13536 W 27721728 2048 1
13537 W 27723776 2048 1
13538 W 27725824 2048 1
13539 W 27727872 2048 1
13540 W 27729920 2048 1
13541 W 27731968 2048 1
13542 W 27734016 2048 1
13543 W 27736064 2048 1
13544 W 27738112 2048 1
13545 W 27740160 2048 1
13546 W 27742208 2048 1
13547 W 27744256 2048 1
13548 W 27746304 2048 1
13549 W 27748352 2048 1
13550 W 27750400 2048 1
13551 W 27752448 2048 1
13552 W 27754496 2048 1
13553 W 27756544 2048 1
13554 W 27758592 2048 1
13555 W 27760640 2048 1
13556 W 27762688 2048 1
13557 W 27764736 2048 1
13558 W 27766784 2048 1
13559 W 27768832 2048 1
13560 W 27770880 2048 1
13561 W 27772928 2048 1
13562 W 27774976 2048 1
13563 W 27777024 2048 1
13564 W 27779072 2048 1
13565 W 27781120 2048 1
13566 W 27783168 2048 1
13567 W 27785216 2048 1
13568 W 27787264 2048 1
13569 W 27789312 2048 1
13570 W 27791360 2048 1
13571 W 27793408 2048 1
13572 W 27795456 2048 1
13573 W 27797504 2048 1
13574 W 27799552 2048 1
13575 W 27801600 2048 1
13576 W 27803648 2048 1
13577 W 27805696 2048 1
13578 W 27807744 2048 1
13579 W 27809792 2048 1
13580 W 27811840 2048 1
13581 W 27813888 2048 1
13582 W 27815936 2048 1
13583 W 27817984 2048 1
13584 W 27820032 2048 1
13585 W 27822080 2048 1
13586 W 27824128 2048 1
13587 W 27826176 2048 1
13588 W 27828224 2048 1
13589 W 27830272 2048 1
13590 W 27832320 2048 1
13591 W 27834368 2048 1
13592 W 27836416 2048 1
13593 W 27838464 2048 1
13594 W 27840512 2048 1
13595 W 27842560 2048 1
13596 W 27844608 2048 1
13597 W 27846656 2048 1
13598 W 27848704 2048 1
13599 W 27850752 2048 1
13600 W 27852800 2048 1
13601 W 27854848 2048 1
13602 W 27856896 2048 1
13603 W 27858944 2048 1
13604 W 27860992 2048 1
13605 W 27863040 2048 1
13606 W 27865088 2048 1
13607 W 27867136 2048 1
13608 W 27869184 2048 1
13609 W 27871232 2048 1
13610 W 27873280 2048 1
13611 W 27875328 2048 1
13612 W 27877376 2048 1
13613 W 27879424 2048 1
13614 W 27881472 2048 1
13615 W 27883520 2048 1
13616 W 27885568 2048 1
13617 W 27887616 2048 1
13618 W 27889664 2048 1
13619 W 27891712 2048 1
13620 W 27893760 2048 1
13621 W 27895808 2048 1
13622 W 27897856 2048 1
13623 W 27899904 2048 1
13624 W 27901952 2048 1
13625 W 27904000 2048 1
13626 W 27906048 2048 1
13627 W 27908096 2048 1
13628 W 27910144 2048 1
13629 W 27912192 2048 1
13630 W 27914240 2048 1
13631 W 27916288 2048 1
13632 W 27918336 2048 1
13633 W 27920384 2048 1
13634 W 27922432 2048 1
13635 W 27924480 2048 1
13636 W 27926528 2048 1
13637 W 27928576 2048 1
13638 W 27930624 2048 1
13639 W 27932672 2048 1
13640 W 27934720 2048 1
13641 W 27936768 2048 1
13642 W 27938816 2048 1
13643 W 27940864 2048 1
13644 W 27942912 2048 1
13645 W 27944960 2048 1
13646 W 27947008 2048 1
13647 W 27949056 2048 1
13648 W 27951104 2048 1
13649 W 27953152 2048 1
13650 W 27955200 2048 1
13651 W 27957248 2048 1
13652 W 27959296 2048 1
13653 W 27961344 2048 1
13654 W 27963392 2048 1
13655 W 27965440 2048 1
13656 W 27967488 2048 1
13657 W 27969536 2048 1
13658 W 27971584 2048 1
13659 W 27973632 2048 1
13660 W 27975680 2048 1
13661 W 27977728 2048 1
13662 W 27979776 2048 1
13663 W 27981824 2048 1
13664 W 27983872 2048 1
13665 W 27985920 2048 1
13666 W 27987968 2048 1
13667 W 27990016 2048 1
13668 W 27992064 2048 1
13669 W 27994112 2048 1
13670 W 27996160 2048 1
13671 W 27998208 2048 1
13672 W 28000256 2048 1
13673 W 28002304 2048 1
13674 W 28004352 2048 1
13675 W 28006400 2048 1
13676 W 28008448 2048 1
13677 W 28010496 2048 1
13678 W 28012544 2048 1
13679 W 28014592 2048 1
13680 W 28016640 2048 1
13681 W 28018688 2048 1
13682 W 28020736 2048 1
13683 W 28022784 2048 1
13684 W 28024832 2048 1
13685 W 28026880 2048 1
13686 W 28028928 2048 1
13687 W 28030976 2048 1
13688 W 28033024 2048 1
13689 W 28035072 2048 1
13690 W 28037120 2048 1
13691 W 28039168 2048 1
13692 W 28041216 2048 1
13693 W 28043264 2048 1
13694 W 28045312 2048 1
13695 W 28047360 2048 1
13696 W 28049408 2048 1
13697 W 28051456 2048 1
13698 W 28053504 2048 1
13699 W 28055552 2048 1
13700 W 28057600 2048 1
13701 W 28059648 2048 1
13702 W 28061696 2048 1
13703 W 28063744 2048 1
13704 W 28065792 2048 1
13705 W 28067840 2048 1
13706 W 28069888 2048 1
13707 W 28071936 2048 1
13708 W 28073984 2048 1
13709 W 28076032 2048 1
13710 W 28078080 2048 1
13711 W 28080128 2048 1
13712 W 28082176 2048 1
13713 W 28084224 2048 1
13714 W 28086272 2048 1
13715 W 28088320 2048 1
13716 W 28090368 2048 1
13717 W 28092416 2048 1
13718 W 28094464 2048 1
13719 W 28096512 2048 1
13720 W 28098560 2048 1
13721 W 28100608 2048 1
13722 W 28102656 2048 1
13723 W 28104704 2048 1
13724 W 28106752 2048 1
13725 W 28108800 2048 1
13726 W 28110848 2048 1
13727 W 28112896 2048 1
13728 W 28114944 2048 1
13729 W 28116992 2048 1
13730 W 28119040 2048 1
13731 W 28121088 2048 1
13732 W 28123136 2048 1
13733 W 28125184 2048 1
13734 W 28127232 2048 1
13735 W 28129280 2048 1
13736 W 28131328 2048 1
13737 W 28133376 2048 1
13738 W 28135424 2048 1
13739 W 28137472 2048 1
13740 W 28139520 2048 1
13741 W 28141568 2048 1
13742 W 28143616 2048 1
13743 W 28145664 2048 1
13744 W 28147712 2048 1
13745 W 28149760 2048 1
13746 W 28151808 2048 1
13747 W 28153856 2048 1
13748 W 28155904 2048 1
13749 W 28157952 2048 1
13750 W 28160000 2048 1
13751 W 28162048 2048 1
13752 W 28164096 2048 1
13753 W 28166144 2048 1
13754 W 28168192 2048 1
13755 W 28170240 2048 1
13756 W 28172288 2048 1
13757 W 28174336 2048 1
13758 W 28176384 2048 1
13759 W 28178432 2048 1
13760 W 28180480 2048 1
13761 W 28182528 2048 1
13762 W 28184576 2048 1
13763 W 28186624 2048 1
13764 W 28188672 2048 1
13765 W 28190720 2048 1
13766 W 28192768 2048 1
13767 W 28194816 2048 1
13768 W 28196864 2048 1
13769 W 28198912 2048 1
13770 W 28200960 2048 1
13771 W 28203008 2048 1
13772 W 28205056 2048 1
13773 W 28207104 2048 1
13774 W 28209152 2048 1
13775 W 28211200 2048 1
13776 W 28213248 2048 1
13777 W 28215296 2048 1
13778 W 28217344 2048 1
13779 W 28219392 2048 1
13780 W 28221440 2048 1
13781 W 28223488 2048 1
13782 W 28225536 2048 1
13783 W 28227584 2048 1
13784 W 28229632 2048 1
13785 W 28231680 2048 1
13786 W 28233728 2048 1
13787 W 28235776 2048 1
13788 W 28237824 2048 1
13789 W 28239872 2048 1
13790 W 28241920 2048 1
13791 W 28243968 2048 1
13792 W 28246016 2048 1
13793 W 28248064 2048 1
13794 W 28250112 2048 1
13795 W 28252160 2048 1
13796 W 28254208 2048 1
13797 W 28256256 2048 1
13798 W 28258304 2048 1
13799 W 28260352 2048 1
13800 W 28262400 2048 1
13801 W 28264448 2048 1
13802 W 28266496 2048 1
13803 W 28268544 2048 1
13804 W 28270592 2048 1
13805 W 28272640 2048 1
13806 W 28274688 2048 1
13807 W 28276736 2048 1
13808 W 28278784 2048 1
13809 W 28280832 2048 1
13810 W 28282880 2048 1
13811 W 28284928 2048 1
13812 W 28286976 2048 1
13813 W 28289024 2048 1
13814 W 28291072 2048 1
13815 W 28293120 2048 1
13816 W 28295168 2048 1
13817 W 28297216 2048 1
13818 W 28299264 2048 1
13819 W 28301312 2048 1
13820 W 28303360 2048 1
13821 W 28305408 2048 1
13822 W 28307456 2048 1
13823 W 28309504 2048 1
13824 W 28311552 2048 1
13825 W 28313600 2048 1
13826 W 28315648 2048 1
13827 W 28317696 2048 1
13828 W 28319744 2048 1
13829 W 28321792 2048 1
13830 W 28323840 2048 1
13831 W 28325888 2048 1
13832 W 28327936 2048 1
13833 W 28329984 2048 1
13834 W 28332032 2048 1
13835 W 28334080 2048 1
13836 W 28336128 2048 1
13837 W 28338176 2048 1
13838 W 28340224 2048 1
13839 W 28342272 2048 1
13840 W 28344320 2048 1
13841 W 28346368 2048 1
13842 W 28348416 2048 1
13843 W 28350464 2048 1
13844 W 28352512 2048 1
13845 W 28354560 2048 1
13846 W 28356608 2048 1
13847 W 28358656 2048 1
13848 W 28360704 2048 1
13849 W 28362752 2048 1
13850 W 28364800 2048 1
13851 W 28366848 2048 1
13852 W 28368896 2048 1
13853 W 28370944 2048 1
13854 W 28372992 2048 1
13855 W 28375040 2048 1
13856 W 28377088 2048 1
13857 W 28379136 2048 1
13858 W 28381184 2048 1
13859 W 28383232 2048 1
13860 W 28385280 2048 1
13861 W 28387328 2048 1
13862 W 28389376 2048 1
13863 W 28391424 2048 1
13864 W 28393472 2048 1
13865 W 28395520 2048 1
13866 W 28397568 2048 1
13867 W 28399616 2048 1
13868 W 28401664 2048 1
13869 W 28403712 2048 1
13870 W 28405760 2048 1
13871 W 28407808 2048 1
13872 W 28409856 2048 1
13873 W 28411904 2048 1
13874 W 28413952 2048 1
13875 W 28416000 2048 1
13876 W 28418048 2048 1
13877 W 28420096 2048 1
13878 W 28422144 2048 1
13879 W 28424192 2048 1
13880 W 28426240 2048 1
13881 W 28428288 2048 1
13882 W 28430336 2048 1
13883 W 28432384 2048 1
13884 W 28434432 2048 1
13885 W 28436480 2048 1
13886 W 28438528 2048 1
13887 W 28440576 2048 1
13888 W 28442624 2048 1
13889 W 28444672 2048 1
13890 W 28446720 2048 1
13891 W 28448768 2048 1
13892 W 28450816 2048 1
13893 W 28452864 2048 1
13894 W 28454912 2048 1
13895 W 28456960 2048 1
13896 W 28459008 2048 1
13897 W 28461056 2048 1
13898 W 28463104 2048 1
13899 W 28465152 2048 1
13900 W 28467200 2048 1
13901 W 28469248 2048 1
13902 W 28471296 2048 1
13903 W 28473344 2048 1
13904 W 28475392 2048 1
13905 W 28477440 2048 1
13906 W 28479488 2048 1
13907 W 28481536 2048 1
13908 W 28483584 2048 1
13909 W 28485632 2048 1
13910 W 28487680 2048 1
13911 W 28489728 2048 1
13912 W 28491776 2048 1
13913 W 28493824 2048 1
13914 W 28495872 2048 1
13915 W 28497920 2048 1
13916 W 28499968 2048 1
13917 W 28502016 2048 1
13918 W 28504064 2048 1
13919 W 28506112 2048 1
13920 W 28508160 2048 1
13921 W 28510208 2048 1
13922 W 28512256 2048 1
13923 W 28514304 2048 1
13924 W 28516352 2048 1
13925 W 28518400 2048 1
13926 W 28520448 2048 1
13927 W 28522496 2048 1
13928 W 28524544 2048 1
13929 W 28526592 2048 1
13930 W 28528640 2048 1
13931 W 28530688 2048 1
13932 W 28532736 2048 1
13933 W 28534784 2048 1
13934 W 28536832 2048 1
13935 W 28538880 2048 1
13936 W 28540928 2048 1
13937 W 28542976 2048 1
13938 W 28545024 2048 1
13939 W 28547072 2048 1
13940 W 28549120 2048 1
13941 W 28551168 2048 1
13942 W 28553216 2048 1
13943 W 28555264 2048 1
13944 W 28557312 2048 1
13945 W 28559360 2048 1
13946 W 28561408 2048 1
13947 W 28563456 2048 1
13948 W 28565504 2048 1
13949 W 28567552 2048 1
13950 W 28569600 2048 1
13951 W 28571648 2048 1
13952 W 28573696 2048 1
13953 W 28575744 2048 1
13954 W 28577792 2048 1
13955 W 28579840 2048 1
13956 W 28581888 2048 1
13957 W 28583936 2048 1
13958 W 28585984 2048 1
13959 W 28588032 2048 1
13960 W 28590080 2048 1
13961 W 28592128 2048 1
13962 W 28594176 2048 1
13963 W 28596224 2048 1
13964 W 28598272 2048 1
13965 W 28600320 2048 1
13966 W 28602368 2048 1
13967 W 28604416 2048 1
13968 W 28606464 2048 1
13969 W 28608512 2048 1
13970 W 28610560 2048 1
13971 W 28612608 2048 1
13972 W 28614656 2048 1
13973 W 28616704 2048 1
13974 W 28618752 2048 1
13975 W 28620800 2048 1
13976 W 28622848 2048 1
13977 W 28624896 2048 1
13978 W 28626944 2048 1
13979 W 28628992 2048 1
13980 W 28631040 2048 1
13981 W 28633088 2048 1
13982 W 28635136 2048 1
13983 W 28637184 2048 1
13984 W 28639232 2048 1
13985 W 28641280 2048 1
13986 W 28643328 2048 1
13987 W 28645376 2048 1
13988 W 28647424 2048 1
13989 W 28649472 2048 1
13990 W 28651520 2048 1
13991 W 28653568 2048 1
13992 W 28655616 2048 1
13993 W 28657664 2048 1
13994 W 28659712 2048 1
13995 W 28661760 2048 1
13996 W 28663808 2048 1
13997 W 28665856 2048 1
13998 W 28667904 2048 1
13999 W 28669952 2048 1
14000 W 28672000 2048 1
14001 W 28674048 2048 1
14002 W 28676096 2048 1
14003 W 28678144 2048 1
14004 W 28680192 2048 1
14005 W 28682240 2048 1
14006 W 28684288 2048 1
14007 W 28686336 2048 1
14008 W 28688384 2048 1
14009 W 28690432 2048 1
14010 W 28692480 2048 1
14011 W 28694528 2048 1
14012 W 28696576 2048 1
14013 W 28698624 2048 1
14014 W 28700672 2048 1
14015 W 28702720 2048 1
14016 W 28704768 2048 1
14017 W 28706816 2048 1
14018 W 28708864 2048 1
14019 W 28710912 2048 1
14020 W 28712960 2048 1
14021 W 28715008 2048 1
14022 W 28717056 2048 1
14023 W 28719104 2048 1
14024 W 28721152 2048 1
14025 W 28723200 2048 1
14026 W 28725248 2048 1
14027 W 28727296 2048 1
14028 W 28729344 2048 1
14029 W 28731392 2048 1
14030 W 28733440 2048 1
14031 W 28735488 2048 1
14032 W 28737536 2048 1
14033 W 28739584 2048 1
14034 W 28741632 2048 1
14035 W 28743680 2048 1
14036 W 28745728 2048 1
14037 W 28747776 2048 1
14038 W 28749824 2048 1
14039 W 28751872 2048 1
14040 W 28753920 2048 1
14041 W 28755968 2048 1
14042 W 28758016 2048 1
14043 W 28760064 2048 1
14044 W 28762112 2048 1
14045 W 28764160 2048 1
14046 W 28766208 2048 1
14047 W 28768256 2048 1
14048 W 28770304 2048 1
14049 W 28772352 2048 1
14050 W 28774400 2048 1
14051 W 28776448 2048 1
14052 W 28778496 2048 1
14053 W 28780544 2048 1
14054 W 28782592 2048 1
14055 W 28784640 2048 1
14056 W 28786688 2048 1
14057 W 28788736 2048 1
14058 W 28790784 2048 1
14059 W 28792832 2048 1
14060 W 28794880 2048 1
14061 W 28796928 2048 1
14062 W 28798976 2048 1
14063 W 28801024 2048 1
14064 W 28803072 2048 1
14065 W 28805120 2048 1
14066 W 28807168 2048 1
14067 W 28809216 2048 1
14068 W 28811264 2048 1
14069 W 28813312 2048 1
14070 W 28815360 2048 1
14071 W 28817408 2048 1
14072 W 28819456 2048 1
14073 W 28821504 2048 1
14074 W 28823552 2048 1
14075 W 28825600 2048 1
14076 W 28827648 2048 1
14077 W 28829696 2048 1
14078 W 28831744 2048 1
14079 W 28833792 2048 1
14080 W 28835840 2048 1
14081 W 28837888 2048 1
14082 W 28839936 2048 1
14083 W 28841984 2048 1
14084 W 28844032 2048 1
14085 W 28846080 2048 1
14086 W 28848128 2048 1
14087 W 28850176 2048 1
14088 W 28852224 2048 1
14089 W 28854272 2048 1
14090 W 28856320 2048 1
14091 W 28858368 2048 1
14092 W 28860416 2048 1
14093 W 28862464 2048 1
14094 W 28864512 2048 1
14095 W 28866560 2048 1
14096 W 28868608 2048 1
14097 W 28870656 2048 1
14098 W 28872704 2048 1
14099 W 28874752 2048 1
14100 W 28876800 2048 1
14101 W 28878848 2048 1
14102 W 28880896 2048 1
14103 W 28882944 2048 1
14104 W 28884992 2048 1
14105 W 28887040 2048 1
14106 W 28889088 2048 1
14107 W 28891136 2048 1
14108 W 28893184 2048 1
14109 W 28895232 2048 1
14110 W 28897280 2048 1
14111 W 28899328 2048 1
14112 W 28901376 2048 1
14113 W 28903424 2048 1
14114 W 28905472 2048 1
14115 W 28907520 2048 1
14116 W 28909568 2048 1
14117 W 28911616 2048 1
14118 W 28913664 2048 1
14119 W 28915712 2048 1
14120 W 28917760 2048 1
14121 W 28919808 2048 1
14122 W 28921856 2048 1
14123 W 28923904 2048 1
14124 W 28925952 2048 1
14125 W 28928000 2048 1
14126 W 28930048 2048 1
14127 W 28932096 2048 1
14128 W 28934144 2048 1
14129 W 28936192 2048 1
14130 W 28938240 2048 1
14131 W 28940288 2048 1
14132 W 28942336 2048 1
14133 W 28944384 2048 1
14134 W 28946432 2048 1
14135 W 28948480 2048 1
14136 W 28950528 2048 1
14137 W 28952576 2048 1
14138 W 28954624 2048 1
14139 W 28956672 2048 1
14140 W 28958720 2048 1
14141 W 28960768 2048 1
14142 W 28962816 2048 1
14143 W 28964864 2048 1
14144 W 28966912 2048 1
14145 W 28968960 2048 1
14146 W 28971008 2048 1
14147 W 28973056 2048 1
14148 W 28975104 2048 1
14149 W 28977152 2048 1
14150 W 28979200 2048 1
14151 W 28981248 2048 1
14152 W 28983296 2048 1
14153 W 28985344 2048 1
14154 W 28987392 2048 1
14155 W 28989440 2048 1
14156 W 28991488 2048 1
14157 W 28993536 2048 1
14158 W 28995584 2048 1
14159 W 28997632 2048 1
14160 W 28999680 2048 1
14161 W 29001728 2048 1
14162 W 29003776 2048 1
14163 W 29005824 2048 1
14164 W 29007872 2048 1
14165 W 29009920 2048 1
14166 W 29011968 2048 1
14167 W 29014016 2048 1
14168 W 29016064 2048 1
14169 W 29018112 2048 1
14170 W 29020160 2048 1
14171 W 29022208 2048 1
14172 W 29024256 2048 1
14173 W 29026304 2048 1
14174 W 29028352 2048 1
14175 W 29030400 2048 1
14176 W 29032448 2048 1
14177 W 29034496 2048 1
14178 W 29036544 2048 1
14179 W 29038592 2048 1
14180 W 29040640 2048 1
14181 W 29042688 2048 1
14182 W 29044736 2048 1
14183 W 29046784 2048 1
14184 W 29048832 2048 1
14185 W 29050880 2048 1
14186 W 29052928 2048 1
14187 W 29054976 2048 1
14188 W 29057024 2048 1
14189 W 29059072 2048 1
14190 W 29061120 2048 1
14191 W 29063168 2048 1
14192 W 29065216 2048 1
14193 W 29067264 2048 1
14194 W 29069312 2048 1
14195 W 29071360 2048 1
14196 W 29073408 2048 1
14197 W 29075456 2048 1
14198 W 29077504 2048 1
14199 W 29079552 2048 1
14200 W 29081600 2048 1
14201 W 29083648 2048 1
14202 W 29085696 2048 1
14203 W 29087744 2048 1
14204 W 29089792 2048 1
14205 W 29091840 2048 1
14206 W 29093888 2048 1
14207 W 29095936 2048 1
14208 W 29097984 2048 1
14209 W 29100032 2048 1
14210 W 29102080 2048 1
14211 W 29104128 2048 1
14212 W 29106176 2048 1
14213 W 29108224 2048 1
14214 W 29110272 2048 1
14215 W 29112320 2048 1
14216 W 29114368 2048 1
14217 W 29116416 2048 1
14218 W 29118464 2048 1
14219 W 29120512 2048 1
14220 W 29122560 2048 1
14221 W 29124608 2048 1
14222 W 29126656 2048 1
14223 W 29128704 2048 1
14224 W 29130752 2048 1
14225 W 29132800 2048 1
14226 W 29134848 2048 1
14227 W 29136896 2048 1
14228 W 29138944 2048 1
14229 W 29140992 2048 1
14230 W 29143040 2048 1
14231 W 29145088 2048 1
14232 W 29147136 2048 1
14233 W 29149184 2048 1
14234 W 29151232 2048 1
14235 W 29153280 2048 1
14236 W 29155328 2048 1
14237 W 29157376 2048 1
14238 W 29159424 2048 1
14239 W 29161472 2048 1
14240 W 29163520 2048 1
14241 W 29165568 2048 1
14242 W 29167616 2048 1
14243 W 29169664 2048 1
14244 W 29171712 2048 1
14245 W 29173760 2048 1
14246 W 29175808 2048 1
14247 W 29177856 2048 1
14248 W 29179904 2048 1
14249 W 29181952 2048 1
14250 W 29184000 2048 1
14251 W 29186048 2048 1
14252 W 29188096 2048 1
14253 W 29190144 2048 1
14254 W 29192192 2048 1
14255 W 29194240 2048 1
14256 W 29196288 2048 1
14257 W 29198336 2048 1
14258 W 29200384 2048 1
14259 W 29202432 2048 1
14260 W 29204480 2048 1
14261 W 29206528 2048 1
14262 W 29208576 2048 1
14263 W 29210624 2048 1
14264 W 29212672 2048 1
14265 W 29214720 2048 1
14266 W 29216768 2048 1
14267 W 29218816 2048 1
14268 W 29220864 2048 1
14269 W 29222912 2048 1
14270 W 29224960 2048 1
14271 W 29227008 2048 1
14272 W 29229056 2048 1
14273 W 29231104 2048 1
14274 W 29233152 2048 1
14275 W 29235200 2048 1
14276 W 29237248 2048 1
14277 W 29239296 2048 1
14278 W 29241344 2048 1
14279 W 29243392 2048 1
14280 W 29245440 2048 1
14281 W 29247488 2048 1
14282 W 29249536 2048 1
14283 W 29251584 2048 1
14284 W 29253632 2048 1
14285 W 29255680 2048 1
14286 W 29257728 2048 1
14287 W 29259776 2048 1
14288 W 29261824 2048 1
14289 W 29263872 2048 1
14290 W 29265920 2048 1
14291 W 29267968 2048 1
14292 W 29270016 2048 1
14293 W 29272064 2048 1
14294 W 29274112 2048 1
14295 W 29276160 2048 1
14296 W 29278208 2048 1
14297 W 29280256 2048 1
14298 W 29282304 2048 1
14299 W 29284352 2048 1
14300 W 29286400 2048 1
14301 W 29288448 2048 1
14302 W 29290496 2048 1
14303 W 29292544 2048 1
14304 W 29294592 2048 1
14305 W 29296640 2048 1
14306 W 29298688 2048 1
14307 W 29300736 2048 1
14308 W 29302784 2048 1
14309 W 29304832 2048 1
14310 W 29306880 2048 1
14311 W 29308928 2048 1
14312 W 29310976 2048 1
14313 W 29313024 2048 1
14314 W 29315072 2048 1
14315 W 29317120 2048 1
14316 W 29319168 2048 1
14317 W 29321216 2048 1
14318 W 29323264 2048 1
14319 W 29325312 2048 1
14320 W 29327360 2048 1
14321 W 29329408 2048 1
14322 W 29331456 2048 1
14323 W 29333504 2048 1
14324 W 29335552 2048 1
14325 W 29337600 2048 1
14326 W 29339648 2048 1
14327 W 29341696 2048 1
14328 W 29343744 2048 1
14329 W 29345792 2048 1
14330 W 29347840 2048 1
14331 W 29349888 2048 1
14332 W 29351936 2048 1
14333 W 29353984 2048 1
14334 W 29356032 2048 1
14335 W 29358080 2048 1
14336 W 29360128 2048 1
14337 W 29362176 2048 1
14338 W 29364224 2048 1
14339 W 29366272 2048 1
14340 W 29368320 2048 1
14341 W 29370368 2048 1
14342 W 29372416 2048 1
14343 W 29374464 2048 1
14344 W 29376512 2048 1
14345 W 29378560 2048 1
14346 W 29380608 2048 1
14347 W 29382656 2048 1
14348 W 29384704 2048 1
14349 W 29386752 2048 1
14350 W 29388800 2048 1
14351 W 29390848 2048 1
14352 W 29392896 2048 1
14353 W 29394944 2048 1
14354 W 29396992 2048 1
14355 W 29399040 2048 1
14356 W 29401088 2048 1
14357 W 29403136 2048 1
14358 W 29405184 2048 1
14359 W 29407232 2048 1
14360 W 29409280 2048 1
14361 W 29411328 2048 1
14362 W 29413376 2048 1
14363 W 29415424 2048 1
14364 W 29417472 2048 1
14365 W 29419520 2048 1
14366 W 29421568 2048 1
14367 W 29423616 2048 1
14368 W 29425664 2048 1
14369 W 29427712 2048 1
14370 W 29429760 2048 1
14371 W 29431808 2048 1
14372 W 29433856 2048 1
14373 W 29435904 2048 1
14374 W 29437952 2048 1
14375 W 29440000 2048 1
14376 W 29442048 2048 1
14377 W 29444096 2048 1
14378 W 29446144 2048 1
14379 W 29448192 2048 1
14380 W 29450240 2048 1
14381 W 29452288 2048 1
14382 W 29454336 2048 1
14383 W 29456384 2048 1
14384 W 29458432 2048 1
14385 W 29460480 2048 1
14386 W 29462528 2048 1
14387 W 29464576 2048 1
14388 W 29466624 2048 1
14389 W 29468672 2048 1
14390 W 29470720 2048 1
14391 W 29472768 2048 1
14392 W 29474816 2048 1
14393 W 29476864 2048 1
14394 W 29478912 2048 1
14395 W 29480960 2048 1
14396 W 29483008 2048 1
14397 W 29485056 2048 1
14398 W 29487104 2048 1
14399 W 29489152 2048 1
14400 W 29491200 2048 1
14401 W 29493248 2048 1
14402 W 29495296 2048 1
14403 W 29497344 2048 1
14404 W 29499392 2048 1
14405 W 29501440 2048 1
14406 W 29503488 2048 1
14407 W 29505536 2048 1
14408 W 29507584 2048 1
14409 W 29509632 2048 1
14410 W 29511680 2048 1
14411 W 29513728 2048 1
14412 W 29515776 2048 1
14413 W 29517824 2048 1
14414 W 29519872 2048 1
14415 W 29521920 2048 1
14416 W 29523968 2048 1
14417 W 29526016 2048 1
14418 W 29528064 2048 1
14419 W 29530112 2048 1
14420 W 29532160 2048 1
14421 W 29534208 2048 1
14422 W 29536256 2048 1
14423 W 29538304 2048 1
14424 W 29540352 2048 1
14425 W 29542400 2048 1
14426 W 29544448 2048 1
14427 W 29546496 2048 1
14428 W 29548544 2048 1
14429 W 29550592 2048 1
14430 W 29552640 2048 1
14431 W 29554688 2048 1
14432 W 29556736 2048 1
14433 W 29558784 2048 1
14434 W 29560832 2048 1
14435 W 29562880 2048 1
14436 W 29564928 2048 1
14437 W 29566976 2048 1
14438 W 29569024 2048 1
14439 W 29571072 2048 1
14440 W 29573120 2048 1
14441 W 29575168 2048 1
14442 W 29577216 2048 1
14443 W 29579264 2048 1
14444 W 29581312 2048 1
14445 W 29583360 2048 1
14446 W 29585408 2048 1
14447 W 29587456 2048 1
14448 W 29589504 2048 1
14449 W 29591552 2048 1
14450 W 29593600 2048 1
14451 W 29595648 2048 1
14452 W 29597696 2048 1
14453 W 29599744 2048 1
14454 W 29601792 2048 1
14455 W 29603840 2048 1
14456 W 29605888 2048 1
14457 W 29607936 2048 1
14458 W 29609984 2048 1
14459 W 29612032 2048 1
14460 W 29614080 2048 1
14461 W 29616128 2048 1
14462 W 29618176 2048 1
14463 W 29620224 2048 1
14464 W 29622272 2048 1
14465 W 29624320 2048 1
14466 W 29626368 2048 1
14467 W 29628416 2048 1
14468 W 29630464 2048 1
14469 W 29632512 2048 1
14470 W 29634560 2048 1
14471 W 29636608 2048 1
14472 W 29638656 2048 1
14473 W 29640704 2048 1
14474 W 29642752 2048 1
14475 W 29644800 2048 1
14476 W 29646848 2048 1
14477 W 29648896 2048 1
14478 W 29650944 2048 1
14479 W 29652992 2048 1
14480 W 29655040 2048 1
14481 W 29657088 2048 1
14482 W 29659136 2048 1
14483 W 29661184 2048 1
14484 W 29663232 2048 1
14485 W 29665280 2048 1
14486 W 29667328 2048 1
14487 W 29669376 2048 1
14488 W 29671424 2048 1
14489 W 29673472 2048 1
14490 W 29675520 2048 1
14491 W 29677568 2048 1
14492 W 29679616 2048 1
14493 W 29681664 2048 1
14494 W 29683712 2048 1
14495 W 29685760 2048 1
14496 W 29687808 2048 1
14497 W 29689856 2048 1
14498 W 29691904 2048 1
14499 W 29693952 2048 1
14500 W 29696000 2048 1
14501 W 29698048 2048 1
14502 W 29700096 2048 1
14503 W 29702144 2048 1
14504 W 29704192 2048 1
14505 W 29706240 2048 1
14506 W 29708288 2048 1
14507 W 29710336 2048 1
14508 W 29712384 2048 1
14509 W 29714432 2048 1
14510 W 29716480 2048 1
14511 W 29718528 2048 1
14512 W 29720576 2048 1
14513 W 29722624 2048 1
14514 W 29724672 2048 1
14515 W 29726720 2048 1
14516 W 29728768 2048 1
14517 W 29730816 2048 1
14518 W 29732864 2048 1
14519 W 29734912 2048 1
14520 W 29736960 2048 1
14521 W 29739008 2048 1
14522 W 29741056 2048 1
14523 W 29743104 2048 1
14524 W 29745152 2048 1
14525 W 29747200 2048 1
14526 W 29749248 2048 1
14527 W 29751296 2048 1
14528 W 29753344 2048 1
14529 W 29755392 2048 1
14530 W 29757440 2048 1
14531 W 29759488 2048 1
14532 W 29761536 2048 1
14533 W 29763584 2048 1
14534 W 29765632 2048 1
14535 W 29767680 2048 1
14536 W 29769728 2048 1
14537 W 29771776 2048 1
14538 W 29773824 2048 1
14539 W 29775872 2048 1
14540 W 29777920 2048 1
14541 W 29779968 2048 1
14542 W 29782016 2048 1
14543 W 29784064 2048 1
14544 W 29786112 2048 1
14545 W 29788160 2048 1
14546 W 29790208 2048 1
14547 W 29792256 2048 1
14548 W 29794304 2048 1
14549 W 29796352 2048 1
14550 W 29798400 2048 1
14551 W 29800448 2048 1
14552 W 29802496 2048 1
14553 W 29804544 2048 1
14554 W 29806592 2048 1
14555 W 29808640 2048 1
14556 W 29810688 2048 1
14557 W 29812736 2048 1
14558 W 29814784 2048 1
14559 W 29816832 2048 1
14560 W 29818880 2048 1
14561 W 29820928 2048 1
14562 W 29822976 2048 1
14563 W 29825024 2048 1
14564 W 29827072 2048 1
14565 W 29829120 2048 1
14566 W 29831168 2048 1
14567 W 29833216 2048 1
14568 W 29835264 2048 1
14569 W 29837312 2048 1
14570 W 29839360 2048 1
14571 W 29841408 2048 1
14572 W 29843456 2048 1
14573 W 29845504 2048 1
14574 W 29847552 2048 1
14575 W 29849600 2048 1
14576 W 29851648 2048 1
14577 W 29853696 2048 1
14578 W 29855744 2048 1
14579 W 29857792 2048 1
14580 W 29859840 2048 1
14581 W 29861888 2048 1
14582 W 29863936 2048 1
14583 W 29865984 2048 1
14584 W 29868032 2048 1
14585 W 29870080 2048 1
14586 W 29872128 2048 1
14587 W 29874176 2048 1
14588 W 29876224 2048 1
14589 W 29878272 2048 1
14590 W 29880320 2048 1
14591 W 29882368 2048 1
14592 W 29884416 2048 1
14593 W 29886464 2048 1
14594 W 29888512 2048 1
14595 W 29890560 2048 1
14596 W 29892608 2048 1
14597 W 29894656 2048 1
14598 W 29896704 2048 1
14599 W 29898752 2048 1
14600 W 29900800 2048 1
14601 W 29902848 2048 1
14602 W 29904896 2048 1
14603 W 29906944 2048 1
14604 W 29908992 2048 1
14605 W 29911040 2048 1
14606 W 29913088 2048 1
14607 W 29915136 2048 1
14608 W 29917184 2048 1
14609 W 29919232 2048 1
14610 W 29921280 2048 1
14611 W 29923328 2048 1
14612 W 29925376 2048 1
14613 W 29927424 2048 1
14614 W 29929472 2048 1
14615 W 29931520 2048 1
14616 W 29933568 2048 1
14617 W 29935616 2048 1
14618 W 29937664 2048 1
14619 W 29939712 2048 1
14620 W 29941760 2048 1
14621 W 29943808 2048 1
14622 W 29945856 2048 1
14623 W 29947904 2048 1
14624 W 29949952 2048 1
14625 W 29952000 2048 1
14626 W 29954048 2048 1
14627 W 29956096 2048 1
14628 W 29958144 2048 1
14629 W 29960192 2048 1
14630 W 29962240 2048 1
14631 W 29964288 2048 1
14632 W 29966336 2048 1
14633 W 29968384 2048 1
14634 W 29970432 2048 1
14635 W 29972480 2048 1
14636 W 29974528 2048 1
14637 W 29976576 2048 1
14638 W 29978624 2048 1
14639 W 29980672 2048 1
14640 W 29982720 2048 1
14641 W 29984768 2048 1
14642 W 29986816 2048 1
14643 W 29988864 2048 1
14644 W 29990912 2048 1
14645 W 29992960 2048 1
14646 W 29995008 2048 1
14647 W 29997056 2048 1
14648 W 29999104 2048 1
14649 W 30001152 2048 1
14650 W 30003200 2048 1
14651 W 30005248 2048 1
14652 W 30007296 2048 1
14653 W 30009344 2048 1
14654 W 30011392 2048 1
14655 W 30013440 2048 1
14656 W 30015488 2048 1
14657 W 30017536 2048 1
14658 W 30019584 2048 1
14659 W 30021632 2048 1
14660 W 30023680 2048 1
14661 W 30025728 2048 1
14662 W 30027776 2048 1
14663 W 30029824 2048 1
14664 W 30031872 2048 1
14665 W 30033920 2048 1
14666 W 30035968 2048 1
14667 W 30038016 2048 1
14668 W 30040064 2048 1
14669 W 30042112 2048 1
14670 W 30044160 2048 1
14671 W 30046208 2048 1
14672 W 30048256 2048 1
14673 W 30050304 2048 1
14674 W 30052352 2048 1
14675 W 30054400 2048 1
14676 W 30056448 2048 1
14677 W 30058496 2048 1
14678 W 30060544 2048 1
14679 W 30062592 2048 1
14680 W 30064640 2048 1
14681 W 30066688 2048 1
14682 W 30068736 2048 1
14683 W 30070784 2048 1
14684 W 30072832 2048 1
14685 W 30074880 2048 1
14686 W 30076928 2048 1
14687 W 30078976 2048 1
14688 W 30081024 2048 1
14689 W 30083072 2048 1
14690 W 30085120 2048 1
14691 W 30087168 2048 1
14692 W 30089216 2048 1
14693 W 30091264 2048 1
14694 W 30093312 2048 1
14695 W 30095360 2048 1
14696 W 30097408 2048 1
14697 W 30099456 2048 1
14698 W 30101504 2048 1
14699 W 30103552 2048 1
14700 W 30105600 2048 1
14701 W 30107648 2048 1
14702 W 30109696 2048 1
14703 W 30111744 2048 1
14704 W 30113792 2048 1
14705 W 30115840 2048 1
14706 W 30117888 2048 1
14707 W 30119936 2048 1
14708 W 30121984 2048 1
14709 W 30124032 2048 1
14710 W 30126080 2048 1
14711 W 30128128 2048 1
14712 W 30130176 2048 1
14713 W 30132224 2048 1
14714 W 30134272 2048 1
14715 W 30136320 2048 1
14716 W 30138368 2048 1
14717 W 30140416 2048 1
14718 W 30142464 2048 1
14719 W 30144512 2048 1
14720 W 30146560 2048 1
14721 W 30148608 2048 1
14722 W 30150656 2048 1
14723 W 30152704 2048 1
14724 W 30154752 2048 1
14725 W 30156800 2048 1
14726 W 30158848 2048 1
14727 W 30160896 2048 1
14728 W 30162944 2048 1
14729 W 30164992 2048 1
14730 W 30167040 2048 1
14731 W 30169088 2048 1
14732 W 30171136 2048 1
14733 W 30173184 2048 1
14734 W 30175232 2048 1
14735 W 30177280 2048 1
14736 W 30179328 2048 1
14737 W 30181376 2048 1
14738 W 30183424 2048 1
14739 W 30185472 2048 1
14740 W 30187520 2048 1
14741 W 30189568 2048 1
14742 W 30191616 2048 1
14743 W 30193664 2048 1
14744 W 30195712 2048 1
14745 W 30197760 2048 1
14746 W 30199808 2048 1
14747 W 30201856 2048 1
14748 W 30203904 2048 1
14749 W 30205952 2048 1
14750 W 30208000 2048 1
14751 W 30210048 2048 1
14752 W 30212096 2048 1
14753 W 30214144 2048 1
14754 W 30216192 2048 1
14755 W 30218240 2048 1
14756 W 30220288 2048 1
14757 W 30222336 2048 1
14758 W 30224384 2048 1
14759 W 30226432 2048 1
14760 W 30228480 2048 1
14761 W 30230528 2048 1
14762 W 30232576 2048 1
14763 W 30234624 2048 1
14764 W 30236672 2048 1
14765 W 30238720 2048 1
14766 W 30240768 2048 1
14767 W 30242816 2048 1
14768 W 30244864 2048 1
14769 W 30246912 2048 1
14770 W 30248960 2048 1
14771 W 30251008 2048 1
14772 W 30253056 2048 1
14773 W 30255104 2048 1
14774 W 30257152 2048 1
14775 W 30259200 2048 1
14776 W 30261248 2048 1
14777 W 30263296 2048 1
14778 W 30265344 2048 1
14779 W 30267392 2048 1
14780 W 30269440 2048 1
14781 W 30271488 2048 1
14782 W 30273536 2048 1
14783 W 30275584 2048 1
14784 W 30277632 2048 1
14785 W 30279680 2048 1
14786 W 30281728 2048 1
14787 W 30283776 2048 1
14788 W 30285824 2048 1
14789 W 30287872 2048 1
14790 W 30289920 2048 1
14791 W 30291968 2048 1
14792 W 30294016 2048 1
14793 W 30296064 2048 1
14794 W 30298112 2048 1
14795 W 30300160 2048 1
14796 W 30302208 2048 1
14797 W 30304256 2048 1
14798 W 30306304 2048 1
14799 W 30308352 2048 1
14800 W 30310400 2048 1
14801 W 30312448 2048 1
14802 W 30314496 2048 1
14803 W 30316544 2048 1
14804 W 30318592 2048 1
14805 W 30320640 2048 1
14806 W 30322688 2048 1
14807 W 30324736 2048 1
14808 W 30326784 2048 1
14809 W 30328832 2048 1
14810 W 30330880 2048 1
14811 W 30332928 2048 1
14812 W 30334976 2048 1
14813 W 30337024 2048 1
14814 W 30339072 2048 1
14815 W 30341120 2048 1
14816 W 30343168 2048 1
14817 W 30345216 2048 1
14818 W 30347264 2048 1
14819 W 30349312 2048 1
14820 W 30351360 2048 1
14821 W 30353408 2048 1
14822 W 30355456 2048 1
14823 W 30357504 2048 1
14824 W 30359552 2048 1
14825 W 30361600 2048 1
14826 W 30363648 2048 1
14827 W 30365696 2048 1
14828 W 30367744 2048 1
14829 W 30369792 2048 1
14830 W 30371840 2048 1
14831 W 30373888 2048 1
14832 W 30375936 2048 1
14833 W 30377984 2048 1
14834 W 30380032 2048 1
14835 W 30382080 2048 1
14836 W 30384128 2048 1
14837 W 30386176 2048 1
14838 W 30388224 2048 1
14839 W 30390272 2048 1
14840 W 30392320 2048 1
14841 W 30394368 2048 1
14842 W 30396416 2048 1
14843 W 30398464 2048 1
14844 W 30400512 2048 1
14845 W 30402560 2048 1
14846 W 30404608 2048 1
14847 W 30406656 2048 1
14848 W 30408704 2048 1
14849 W 30410752 2048 1
14850 W 30412800 2048 1
14851 W 30414848 2048 1
14852 W 30416896 2048 1
14853 W 30418944 2048 1
14854 W 30420992 2048 1
14855 W 30423040 2048 1
14856 W 30425088 2048 1
14857 W 30427136 2048 1
14858 W 30429184 2048 1
14859 W 30431232 2048 1
14860 W 30433280 2048 1
14861 W 30435328 2048 1
14862 W 30437376 2048 1
14863 W 30439424 2048 1
14864 W 30441472 2048 1
14865 W 30443520 2048 1
14866 W 30445568 2048 1
14867 W 30447616 2048 1
14868 W 30449664 2048 1
14869 W 30451712 2048 1
14870 W 30453760 2048 1
14871 W 30455808 2048 1
14872 W 30457856 2048 1
14873 W 30459904 2048 1
14874 W 30461952 2048 1
14875 W 30464000 2048 1
14876 W 30466048 2048 1
14877 W 30468096 2048 1
14878 W 30470144 2048 1
14879 W 30472192 2048 1
14880 W 30474240 2048 1
14881 W 30476288 2048 1
14882 W 30478336 2048 1
14883 W 30480384 2048 1
14884 W 30482432 2048 1
14885 W 30484480 2048 1
14886 W 30486528 2048 1
14887 W 30488576 2048 1
14888 W 30490624 2048 1
14889 W 30492672 2048 1
14890 W 30494720 2048 1
14891 W 30496768 2048 1
14892 W 30498816 2048 1
14893 W 30500864 2048 1
14894 W 30502912 2048 1
14895 W 30504960 2048 1
14896 W 30507008 2048 1
14897 W 30509056 2048 1
14898 W 30511104 2048 1
14899 W 30513152 2048 1
14900 W 30515200 2048 1
14901 W 30517248 2048 1
14902 W 30519296 2048 1
14903 W 30521344 2048 1
14904 W 30523392 2048 1
14905 W 30525440 2048 1
14906 W 30527488 2048 1
14907 W 30529536 2048 1
14908 W 30531584 2048 1
14909 W 30533632 2048 1
14910 W 30535680 2048 1
14911 W 30537728 2048 1
14912 W 30539776 2048 1
14913 W 30541824 2048 1
14914 W 30543872 2048 1
14915 W 30545920 2048 1
14916 W 30547968 2048 1
14917 W 30550016 2048 1
14918 W 30552064 2048 1
14919 W 30554112 2048 1
14920 W 30556160 2048 1
14921 W 30558208 2048 1
14922 W 30560256 2048 1
14923 W 30562304 2048 1
14924 W 30564352 2048 1
14925 W 30566400 2048 1
14926 W 30568448 2048 1
14927 W 30570496 2048 1
14928 W 30572544 2048 1
14929 W 30574592 2048 1
14930 W 30576640 2048 1
14931 W 30578688 2048 1
14932 W 30580736 2048 1
14933 W 30582784 2048 1
14934 W 30584832 2048 1
14935 W 30586880 2048 1
14936 W 30588928 2048 1
14937 W 30590976 2048 1
14938 W 30593024 2048 1
14939 W 30595072 2048 1
14940 W 30597120 2048 1
14941 W 30599168 2048 1
14942 W 30601216 2048 1
14943 W 30603264 2048 1
14944 W 30605312 2048 1
14945 W 30607360 2048 1
14946 W 30609408 2048 1
14947 W 30611456 2048 1
14948 W 30613504 2048 1
14949 W 30615552 2048 1
14950 W 30617600 2048 1
14951 W 30619648 2048 1
14952 W 30621696 2048 1
14953 W 30623744 2048 1
14954 W 30625792 2048 1
14955 W 30627840 2048 1
14956 W 30629888 2048 1
14957 W 30631936 2048 1
14958 W 30633984 2048 1
14959 W 30636032 2048 1
14960 W 30638080 2048 1
14961 W 30640128 2048 1
14962 W 30642176 2048 1
14963 W 30644224 2048 1
14964 W 30646272 2048 1
14965 W 30648320 2048 1
14966 W 30650368 2048 1
14967 W 30652416 2048 1
14968 W 30654464 2048 1
14969 W 30656512 2048 1
14970 W 30658560 2048 1
14971 W 30660608 2048 1
14972 W 30662656 2048 1
14973 W 30664704 2048 1
14974 W 30666752 2048 1
14975 W 30668800 2048 1
14976 W 30670848 2048 1
14977 W 30672896 2048 1
14978 W 30674944 2048 1
14979 W 30676992 2048 1
14980 W 30679040 2048 1
14981 W 30681088 2048 1
14982 W 30683136 2048 1
14983 W 30685184 2048 1
14984 W 30687232 2048 1
14985 W 30689280 2048 1
14986 W 30691328 2048 1
14987 W 30693376 2048 1
14988 W 30695424 2048 1
14989 W 30697472 2048 1
14990 W 30699520 2048 1
14991 W 30701568 2048 1
14992 W 30703616 2048 1
14993 W 30705664 2048 1
14994 W 30707712 2048 1
14995 W 30709760 2048 1
14996 W 30711808 2048 1
14997 W 30713856 2048 1
14998 W 30715904 2048 1
14999 W 30717952 2048 1
15000 W 30720000 2048 1
15001 W 30722048 2048 1
15002 W 30724096 2048 1
15003 W 30726144 2048 1
15004 W 30728192 2048 1
15005 W 30730240 2048 1
15006 W 30732288 2048 1
15007 W 30734336 2048 1
15008 W 30736384 2048 1
15009 W 30738432 2048 1
15010 W 30740480 2048 1
15011 W 30742528 2048 1
15012 W 30744576 2048 1
15013 W 30746624 2048 1
15014 W 30748672 2048 1
15015 W 30750720 2048 1
15016 W 30752768 2048 1
15017 W 30754816 2048 1
15018 W 30756864 2048 1
15019 W 30758912 2048 1
15020 W 30760960 2048 1
15021 W 30763008 2048 1
15022 W 30765056 2048 1
15023 W 30767104 2048 1
15024 W 30769152 2048 1
15025 W 30771200 2048 1
15026 W 30773248 2048 1
15027 W 30775296 2048 1
15028 W 30777344 2048 1
15029 W 30779392 2048 1
15030 W 30781440 2048 1
15031 W 30783488 2048 1
15032 W 30785536 2048 1
15033 W 30787584 2048 1
15034 W 30789632 2048 1
15035 W 30791680 2048 1
15036 W 30793728 2048 1
15037 W 30795776 2048 1
15038 W 30797824 2048 1
15039 W 30799872 2048 1
15040 W 30801920 2048 1
15041 W 30803968 2048 1
15042 W 30806016 2048 1
15043 W 30808064 2048 1
15044 W 30810112 2048 1
15045 W 30812160 2048 1
15046 W 30814208 2048 1
15047 W 30816256 2048 1
15048 W 30818304 2048 1
15049 W 30820352 2048 1
15050 W 30822400 2048 1
15051 W 30824448 2048 1
15052 W 30826496 2048 1
15053 W 30828544 2048 1
15054 W 30830592 2048 1
15055 W 30832640 2048 1
15056 W 30834688 2048 1
15057 W 30836736 2048 1
15058 W 30838784 2048 1
15059 W 30840832 2048 1
15060 W 30842880 2048 1
15061 W 30844928 2048 1
15062 W 30846976 2048 1
15063 W 30849024 2048 1
15064 W 30851072 2048 1
15065 W 30853120 2048 1
15066 W 30855168 2048 1
15067 W 30857216 2048 1
15068 W 30859264 2048 1
15069 W 30861312 2048 1
15070 W 30863360 2048 1
15071 W 30865408 2048 1
15072 W 30867456 2048 1
15073 W 30869504 2048 1
15074 W 30871552 2048 1
15075 W 30873600 2048 1
15076 W 30875648 2048 1
15077 W 30877696 2048 1
15078 W 30879744 2048 1
15079 W 30881792 2048 1
15080 W 30883840 2048 1
15081 W 30885888 2048 1
15082 W 30887936 2048 1
15083 W 30889984 2048 1
15084 W 30892032 2048 1
15085 W 30894080 2048 1
15086 W 30896128 2048 1
15087 W 30898176 2048 1
15088 W 30900224 2048 1
15089 W 30902272 2048 1
15090 W 30904320 2048 1
15091 W 30906368 2048 1
15092 W 30908416 2048 1
15093 W 30910464 2048 1
15094 W 30912512 2048 1
15095 W 30914560 2048 1
15096 W 30916608 2048 1
15097 W 30918656 2048 1
15098 W 30920704 2048 1
15099 W 30922752 2048 1
15100 W 30924800 2048 1
15101 W 30926848 2048 1
15102 W 30928896 2048 1
15103 W 30930944 2048 1
15104 W 30932992 2048 1
15105 W 30935040 2048 1
15106 W 30937088 2048 1
15107 W 30939136 2048 1
15108 W 30941184 2048 1
15109 W 30943232 2048 1
15110 W 30945280 2048 1
15111 W 30947328 2048 1
15112 W 30949376 2048 1
15113 W 30951424 2048 1
15114 W 30953472 2048 1
15115 W 30955520 2048 1
15116 W 30957568 2048 1
15117 W 30959616 2048 1
15118 W 30961664 2048 1
15119 W 30963712 2048 1
15120 W 30965760 2048 1
15121 W 30967808 2048 1
15122 W 30969856 2048 1
15123 W 30971904 2048 1
15124 W 30973952 2048 1
15125 W 30976000 2048 1
15126 W 30978048 2048 1
15127 W 30980096 2048 1
15128 W 30982144 2048 1
15129 W 30984192 2048 1
15130 W 30986240 2048 1
15131 W 30988288 2048 1
15132 W 30990336 2048 1
15133 W 30992384 2048 1
15134 W 30994432 2048 1
15135 W 30996480 2048 1
15136 W 30998528 2048 1
15137 W 31000576 2048 1
15138 W 31002624 2048 1
15139 W 31004672 2048 1
15140 W 31006720 2048 1
15141 W 31008768 2048 1
15142 W 31010816 2048 1
15143 W 31012864 2048 1
15144 W 31014912 2048 1
15145 W 31016960 2048 1
15146 W 31019008 2048 1
15147 W 31021056 2048 1
15148 W 31023104 2048 1
15149 W 31025152 2048 1
15150 W 31027200 2048 1
15151 W 31029248 2048 1
15152 W 31031296 2048 1
15153 W 31033344 2048 1
15154 W 31035392 2048 1
15155 W 31037440 2048 1
15156 W 31039488 2048 1
15157 W 31041536 2048 1
15158 W 31043584 2048 1
15159 W 31045632 2048 1
15160 W 31047680 2048 1
15161 W 31049728 2048 1
15162 W 31051776 2048 1
15163 W 31053824 2048 1
15164 W 31055872 2048 1
15165 W 31057920 2048 1
15166 W 31059968 2048 1
15167 W 31062016 2048 1
15168 W 31064064 2048 1
15169 W 31066112 2048 1
15170 W 31068160 2048 1
15171 W 31070208 2048 1
15172 W 31072256 2048 1
15173 W 31074304 2048 1
15174 W 31076352 2048 1
15175 W 31078400 2048 1
15176 W 31080448 2048 1
15177 W 31082496 2048 1
15178 W 31084544 2048 1
15179 W 31086592 2048 1
15180 W 31088640 2048 1
15181 W 31090688 2048 1
15182 W 31092736 2048 1
15183 W 31094784 2048 1
15184 W 31096832 2048 1
15185 W 31098880 2048 1
15186 W 31100928 2048 1
15187 W 31102976 2048 1
15188 W 31105024 2048 1
15189 W 31107072 2048 1
15190 W 31109120 2048 1
15191 W 31111168 2048 1
15192 W 31113216 2048 1
15193 W 31115264 2048 1
15194 W 31117312 2048 1
15195 W 31119360 2048 1
15196 W 31121408 2048 1
15197 W 31123456 2048 1
15198 W 31125504 2048 1
15199 W 31127552 2048 1
15200 W 31129600 2048 1
15201 W 31131648 2048 1
15202 W 31133696 2048 1
15203 W 31135744 2048 1
15204 W 31137792 2048 1
15205 W 31139840 2048 1
15206 W 31141888 2048 1
15207 W 31143936 2048 1
15208 W 31145984 2048 1
15209 W 31148032 2048 1
15210 W 31150080 2048 1
15211 W 31152128 2048 1
15212 W 31154176 2048 1
15213 W 31156224 2048 1
15214 W 31158272 2048 1
15215 W 31160320 2048 1
15216 W 31162368 2048 1
15217 W 31164416 2048 1
15218 W 31166464 2048 1
15219 W 31168512 2048 1
15220 W 31170560 2048 1
15221 W 31172608 2048 1
15222 W 31174656 2048 1
15223 W 31176704 2048 1
15224 W 31178752 2048 1
15225 W 31180800 2048 1
15226 W 31182848 2048 1
15227 W 31184896 2048 1
15228 W 31186944 2048 1
15229 W 31188992 2048 1
15230 W 31191040 2048 1
15231 W 31193088 2048 1
15232 W 31195136 2048 1
15233 W 31197184 2048 1
15234 W 31199232 2048 1
15235 W 31201280 2048 1
15236 W 31203328 2048 1
15237 W 31205376 2048 1
15238 W 31207424 2048 1
15239 W 31209472 2048 1
15240 W 31211520 2048 1
15241 W 31213568 2048 1
15242 W 31215616 2048 1
15243 W 31217664 2048 1
15244 W 31219712 2048 1
15245 W 31221760 2048 1
15246 W 31223808 2048 1
15247 W 31225856 2048 1
15248 W 31227904 2048 1
15249 W 31229952 2048 1
15250 W 31232000 2048 1
15251 W 31234048 2048 1
15252 W 31236096 2048 1
15253 W 31238144 2048 1
15254 W 31240192 2048 1
15255 W 31242240 2048 1
15256 W 31244288 2048 1
15257 W 31246336 2048 1
15258 W 31248384 2048 1
15259 W 31250432 2048 1
15260 W 31252480 2048 1
15261 W 31254528 2048 1
15262 W 31256576 2048 1
15263 W 31258624 2048 1
15264 W 31260672 2048 1
15265 W 31262720 2048 1
15266 W 31264768 2048 1
15267 W 31266816 2048 1
15268 W 31268864 2048 1
15269 W 31270912 2048 1
15270 W 31272960 2048 1
15271 W 31275008 2048 1
15272 W 31277056 2048 1
15273 W 31279104 2048 1
15274 W 31281152 2048 1
15275 W 31283200 2048 1
15276 W 31285248 2048 1
15277 W 31287296 2048 1
15278 W 31289344 2048 1
15279 W 31291392 2048 1
15280 W 31293440 2048 1
15281 W 31295488 2048 1
15282 W 31297536 2048 1
15283 W 31299584 2048 1
15284 W 31301632 2048 1
15285 W 31303680 2048 1
15286 W 31305728 2048 1
15287 W 31307776 2048 1
15288 W 31309824 2048 1
15289 W 31311872 2048 1
15290 W 31313920 2048 1
15291 W 31315968 2048 1
15292 W 31318016 2048 1
15293 W 31320064 2048 1
15294 W 31322112 2048 1
15295 W 31324160 2048 1
15296 W 31326208 2048 1
15297 W 31328256 2048 1
15298 W 31330304 2048 1
15299 W 31332352 2048 1
15300 W 31334400 2048 1
15301 W 31336448 2048 1
15302 W 31338496 2048 1
15303 W 31340544 2048 1
15304 W 31342592 2048 1
15305 W 31344640 2048 1
15306 W 31346688 2048 1
15307 W 31348736 2048 1
15308 W 31350784 2048 1
15309 W 31352832 2048 1
15310 W 31354880 2048 1
15311 W 31356928 2048 1
15312 W 31358976 2048 1
15313 W 31361024 2048 1
15314 W 31363072 2048 1
15315 W 31365120 2048 1
15316 W 31367168 2048 1
15317 W 31369216 2048 1
15318 W 31371264 2048 1
15319 W 31373312 2048 1
15320 W 31375360 2048 1
15321 W 31377408 2048 1
15322 W 31379456 2048 1
15323 W 31381504 2048 1
15324 W 31383552 2048 1
15325 W 31385600 2048 1
15326 W 31387648 2048 1
15327 W 31389696 2048 1
15328 W 31391744 2048 1
15329 W 31393792 2048 1
15330 W 31395840 2048 1
15331 W 31397888 2048 1
15332 W 31399936 2048 1
15333 W 31401984 2048 1
15334 W 31404032 2048 1
15335 W 31406080 2048 1
15336 W 31408128 2048 1
15337 W 31410176 2048 1
15338 W 31412224 2048 1
15339 W 31414272 2048 1
15340 W 31416320 2048 1
15341 W 31418368 2048 1
15342 W 31420416 2048 1
15343 W 31422464 2048 1
15344 W 31424512 2048 1
15345 W 31426560 2048 1
15346 W 31428608 2048 1
15347 W 31430656 2048 1
15348 W 31432704 2048 1
15349 W 31434752 2048 1
15350 W 31436800 2048 1
15351 W 31438848 2048 1
15352 W 31440896 2048 1
15353 W 31442944 2048 1
15354 W 31444992 2048 1
15355 W 31447040 2048 1
15356 W 31449088 2048 1
15357 W 31451136 2048 1
15358 W 31453184 2048 1
15359 W 31455232 2048 1
15360 W 31457280 2048 1
15361 W 31459328 2048 1
15362 W 31461376 2048 1
15363 W 31463424 2048 1
15364 W 31465472 2048 1
15365 W 31467520 2048 1
15366 W 31469568 2048 1
15367 W 31471616 2048 1
15368 W 31473664 2048 1
15369 W 31475712 2048 1
15370 W 31477760 2048 1
15371 W 31479808 2048 1
15372 W 31481856 2048 1
15373 W 31483904 2048 1
15374 W 31485952 2048 1
15375 W 31488000 2048 1
15376 W 31490048 2048 1
15377 W 31492096 2048 1
15378 W 31494144 2048 1
15379 W 31496192 2048 1
15380 W 31498240 2048 1
15381 W 31500288 2048 1
15382 W 31502336 2048 1
15383 W 31504384 2048 1
15384 W 31506432 2048 1
15385 W 31508480 2048 1
15386 W 31510528 2048 1
15387 W 31512576 2048 1
15388 W 31514624 2048 1
15389 W 31516672 2048 1
15390 W 31518720 2048 1
15391 W 31520768 2048 1
15392 W 31522816 2048 1
15393 W 31524864 2048 1
15394 W 31526912 2048 1
15395 W 31528960 2048 1
15396 W 31531008 2048 1
15397 W 31533056 2048 1
15398 W 31535104 2048 1
15399 W 31537152 2048 1
15400 W 31539200 2048 1
15401 W 31541248 2048 1
15402 W 31543296 2048 1
15403 W 31545344 2048 1
15404 W 31547392 2048 1
15405 W 31549440 2048 1
15406 W 31551488 2048 1
15407 W 31553536 2048 1
15408 W 31555584 2048 1
15409 W 31557632 2048 1
15410 W 31559680 2048 1
15411 W 31561728 2048 1
15412 W 31563776 2048 1
15413 W 31565824 2048 1
15414 W 31567872 2048 1
15415 W 31569920 2048 1
15416 W 31571968 2048 1
15417 W 31574016 2048 1
15418 W 31576064 2048 1
15419 W 31578112 2048 1
15420 W 31580160 2048 1
15421 W 31582208 2048 1
15422 W 31584256 2048 1
15423 W 31586304 2048 1
15424 W 31588352 2048 1
15425 W 31590400 2048 1
15426 W 31592448 2048 1
15427 W 31594496 2048 1
15428 W 31596544 2048 1
15429 W 31598592 2048 1
15430 W 31600640 2048 1
15431 W 31602688 2048 1
15432 W 31604736 2048 1
15433 W 31606784 2048 1
15434 W 31608832 2048 1
15435 W 31610880 2048 1
15436 W 31612928 2048 1
15437 W 31614976 2048 1
15438 W 31617024 2048 1
15439 W 31619072 2048 1
15440 W 31621120 2048 1
15441 W 31623168 2048 1
15442 W 31625216 2048 1
15443 W 31627264 2048 1
15444 W 31629312 2048 1
15445 W 31631360 2048 1
15446 W 31633408 2048 1
15447 W 31635456 2048 1
15448 W 31637504 2048 1
15449 W 31639552 2048 1
15450 W 31641600 2048 1
15451 W 31643648 2048 1
15452 W 31645696 2048 1
15453 W 31647744 2048 1
15454 W 31649792 2048 1
15455 W 31651840 2048 1
15456 W 31653888 2048 1
15457 W 31655936 2048 1
15458 W 31657984 2048 1
15459 W 31660032 2048 1
15460 W 31662080 2048 1
15461 W 31664128 2048 1
15462 W 31666176 2048 1
15463 W 31668224 2048 1
15464 W 31670272 2048 1
15465 W 31672320 2048 1
15466 W 31674368 2048 1
15467 W 31676416 2048 1
15468 W 31678464 2048 1
15469 W 31680512 2048 1
15470 W 31682560 2048 1
15471 W 31684608 2048 1
15472 W 31686656 2048 1
15473 W 31688704 2048 1
15474 W 31690752 2048 1
15475 W 31692800 2048 1
15476 W 31694848 2048 1
15477 W 31696896 2048 1
15478 W 31698944 2048 1
15479 W 31700992 2048 1
15480 W 31703040 2048 1
15481 W 31705088 2048 1
15482 W 31707136 2048 1
15483 W 31709184 2048 1
15484 W 31711232 2048 1
15485 W 31713280 2048 1
15486 W 31715328 2048 1
15487 W 31717376 2048 1
15488 W 31719424 2048 1
15489 W 31721472 2048 1
15490 W 31723520 2048 1
15491 W 31725568 2048 1
15492 W 31727616 2048 1
15493 W 31729664 2048 1
15494 W 31731712 2048 1
15495 W 31733760 2048 1
15496 W 31735808 2048 1
15497 W 31737856 2048 1
15498 W 31739904 2048 1
15499 W 31741952 2048 1
15500 W 31744000 2048 1
15501 W 31746048 2048 1
15502 W 31748096 2048 1
15503 W 31750144 2048 1
15504 W 31752192 2048 1
15505 W 31754240 2048 1
15506 W 31756288 2048 1
15507 W 31758336 2048 1
15508 W 31760384 2048 1
15509 W 31762432 2048 1
15510 W 31764480 2048 1
15511 W 31766528 2048 1
15512 W 31768576 2048 1
15513 W 31770624 2048 1
15514 W 31772672 2048 1
15515 W 31774720 2048 1
15516 W 31776768 2048 1
15517 W 31778816 2048 1
15518 W 31780864 2048 1
15519 W 31782912 2048 1
15520 W 31784960 2048 1
15521 W 31787008 2048 1
15522 W 31789056 2048 1
15523 W 31791104 2048 1
15524 W 31793152 2048 1
15525 W 31795200 2048 1
15526 W 31797248 2048 1
15527 W 31799296 2048 1
15528 W 31801344 2048 1
15529 W 31803392 2048 1
15530 W 31805440 2048 1
15531 W 31807488 2048 1
15532 W 31809536 2048 1
15533 W 31811584 2048 1
15534 W 31813632 2048 1
15535 W 31815680 2048 1
15536 W 31817728 2048 1
15537 W 31819776 2048 1
15538 W 31821824 2048 1
15539 W 31823872 2048 1
15540 W 31825920 2048 1
15541 W 31827968 2048 1
15542 W 31830016 2048 1
15543 W 31832064 2048 1
15544 W 31834112 2048 1
15545 W 31836160 2048 1
15546 W 31838208 2048 1
15547 W 31840256 2048 1
15548 W 31842304 2048 1
15549 W 31844352 2048 1
15550 W 31846400 2048 1
15551 W 31848448 2048 1
15552 W 31850496 2048 1
15553 W 31852544 2048 1
15554 W 31854592 2048 1
15555 W 31856640 2048 1
15556 W 31858688 2048 1
15557 W 31860736 2048 1
15558 W 31862784 2048 1
15559 W 31864832 2048 1
15560 W 31866880 2048 1
15561 W 31868928 2048 1
15562 W 31870976 2048 1
15563 W 31873024 2048 1
15564 W 31875072 2048 1
15565 W 31877120 2048 1
15566 W 31879168 2048 1
15567 W 31881216 2048 1
15568 W 31883264 2048 1
15569 W 31885312 2048 1
15570 W 31887360 2048 1
15571 W 31889408 2048 1
15572 W 31891456 2048 1
15573 W 31893504 2048 1
15574 W 31895552 2048 1
15575 W 31897600 2048 1
15576 W 31899648 2048 1
15577 W 31901696 2048 1
15578 W 31903744 2048 1
15579 W 31905792 2048 1
15580 W 31907840 2048 1
15581 W 31909888 2048 1
15582 W 31911936 2048 1
15583 W 31913984 2048 1
15584 W 31916032 2048 1
15585 W 31918080 2048 1
15586 W 31920128 2048 1
15587 W 31922176 2048 1
15588 W 31924224 2048 1
15589 W 31926272 2048 1
15590 W 31928320 2048 1
15591 W 31930368 2048 1
15592 W 31932416 2048 1
15593 W 31934464 2048 1
15594 W 31936512 2048 1
15595 W 31938560 2048 1
15596 W 31940608 2048 1
15597 W 31942656 2048 1
15598 W 31944704 2048 1
15599 W 31946752 2048 1
15600 W 31948800 2048 1
15601 W 31950848 2048 1
15602 W 31952896 2048 1
15603 W 31954944 2048 1
15604 W 31956992 2048 1
15605 W 31959040 2048 1
15606 W 31961088 2048 1
15607 W 31963136 2048 1
15608 W 31965184 2048 1
15609 W 31967232 2048 1
15610 W 31969280 2048 1
15611 W 31971328 2048 1
15612 W 31973376 2048 1
15613 W 31975424 2048 1
15614 W 31977472 2048 1
15615 W 31979520 2048 1
15616 W 31981568 2048 1
15617 W 31983616 2048 1
15618 W 31985664 2048 1
15619 W 31987712 2048 1
15620 W 31989760 2048 1
15621 W 31991808 2048 1
15622 W 31993856 2048 1
15623 W 31995904 2048 1
15624 W 31997952 2048 1
15625 W 32000000 2048 1
15626 W 32002048 2048 1
15627 W 32004096 2048 1
15628 W 32006144 2048 1
15629 W 32008192 2048 1
15630 W 32010240 2048 1
15631 W 32012288 2048 1
15632 W 32014336 2048 1
15633 W 32016384 2048 1
15634 W 32018432 2048 1
15635 W 32020480 2048 1
15636 W 32022528 2048 1
15637 W 32024576 2048 1
15638 W 32026624 2048 1
15639 W 32028672 2048 1
15640 W 32030720 2048 1
15641 W 32032768 2048 1
15642 W 32034816 2048 1
15643 W 32036864 2048 1
15644 W 32038912 2048 1
15645 W 32040960 2048 1
15646 W 32043008 2048 1
15647 W 32045056 2048 1
15648 W 32047104 2048 1
15649 W 32049152 2048 1
15650 W 32051200 2048 1
15651 W 32053248 2048 1
15652 W 32055296 2048 1
15653 W 32057344 2048 1
15654 W 32059392 2048 1
15655 W 32061440 2048 1
15656 W 32063488 2048 1
15657 W 32065536 2048 1
15658 W 32067584 2048 1
15659 W 32069632 2048 1
15660 W 32071680 2048 1
15661 W 32073728 2048 1
15662 W 32075776 2048 1
15663 W 32077824 2048 1
15664 W 32079872 2048 1
15665 W 32081920 2048 1
15666 W 32083968 2048 1
15667 W 32086016 2048 1
15668 W 32088064 2048 1
15669 W 32090112 2048 1
15670 W 32092160 2048 1
15671 W 32094208 2048 1
15672 W 32096256 2048 1
15673 W 32098304 2048 1
15674 W 32100352 2048 1
15675 W 32102400 2048 1
15676 W 32104448 2048 1
15677 W 32106496 2048 1
15678 W 32108544 2048 1
15679 W 32110592 2048 1
15680 W 32112640 2048 1
15681 W 32114688 2048 1
15682 W 32116736 2048 1
15683 W 32118784 2048 1
15684 W 32120832 2048 1
15685 W 32122880 2048 1
15686 W 32124928 2048 1
15687 W 32126976 2048 1
15688 W 32129024 2048 1
15689 W 32131072 2048 1
15690 W 32133120 2048 1
15691 W 32135168 2048 1
15692 W 32137216 2048 1
15693 W 32139264 2048 1
15694 W 32141312 2048 1
15695 W 32143360 2048 1
15696 W 32145408 2048 1
15697 W 32147456 2048 1
15698 W 32149504 2048 1
15699 W 32151552 2048 1
15700 W 32153600 2048 1
15701 W 32155648 2048 1
15702 W 32157696 2048 1
15703 W 32159744 2048 1
15704 W 32161792 2048 1
15705 W 32163840 2048 1
15706 W 32165888 2048 1
15707 W 32167936 2048 1
15708 W 32169984 2048 1
15709 W 32172032 2048 1
15710 W 32174080 2048 1
15711 W 32176128 2048 1
15712 W 32178176 2048 1
15713 W 32180224 2048 1
15714 W 32182272 2048 1
15715 W 32184320 2048 1
15716 W 32186368 2048 1
15717 W 32188416 2048 1
15718 W 32190464 2048 1
15719 W 32192512 2048 1
15720 W 32194560 2048 1
15721 W 32196608 2048 1
15722 W 32198656 2048 1
15723 W 32200704 2048 1
15724 W 32202752 2048 1
15725 W 32204800 2048 1
15726 W 32206848 2048 1
15727 W 32208896 2048 1
15728 W 32210944 2048 1
15729 W 32212992 2048 1
15730 W 32215040 2048 1
15731 W 32217088 2048 1
15732 W 32219136 2048 1
15733 W 32221184 2048 1
15734 W 32223232 2048 1
15735 W 32225280 2048 1
15736 W 32227328 2048 1
15737 W 32229376 2048 1
15738 W 32231424 2048 1
15739 W 32233472 2048 1
15740 W 32235520 2048 1
15741 W 32237568 2048 1
15742 W 32239616 2048 1
15743 W 32241664 2048 1
15744 W 32243712 2048 1
15745 W 32245760 2048 1
15746 W 32247808 2048 1
15747 W 32249856 2048 1
15748 W 32251904 2048 1
15749 W 32253952 2048 1
15750 W 32256000 2048 1
15751 W 32258048 2048 1
15752 W 32260096 2048 1
15753 W 32262144 2048 1
15754 W 32264192 2048 1
15755 W 32266240 2048 1
15756 W 32268288 2048 1
15757 W 32270336 2048 1
15758 W 32272384 2048 1
15759 W 32274432 2048 1
15760 W 32276480 2048 1
15761 W 32278528 2048 1
15762 W 32280576 2048 1
15763 W 32282624 2048 1
15764 W 32284672 2048 1
15765 W 32286720 2048 1
15766 W 32288768 2048 1
15767 W 32290816 2048 1
15768 W 32292864 2048 1
15769 W 32294912 2048 1
15770 W 32296960 2048 1
15771 W 32299008 2048 1
15772 W 32301056 2048 1
15773 W 32303104 2048 1
15774 W 32305152 2048 1
15775 W 32307200 2048 1
15776 W 32309248 2048 1
15777 W 32311296 2048 1
15778 W 32313344 2048 1
15779 W 32315392 2048 1
15780 W 32317440 2048 1
15781 W 32319488 2048 1
15782 W 32321536 2048 1
15783 W 32323584 2048 1
15784 W 32325632 2048 1
15785 W 32327680 2048 1
15786 W 32329728 2048 1
15787 W 32331776 2048 1
15788 W 32333824 2048 1
15789 W 32335872 2048 1
15790 W 32337920 2048 1
15791 W 32339968 2048 1
15792 W 32342016 2048 1
15793 W 32344064 2048 1
15794 W 32346112 2048 1
15795 W 32348160 2048 1
15796 W 32350208 2048 1
15797 W 32352256 2048 1
15798 W 32354304 2048 1
15799 W 32356352 2048 1
15800 W 32358400 2048 1
15801 W 32360448 2048 1
15802 W 32362496 2048 1
15803 W 32364544 2048 1
15804 W 32366592 2048 1
15805 W 32368640 2048 1
15806 W 32370688 2048 1
15807 W 32372736 2048 1
15808 W 32374784 2048 1
15809 W 32376832 2048 1
15810 W 32378880 2048 1
15811 W 32380928 2048 1
15812 W 32382976 2048 1
15813 W 32385024 2048 1
15814 W 32387072 2048 1
15815 W 32389120 2048 1
15816 W 32391168 2048 1
15817 W 32393216 2048 1
15818 W 32395264 2048 1
15819 W 32397312 2048 1
15820 W 32399360 2048 1
15821 W 32401408 2048 1
15822 W 32403456 2048 1
15823 W 32405504 2048 1
15824 W 32407552 2048 1
15825 W 32409600 2048 1
15826 W 32411648 2048 1
15827 W 32413696 2048 1
15828 W 32415744 2048 1
15829 W 32417792 2048 1
15830 W 32419840 2048 1
15831 W 32421888 2048 1
15832 W 32423936 2048 1
15833 W 32425984 2048 1
15834 W 32428032 2048 1
15835 W 32430080 2048 1
15836 W 32432128 2048 1
15837 W 32434176 2048 1
15838 W 32436224 2048 1
15839 W 32438272 2048 1
15840 W 32440320 2048 1
15841 W 32442368 2048 1
15842 W 32444416 2048 1
15843 W 32446464 2048 1
15844 W 32448512 2048 1
15845 W 32450560 2048 1
15846 W 32452608 2048 1
15847 W 32454656 2048 1
15848 W 32456704 2048 1
15849 W 32458752 2048 1
15850 W 32460800 2048 1
15851 W 32462848 2048 1
15852 W 32464896 2048 1
15853 W 32466944 2048 1
15854 W 32468992 2048 1
15855 W 32471040 2048 1
15856 W 32473088 2048 1
15857 W 32475136 2048 1
15858 W 32477184 2048 1
15859 W 32479232 2048 1
15860 W 32481280 2048 1
15861 W 32483328 2048 1
15862 W 32485376 2048 1
15863 W 32487424 2048 1
15864 W 32489472 2048 1
15865 W 32491520 2048 1
15866 W 32493568 2048 1
15867 W 32495616 2048 1
15868 W 32497664 2048 1
15869 W 32499712 2048 1
15870 W 32501760 2048 1
15871 W 32503808 2048 1
15872 W 32505856 2048 1
15873 W 32507904 2048 1
15874 W 32509952 2048 1
15875 W 32512000 2048 1
15876 W 32514048 2048 1
15877 W 32516096 2048 1
15878 W 32518144 2048 1
15879 W 32520192 2048 1
15880 W 32522240 2048 1
15881 W 32524288 2048 1
15882 W 32526336 2048 1
15883 W 32528384 2048 1
15884 W 32530432 2048 1
15885 W 32532480 2048 1
15886 W 32534528 2048 1
15887 W 32536576 2048 1
15888 W 32538624 2048 1
15889 W 32540672 2048 1
15890 W 32542720 2048 1
15891 W 32544768 2048 1
15892 W 32546816 2048 1
15893 W 32548864 2048 1
15894 W 32550912 2048 1
15895 W 32552960 2048 1
15896 W 32555008 2048 1
15897 W 32557056 2048 1
15898 W 32559104 2048 1
15899 W 32561152 2048 1
15900 W 32563200 2048 1
15901 W 32565248 2048 1
15902 W 32567296 2048 1
15903 W 32569344 2048 1
15904 W 32571392 2048 1
15905 W 32573440 2048 1
15906 W 32575488 2048 1
15907 W 32577536 2048 1
15908 W 32579584 2048 1
15909 W 32581632 2048 1
15910 W 32583680 2048 1
15911 W 32585728 2048 1
15912 W 32587776 2048 1
15913 W 32589824 2048 1
15914 W 32591872 2048 1
15915 W 32593920 2048 1
15916 W 32595968 2048 1
15917 W 32598016 2048 1
15918 W 32600064 2048 1
15919 W 32602112 2048 1
15920 W 32604160 2048 1
15921 W 32606208 2048 1
15922 W 32608256 2048 1
15923 W 32610304 2048 1
15924 W 32612352 2048 1
15925 W 32614400 2048 1
15926 W 32616448 2048 1
15927 W 32618496 2048 1
15928 W 32620544 2048 1
15929 W 32622592 2048 1
15930 W 32624640 2048 1
15931 W 32626688 2048 1
15932 W 32628736 2048 1
15933 W 32630784 2048 1
15934 W 32632832 2048 1
15935 W 32634880 2048 1
15936 W 32636928 2048 1
15937 W 32638976 2048 1
15938 W 32641024 2048 1
15939 W 32643072 2048 1
15940 W 32645120 2048 1
15941 W 32647168 2048 1
15942 W 32649216 2048 1
15943 W 32651264 2048 1
15944 W 32653312 2048 1
15945 W 32655360 2048 1
15946 W 32657408 2048 1
15947 W 32659456 2048 1
15948 W 32661504 2048 1
15949 W 32663552 2048 1
15950 W 32665600 2048 1
15951 W 32667648 2048 1
15952 W 32669696 2048 1
15953 W 32671744 2048 1
15954 W 32673792 2048 1
15955 W 32675840 2048 1
15956 W 32677888 2048 1
15957 W 32679936 2048 1
15958 W 32681984 2048 1
15959 W 32684032 2048 1
15960 W 32686080 2048 1
15961 W 32688128 2048 1
15962 W 32690176 2048 1
15963 W 32692224 2048 1
15964 W 32694272 2048 1
15965 W 32696320 2048 1
15966 W 32698368 2048 1
15967 W 32700416 2048 1
15968 W 32702464 2048 1
15969 W 32704512 2048 1
15970 W 32706560 2048 1
15971 W 32708608 2048 1
15972 W 32710656 2048 1
15973 W 32712704 2048 1
15974 W 32714752 2048 1
15975 W 32716800 2048 1
15976 W 32718848 2048 1
15977 W 32720896 2048 1
15978 W 32722944 2048 1
15979 W 32724992 2048 1
15980 W 32727040 2048 1
15981 W 32729088 2048 1
15982 W 32731136 2048 1
15983 W 32733184 2048 1
15984 W 32735232 2048 1
15985 W 32737280 2048 1
15986 W 32739328 2048 1
15987 W 32741376 2048 1
15988 W 32743424 2048 1
15989 W 32745472 2048 1
15990 W 32747520 2048 1
15991 W 32749568 2048 1
15992 W 32751616 2048 1
15993 W 32753664 2048 1
15994 W 32755712 2048 1
15995 W 32757760 2048 1
15996 W 32759808 2048 1
15997 W 32761856 2048 1
15998 W 32763904 2048 1
15999 W 32765952 2048 1
16000 W 32768000 2048 1
16001 W 32770048 2048 1
16002 W 32772096 2048 1
16003 W 32774144 2048 1
16004 W 32776192 2048 1
16005 W 32778240 2048 1
16006 W 32780288 2048 1
16007 W 32782336 2048 1
16008 W 32784384 2048 1
16009 W 32786432 2048 1
16010 W 32788480 2048 1
16011 W 32790528 2048 1
16012 W 32792576 2048 1
16013 W 32794624 2048 1
16014 W 32796672 2048 1
16015 W 32798720 2048 1
16016 W 32800768 2048 1
16017 W 32802816 2048 1
16018 W 32804864 2048 1
16019 W 32806912 2048 1
16020 W 32808960 2048 1
16021 W 32811008 2048 1
16022 W 32813056 2048 1
16023 W 32815104 2048 1
16024 W 32817152 2048 1
16025 W 32819200 2048 1
16026 W 32821248 2048 1
16027 W 32823296 2048 1
16028 W 32825344 2048 1
16029 W 32827392 2048 1
16030 W 32829440 2048 1
16031 W 32831488 2048 1
16032 W 32833536 2048 1
16033 W 32835584 2048 1
16034 W 32837632 2048 1
16035 W 32839680 2048 1
16036 W 32841728 2048 1
16037 W 32843776 2048 1
16038 W 32845824 2048 1
16039 W 32847872 2048 1
16040 W 32849920 2048 1
16041 W 32851968 2048 1
16042 W 32854016 2048 1
16043 W 32856064 2048 1
16044 W 32858112 2048 1
16045 W 32860160 2048 1
16046 W 32862208 2048 1
16047 W 32864256 2048 1
16048 W 32866304 2048 1
16049 W 32868352 2048 1
16050 W 32870400 2048 1
16051 W 32872448 2048 1
16052 W 32874496 2048 1
16053 W 32876544 2048 1
16054 W 32878592 2048 1
16055 W 32880640 2048 1
16056 W 32882688 2048 1
16057 W 32884736 2048 1
16058 W 32886784 2048 1
16059 W 32888832 2048 1
16060 W 32890880 2048 1
16061 W 32892928 2048 1
16062 W 32894976 2048 1
16063 W 32897024 2048 1
16064 W 32899072 2048 1
16065 W 32901120 2048 1
16066 W 32903168 2048 1
16067 W 32905216 2048 1
16068 W 32907264 2048 1
16069 W 32909312 2048 1
16070 W 32911360 2048 1
16071 W 32913408 2048 1
16072 W 32915456 2048 1
16073 W 32917504 2048 1
16074 W 32919552 2048 1
16075 W 32921600 2048 1
16076 W 32923648 2048 1
16077 W 32925696 2048 1
16078 W 32927744 2048 1
16079 W 32929792 2048 1
16080 W 32931840 2048 1
16081 W 32933888 2048 1
16082 W 32935936 2048 1
16083 W 32937984 2048 1
16084 W 32940032 2048 1
16085 W 32942080 2048 1
16086 W 32944128 2048 1
16087 W 32946176 2048 1
16088 W 32948224 2048 1
16089 W 32950272 2048 1
16090 W 32952320 2048 1
16091 W 32954368 2048 1
16092 W 32956416 2048 1
16093 W 32958464 2048 1
16094 W 32960512 2048 1
16095 W 32962560 2048 1
16096 W 32964608 2048 1
16097 W 32966656 2048 1
16098 W 32968704 2048 1
16099 W 32970752 2048 1
16100 W 32972800 2048 1
16101 W 32974848 2048 1
16102 W 32976896 2048 1
16103 W 32978944 2048 1
16104 W 32980992 2048 1
16105 W 32983040 2048 1
16106 W 32985088 2048 1
16107 W 32987136 2048 1
16108 W 32989184 2048 1
16109 W 32991232 2048 1
16110 W 32993280 2048 1
16111 W 32995328 2048 1
16112 W 32997376 2048 1
16113 W 32999424 2048 1
16114 W 33001472 2048 1
16115 W 33003520 2048 1
16116 W 33005568 2048 1
16117 W 33007616 2048 1
16118 W 33009664 2048 1
16119 W 33011712 2048 1
16120 W 33013760 2048 1
16121 W 33015808 2048 1
16122 W 33017856 2048 1
16123 W 33019904 2048 1
16124 W 33021952 2048 1
16125 W 33024000 2048 1
16126 W 33026048 2048 1
16127 W 33028096 2048 1
16128 W 33030144 2048 1
16129 W 33032192 2048 1
16130 W 33034240 2048 1
16131 W 33036288 2048 1
16132 W 33038336 2048 1
16133 W 33040384 2048 1
16134 W 33042432 2048 1
16135 W 33044480 2048 1
16136 W 33046528 2048 1
16137 W 33048576 2048 1
16138 W 33050624 2048 1
16139 W 33052672 2048 1
16140 W 33054720 2048 1
16141 W 33056768 2048 1
16142 W 33058816 2048 1
16143 W 33060864 2048 1
16144 W 33062912 2048 1
16145 W 33064960 2048 1
16146 W 33067008 2048 1
16147 W 33069056 2048 1
16148 W 33071104 2048 1
16149 W 33073152 2048 1
16150 W 33075200 2048 1
16151 W 33077248 2048 1
16152 W 33079296 2048 1
16153 W 33081344 2048 1
16154 W 33083392 2048 1
16155 W 33085440 2048 1
16156 W 33087488 2048 1
16157 W 33089536 2048 1
16158 W 33091584 2048 1
16159 W 33093632 2048 1
16160 W 33095680 2048 1
16161 W 33097728 2048 1
16162 W 33099776 2048 1
16163 W 33101824 2048 1
16164 W 33103872 2048 1
16165 W 33105920 2048 1
16166 W 33107968 2048 1
16167 W 33110016 2048 1
16168 W 33112064 2048 1
16169 W 33114112 2048 1
16170 W 33116160 2048 1
16171 W 33118208 2048 1
16172 W 33120256 2048 1
16173 W 33122304 2048 1
16174 W 33124352 2048 1
16175 W 33126400 2048 1
16176 W 33128448 2048 1
16177 W 33130496 2048 1
16178 W 33132544 2048 1
16179 W 33134592 2048 1
16180 W 33136640 2048 1
16181 W 33138688 2048 1
16182 W 33140736 2048 1
16183 W 33142784 2048 1
16184 W 33144832 2048 1
16185 W 33146880 2048 1
16186 W 33148928 2048 1
16187 W 33150976 2048 1
16188 W 33153024 2048 1
16189 W 33155072 2048 1
16190 W 33157120 2048 1
16191 W 33159168 2048 1
16192 W 33161216 2048 1
16193 W 33163264 2048 1
16194 W 33165312 2048 1
16195 W 33167360 2048 1
16196 W 33169408 2048 1
16197 W 33171456 2048 1
16198 W 33173504 2048 1
16199 W 33175552 2048 1
16200 W 33177600 2048 1
16201 W 33179648 2048 1
16202 W 33181696 2048 1
16203 W 33183744 2048 1
16204 W 33185792 2048 1
16205 W 33187840 2048 1
16206 W 33189888 2048 1
16207 W 33191936 2048 1
16208 W 33193984 2048 1
16209 W 33196032 2048 1
16210 W 33198080 2048 1
16211 W 33200128 2048 1
16212 W 33202176 2048 1
16213 W 33204224 2048 1
16214 W 33206272 2048 1
16215 W 33208320 2048 1
16216 W 33210368 2048 1
16217 W 33212416 2048 1
16218 W 33214464 2048 1
16219 W 33216512 2048 1
16220 W 33218560 2048 1
16221 W 33220608 2048 1
16222 W 33222656 2048 1
16223 W 33224704 2048 1
16224 W 33226752 2048 1
16225 W 33228800 2048 1
16226 W 33230848 2048 1
16227 W 33232896 2048 1
16228 W 33234944 2048 1
16229 W 33236992 2048 1
16230 W 33239040 2048 1
16231 W 33241088 2048 1
16232 W 33243136 2048 1
16233 W 33245184 2048 1
16234 W 33247232 2048 1
16235 W 33249280 2048 1
16236 W 33251328 2048 1
16237 W 33253376 2048 1
16238 W 33255424 2048 1
16239 W 33257472 2048 1
16240 W 33259520 2048 1
16241 W 33261568 2048 1
16242 W 33263616 2048 1
16243 W 33265664 2048 1
16244 W 33267712 2048 1
16245 W 33269760 2048 1
16246 W 33271808 2048 1
16247 W 33273856 2048 1
16248 W 33275904 2048 1
16249 W 33277952 2048 1
16250 W 33280000 2048 1
16251 W 33282048 2048 1
16252 W 33284096 2048 1
16253 W 33286144 2048 1
16254 W 33288192 2048 1
16255 W 33290240 2048 1
16256 W 33292288 2048 1
16257 W 33294336 2048 1
16258 W 33296384 2048 1
16259 W 33298432 2048 1
16260 W 33300480 2048 1
16261 W 33302528 2048 1
16262 W 33304576 2048 1
16263 W 33306624 2048 1
16264 W 33308672 2048 1
16265 W 33310720 2048 1
16266 W 33312768 2048 1
16267 W 33314816 2048 1
16268 W 33316864 2048 1
16269 W 33318912 2048 1
16270 W 33320960 2048 1
16271 W 33323008 2048 1
16272 W 33325056 2048 1
16273 W 33327104 2048 1
16274 W 33329152 2048 1
16275 W 33331200 2048 1
16276 W 33333248 2048 1
16277 W 33335296 2048 1
16278 W 33337344 2048 1
16279 W 33339392 2048 1
16280 W 33341440 2048 1
16281 W 33343488 2048 1
16282 W 33345536 2048 1
16283 W 33347584 2048 1
16284 W 33349632 2048 1
16285 W 33351680 2048 1
16286 W 33353728 2048 1
16287 W 33355776 2048 1
16288 W 33357824 2048 1
16289 W 33359872 2048 1
16290 W 33361920 2048 1
16291 W 33363968 2048 1
16292 W 33366016 2048 1
16293 W 33368064 2048 1
16294 W 33370112 2048 1
16295 W 33372160 2048 1
16296 W 33374208 2048 1
16297 W 33376256 2048 1
16298 W 33378304 2048 1
16299 W 33380352 2048 1
16300 W 33382400 2048 1
16301 W 33384448 2048 1
16302 W 33386496 2048 1
16303 W 33388544 2048 1
16304 W 33390592 2048 1
16305 W 33392640 2048 1
16306 W 33394688 2048 1
16307 W 33396736 2048 1
16308 W 33398784 2048 1
16309 W 33400832 2048 1
16310 W 33402880 2048 1
16311 W 33404928 2048 1
16312 W 33406976 2048 1
16313 W 33409024 2048 1
16314 W 33411072 2048 1
16315 W 33413120 2048 1
16316 W 33415168 2048 1
16317 W 33417216 2048 1
16318 W 33419264 2048 1
16319 W 33421312 2048 1
16320 W 33423360 2048 1
16321 W 33425408 2048 1
16322 W 33427456 2048 1
16323 W 33429504 2048 1
16324 W 33431552 2048 1
16325 W 33433600 2048 1
16326 W 33435648 2048 1
16327 W 33437696 2048 1
16328 W 33439744 2048 1
16329 W 33441792 2048 1
16330 W 33443840 2048 1
16331 W 33445888 2048 1
16332 W 33447936 2048 1
16333 W 33449984 2048 1
16334 W 33452032 2048 1
16335 W 33454080 2048 1
16336 W 33456128 2048 1
16337 W 33458176 2048 1
16338 W 33460224 2048 1
16339 W 33462272 2048 1
16340 W 33464320 2048 1
16341 W 33466368 2048 1
16342 W 33468416 2048 1
16343 W 33470464 2048 1
16344 W 33472512 2048 1
16345 W 33474560 2048 1
16346 W 33476608 2048 1
16347 W 33478656 2048 1
16348 W 33480704 2048 1
16349 W 33482752 2048 1
16350 W 33484800 2048 1
16351 W 33486848 2048 1
16352 W 33488896 2048 1
16353 W 33490944 2048 1
16354 W 33492992 2048 1
16355 W 33495040 2048 1
16356 W 33497088 2048 1
16357 W 33499136 2048 1
16358 W 33501184 2048 1
16359 W 33503232 2048 1
16360 W 33505280 2048 1
16361 W 33507328 2048 1
16362 W 33509376 2048 1
16363 W 33511424 2048 1
16364 W 33513472 2048 1
16365 W 33515520 2048 1
16366 W 33517568 2048 1
16367 W 33519616 2048 1
16368 W 33521664 2048 1
16369 W 33523712 2048 1
16370 W 33525760 2048 1
16371 W 33527808 2048 1
16372 W 33529856 2048 1
16373 W 33531904 2048 1
16374 W 33533952 2048 1
16375 W 33536000 2048 1
16376 W 33538048 2048 1
16377 W 33540096 2048 1
16378 W 33542144 2048 1
16379 W 33544192 2048 1
16380 W 33546240 2048 1
16381 W 33548288 2048 1
16382 W 33550336 2048 1
16383 W 33552384 2048 1
